JetBrains Amper version 0.9.2 (80094bb, 2025-12-11)
running on Linux 6.8.0-1044-azure jvm arch amd64

00:07.847 DEBUG :dice-roller:resolveDependenciesJvm ResolveExternalDependenciesTask resolve dependencies dice-roller -- main -- io.ktor:ktor-bom:3.2.3 io.ktor:ktor-server-core:3.2.3 io.ktor:ktor-server-html-builder:3.2.3 io.ktor:ktor-server-netty:3.2.3 io.ktor:ktor-server-status-pages:3.2.3 org.jetbrains.kotlin:kotlin-stdlib:2.2.21 -- resolvePlatform=jvm nativeTarget=null wasmTarget=null
00:07.865 DEBUG :dice-roller:resolveDependenciesJvm StateKt                   [inc] state file is missing or empty at '/workspaces/2850MiniProject/dice-roller/build/incremental.state/_dice-roller_resolveDependenciesJvm-00e50fe524' -> cache miss
00:07.867 DEBUG :dice-roller:resolveDependenciesJvm IncrementalCache          [inc] building ':dice-roller:resolveDependenciesJvm'
00:07.879 DEBUG :dice-roller:resolveDependenciesJvm StateKt                   [inc] state file is missing or empty at '/workspaces/2850MiniProject/dice-roller/build/incremental.state/Module_dependencies_graph__workspaces_2850MiniProj-bd11e1010e' -> cache miss
00:07.879 DEBUG :dice-roller:resolveDependenciesJvm IncrementalCache          [inc] building 'Module dependencies graph,/workspaces/2850MiniProject/dice-roller,JVM,false,ResolutionConfigPlain(scope=COMPILE, platforms=[JVM], repositories=[https://repo1.maven.org/maven2]),false,true,NETWORK'
00:09.049 DEBUG :dice-roller:resolveDependenciesJvm DependencyFileImpl        Not found URL: https://repo1.maven.org/maven2/org/jetbrains/kotlin/kotlin-stdlib/2.2.21/kotlin-stdlib-2.2.21.pom.sha512
00:09.050 DEBUG :dice-roller:resolveDependenciesJvm DependencyFileImpl        Downloaded https://repo1.maven.org/maven2/io/ktor/ktor-server-core/3.2.3/ktor-server-core-3.2.3.pom.sha512 for the dependency io.ktor:ktor-server-core:3.2.3
00:09.054 DEBUG :dice-roller:resolveDependenciesJvm DependencyFileImpl        Downloaded https://repo1.maven.org/maven2/ch/qos/logback/logback-classic/1.5.22/logback-classic-1.5.22.pom.sha512 for the dependency ch.qos.logback:logback-classic:1.5.22
00:09.059 DEBUG :dice-roller:resolveDependenciesJvm DependencyFileImpl        Downloaded https://repo1.maven.org/maven2/io/ktor/ktor-server-netty/3.2.3/ktor-server-netty-3.2.3.pom.sha512 for the dependency io.ktor:ktor-server-netty:3.2.3
00:09.090 DEBUG :dice-roller:resolveDependenciesJvm DependencyFileImpl        Downloaded https://repo1.maven.org/maven2/io/ktor/ktor-server-config-yaml/3.2.3/ktor-server-config-yaml-3.2.3.pom.sha512 for the dependency io.ktor:ktor-server-config-yaml:3.2.3
00:09.092 DEBUG :dice-roller:resolveDependenciesJvm DependencyFileImpl        Downloaded https://repo1.maven.org/maven2/io/ktor/ktor-server-status-pages/3.2.3/ktor-server-status-pages-3.2.3.pom.sha512 for the dependency io.ktor:ktor-server-status-pages:3.2.3
00:09.091 DEBUG :dice-roller:resolveDependenciesJvm DependencyFileImpl        Downloaded https://repo1.maven.org/maven2/io/ktor/ktor-bom/3.2.3/ktor-bom-3.2.3.pom.sha512 for the dependency io.ktor:ktor-bom:3.2.3
00:09.091 DEBUG :dice-roller:resolveDependenciesJvm DependencyFileImpl        Downloaded https://repo1.maven.org/maven2/io/ktor/ktor-server-html-builder/3.2.3/ktor-server-html-builder-3.2.3.pom.sha512 for the dependency io.ktor:ktor-server-html-builder:3.2.3
00:09.161 DEBUG :dice-roller:resolveDependenciesJvm DependencyFileImpl        Downloaded https://repo1.maven.org/maven2/ch/qos/logback/logback-classic/1.5.22/logback-classic-1.5.22.pom for the dependency ch.qos.logback:logback-classic:1.5.22
00:09.166 DEBUG :dice-roller:resolveDependenciesJvm DependencyFileImpl        Downloaded https://repo1.maven.org/maven2/io/ktor/ktor-server-config-yaml/3.2.3/ktor-server-config-yaml-3.2.3.pom for the dependency io.ktor:ktor-server-config-yaml:3.2.3
00:09.248 DEBUG :dice-roller:resolveDependenciesJvm DependencyFileImpl        Downloaded https://repo1.maven.org/maven2/io/ktor/ktor-server-html-builder/3.2.3/ktor-server-html-builder-3.2.3.pom for the dependency io.ktor:ktor-server-html-builder:3.2.3
00:09.249 DEBUG :dice-roller:resolveDependenciesJvm DependencyFileImpl        Downloaded https://repo1.maven.org/maven2/io/ktor/ktor-server-netty/3.2.3/ktor-server-netty-3.2.3.pom for the dependency io.ktor:ktor-server-netty:3.2.3
00:09.261 DEBUG :dice-roller:resolveDependenciesJvm DependencyFileImpl        Downloaded https://repo1.maven.org/maven2/io/ktor/ktor-server-core/3.2.3/ktor-server-core-3.2.3.pom for the dependency io.ktor:ktor-server-core:3.2.3
00:09.264 DEBUG :dice-roller:resolveDependenciesJvm DependencyFileImpl        Downloaded https://repo1.maven.org/maven2/io/ktor/ktor-bom/3.2.3/ktor-bom-3.2.3.pom for the dependency io.ktor:ktor-bom:3.2.3
00:09.272 DEBUG :dice-roller:resolveDependenciesJvm DependencyFileImpl        Downloaded https://repo1.maven.org/maven2/io/ktor/ktor-server-config-yaml/3.2.3/ktor-server-config-yaml-3.2.3.module.sha512 for the dependency io.ktor:ktor-server-config-yaml:3.2.3
00:09.262 DEBUG :dice-roller:resolveDependenciesJvm DependencyFileImpl        Downloaded https://repo1.maven.org/maven2/io/ktor/ktor-server-status-pages/3.2.3/ktor-server-status-pages-3.2.3.pom for the dependency io.ktor:ktor-server-status-pages:3.2.3
00:09.350 DEBUG :dice-roller:resolveDependenciesJvm DependencyFileImpl        Downloaded https://repo1.maven.org/maven2/io/ktor/ktor-server-config-yaml/3.2.3/ktor-server-config-yaml-3.2.3.module for the dependency io.ktor:ktor-server-config-yaml:3.2.3
00:09.360 DEBUG :dice-roller:resolveDependenciesJvm DependencyFileImpl        Downloaded https://repo1.maven.org/maven2/io/ktor/ktor-server-html-builder/3.2.3/ktor-server-html-builder-3.2.3.module.sha512 for the dependency io.ktor:ktor-server-html-builder:3.2.3
00:09.363 DEBUG :dice-roller:resolveDependenciesJvm DependencyFileImpl        Downloaded https://repo1.maven.org/maven2/io/ktor/ktor-bom/3.2.3/ktor-bom-3.2.3.module.sha512 for the dependency io.ktor:ktor-bom:3.2.3
00:09.370 DEBUG :dice-roller:resolveDependenciesJvm DependencyFileImpl        Downloaded https://repo1.maven.org/maven2/io/ktor/ktor-server-status-pages/3.2.3/ktor-server-status-pages-3.2.3.module.sha512 for the dependency io.ktor:ktor-server-status-pages:3.2.3
00:09.377 DEBUG :dice-roller:resolveDependenciesJvm DependencyFileImpl        Downloaded https://repo1.maven.org/maven2/io/ktor/ktor-server-netty/3.2.3/ktor-server-netty-3.2.3.module.sha512 for the dependency io.ktor:ktor-server-netty:3.2.3
00:09.381 DEBUG :dice-roller:resolveDependenciesJvm DependencyFileImpl        Downloaded https://repo1.maven.org/maven2/io/ktor/ktor-server-core/3.2.3/ktor-server-core-3.2.3.module.sha512 for the dependency io.ktor:ktor-server-core:3.2.3
00:09.404 DEBUG :dice-roller:resolveDependenciesJvm DependencyFileImpl        Downloaded https://repo1.maven.org/maven2/io/ktor/ktor-server-html-builder/3.2.3/ktor-server-html-builder-3.2.3.module for the dependency io.ktor:ktor-server-html-builder:3.2.3
00:09.552 DEBUG :dice-roller:resolveDependenciesJvm DependencyFileImpl        Downloaded https://repo1.maven.org/maven2/io/ktor/ktor-bom/3.2.3/ktor-bom-3.2.3.module for the dependency io.ktor:ktor-bom:3.2.3
00:09.563 DEBUG :dice-roller:resolveDependenciesJvm DependencyFileImpl        Not found URL: https://maven.google.com/org/jetbrains/kotlin/kotlin-stdlib/2.2.21/kotlin-stdlib-2.2.21.pom.sha512
00:09.572 DEBUG :dice-roller:resolveDependenciesJvm DependencyFileImpl        Downloaded https://repo1.maven.org/maven2/io/ktor/ktor-server-netty/3.2.3/ktor-server-netty-3.2.3.module for the dependency io.ktor:ktor-server-netty:3.2.3
00:09.580 DEBUG :dice-roller:resolveDependenciesJvm DependencyFileImpl        Downloaded https://repo1.maven.org/maven2/io/ktor/ktor-server-status-pages/3.2.3/ktor-server-status-pages-3.2.3.module for the dependency io.ktor:ktor-server-status-pages:3.2.3
00:09.630 DEBUG :dice-roller:resolveDependenciesJvm DependencyFileImpl        Downloaded https://repo1.maven.org/maven2/io/ktor/ktor-server-core/3.2.3/ktor-server-core-3.2.3.module for the dependency io.ktor:ktor-server-core:3.2.3
00:09.642 DEBUG :dice-roller:resolveDependenciesJvm DependencyFileImpl        Downloaded https://repo1.maven.org/maven2/io/ktor/ktor-server-config-yaml-jvm/3.2.3/ktor-server-config-yaml-jvm-3.2.3.pom.sha512 for the dependency io.ktor:ktor-server-config-yaml-jvm:3.2.3
00:09.642 DEBUG :dice-roller:resolveDependenciesJvm DependencyFileImpl        Downloaded https://repo1.maven.org/maven2/io/ktor/ktor-server-html-builder-jvm/3.2.3/ktor-server-html-builder-jvm-3.2.3.pom.sha512 for the dependency io.ktor:ktor-server-html-builder-jvm:3.2.3
00:09.774 DEBUG :dice-roller:resolveDependenciesJvm DependencyFileImpl        Not found URL: https://maven.pkg.jetbrains.space/public/p/compose/dev/org/jetbrains/kotlin/kotlin-stdlib/2.2.21/kotlin-stdlib-2.2.21.pom.sha512
00:09.811 DEBUG :dice-roller:resolveDependenciesJvm DependencyFileImpl        Downloaded https://repo1.maven.org/maven2/io/ktor/ktor-server-html-builder-jvm/3.2.3/ktor-server-html-builder-jvm-3.2.3.pom for the dependency io.ktor:ktor-server-html-builder-jvm:3.2.3
00:09.817 DEBUG :dice-roller:resolveDependenciesJvm DependencyFileImpl        Downloaded https://repo1.maven.org/maven2/io/ktor/ktor-server-config-yaml-jvm/3.2.3/ktor-server-config-yaml-jvm-3.2.3.pom for the dependency io.ktor:ktor-server-config-yaml-jvm:3.2.3
00:09.873 DEBUG :dice-roller:resolveDependenciesJvm DependencyFileImpl        Not found URL: https://repo1.maven.org/maven2/org/jetbrains/kotlin/kotlin-stdlib/2.2.21/kotlin-stdlib-2.2.21.pom.sha256
00:09.989 DEBUG :dice-roller:resolveDependenciesJvm DependencyFileImpl        Downloaded https://repo1.maven.org/maven2/io/ktor/ktor-server-netty-jvm/3.2.3/ktor-server-netty-jvm-3.2.3.pom.sha512 for the dependency io.ktor:ktor-server-netty-jvm:3.2.3
00:10.017 DEBUG :dice-roller:resolveDependenciesJvm DependencyFileImpl        Downloaded https://repo1.maven.org/maven2/io/ktor/ktor-server-status-pages-jvm/3.2.3/ktor-server-status-pages-jvm-3.2.3.pom.sha512 for the dependency io.ktor:ktor-server-status-pages-jvm:3.2.3
00:10.019 DEBUG :dice-roller:resolveDependenciesJvm DependencyFileImpl        Downloaded https://repo1.maven.org/maven2/io/ktor/ktor-server-netty-jvm/3.2.3/ktor-server-netty-jvm-3.2.3.pom for the dependency io.ktor:ktor-server-netty-jvm:3.2.3
00:10.029 DEBUG :dice-roller:resolveDependenciesJvm DependencyFileImpl        Downloaded https://repo1.maven.org/maven2/io/ktor/ktor-server-html-builder-jvm/3.2.3/ktor-server-html-builder-jvm-3.2.3.module.sha512 for the dependency io.ktor:ktor-server-html-builder-jvm:3.2.3
00:10.038 DEBUG :dice-roller:resolveDependenciesJvm DependencyFileImpl        Downloaded https://repo1.maven.org/maven2/io/ktor/ktor-server-config-yaml-jvm/3.2.3/ktor-server-config-yaml-jvm-3.2.3.module.sha512 for the dependency io.ktor:ktor-server-config-yaml-jvm:3.2.3
00:10.043 DEBUG :dice-roller:resolveDependenciesJvm DependencyFileImpl        Downloaded https://repo1.maven.org/maven2/ch/qos/logback/logback-parent/1.5.22/logback-parent-1.5.22.pom.sha512 for the dependency ch.qos.logback:logback-parent:1.5.22
00:10.044 DEBUG :dice-roller:resolveDependenciesJvm DependencyFileImpl        Downloaded https://repo1.maven.org/maven2/io/ktor/ktor-server-core-jvm/3.2.3/ktor-server-core-jvm-3.2.3.pom.sha512 for the dependency io.ktor:ktor-server-core-jvm:3.2.3
00:10.053 DEBUG :dice-roller:resolveDependenciesJvm DependencyFileImpl        Downloaded https://repo1.maven.org/maven2/io/ktor/ktor-server-status-pages-jvm/3.2.3/ktor-server-status-pages-jvm-3.2.3.pom for the dependency io.ktor:ktor-server-status-pages-jvm:3.2.3
00:10.060 DEBUG :dice-roller:resolveDependenciesJvm DependencyFileImpl        Not found URL: https://maven.google.com/org/jetbrains/kotlin/kotlin-stdlib/2.2.21/kotlin-stdlib-2.2.21.pom.sha256
00:10.060 DEBUG :dice-roller:resolveDependenciesJvm DependencyFileImpl        Downloaded https://repo1.maven.org/maven2/io/ktor/ktor-server-netty-jvm/3.2.3/ktor-server-netty-jvm-3.2.3.module.sha512 for the dependency io.ktor:ktor-server-netty-jvm:3.2.3
00:10.067 DEBUG :dice-roller:resolveDependenciesJvm DependencyFileImpl        Downloaded https://repo1.maven.org/maven2/io/ktor/ktor-server-config-yaml-jvm/3.2.3/ktor-server-config-yaml-jvm-3.2.3.module for the dependency io.ktor:ktor-server-config-yaml-jvm:3.2.3
00:10.090 DEBUG :dice-roller:resolveDependenciesJvm DependencyFileImpl        Downloaded https://repo1.maven.org/maven2/io/ktor/ktor-server-html-builder-jvm/3.2.3/ktor-server-html-builder-jvm-3.2.3.module for the dependency io.ktor:ktor-server-html-builder-jvm:3.2.3
00:10.092 DEBUG :dice-roller:resolveDependenciesJvm DependencyFileImpl        Not found URL: https://maven.pkg.jetbrains.space/public/p/compose/dev/org/jetbrains/kotlin/kotlin-stdlib/2.2.21/kotlin-stdlib-2.2.21.pom.sha256
00:10.101 DEBUG :dice-roller:resolveDependenciesJvm DependencyFileImpl        Downloaded https://repo1.maven.org/maven2/io/ktor/ktor-server-netty-jvm/3.2.3/ktor-server-netty-jvm-3.2.3.module for the dependency io.ktor:ktor-server-netty-jvm:3.2.3
00:10.106 DEBUG :dice-roller:resolveDependenciesJvm DependencyFileImpl        Downloaded https://repo1.maven.org/maven2/io/ktor/ktor-server-core-jvm/3.2.3/ktor-server-core-jvm-3.2.3.pom for the dependency io.ktor:ktor-server-core-jvm:3.2.3
00:10.107 DEBUG :dice-roller:resolveDependenciesJvm DependencyFileImpl        Downloaded https://repo1.maven.org/maven2/ch/qos/logback/logback-parent/1.5.22/logback-parent-1.5.22.pom for the dependency ch.qos.logback:logback-parent:1.5.22
00:10.117 DEBUG :dice-roller:resolveDependenciesJvm DependencyFileImpl        Downloaded https://repo1.maven.org/maven2/io/ktor/ktor-server-status-pages-jvm/3.2.3/ktor-server-status-pages-jvm-3.2.3.module.sha512 for the dependency io.ktor:ktor-server-status-pages-jvm:3.2.3
00:10.201 DEBUG :dice-roller:resolveDependenciesJvm DependencyFileImpl        Not found URL: https://repo1.maven.org/maven2/org/slf4j/slf4j-api/2.0.17/slf4j-api-2.0.17.pom.sha512
00:10.203 DEBUG :dice-roller:resolveDependenciesJvm DependencyFileImpl        Downloaded https://repo1.maven.org/maven2/org/jetbrains/kotlinx/kotlinx-coroutines-core/1.10.2/kotlinx-coroutines-core-1.10.2.pom.sha512 for the dependency org.jetbrains.kotlinx:kotlinx-coroutines-core:1.10.2
00:10.279 DEBUG :dice-roller:resolveDependenciesJvm DependencyFileImpl        Downloaded https://repo1.maven.org/maven2/io/ktor/ktor-server-status-pages-jvm/3.2.3/ktor-server-status-pages-jvm-3.2.3.module for the dependency io.ktor:ktor-server-status-pages-jvm:3.2.3
00:10.303 DEBUG :dice-roller:resolveDependenciesJvm DependencyFileImpl        Downloaded https://repo1.maven.org/maven2/org/jetbrains/kotlinx/kotlinx-coroutines-core/1.10.2/kotlinx-coroutines-core-1.10.2.pom for the dependency org.jetbrains.kotlinx:kotlinx-coroutines-core:1.10.2
00:10.311 DEBUG :dice-roller:resolveDependenciesJvm DependencyFileImpl        Downloaded https://repo1.maven.org/maven2/com/charleskorn/kaml/kaml/0.77.1/kaml-0.77.1.pom.sha512 for the dependency com.charleskorn.kaml:kaml:0.77.1
00:10.327 DEBUG :dice-roller:resolveDependenciesJvm DependencyFileImpl        Downloaded https://repo1.maven.org/maven2/io/netty/netty-codec-http2/4.2.2.Final/netty-codec-http2-4.2.2.Final.pom.sha512 for the dependency io.netty:netty-codec-http2:4.2.2.Final
00:10.338 DEBUG :dice-roller:resolveDependenciesJvm DependencyFileImpl        Downloaded https://repo1.maven.org/maven2/io/netty/netty-transport-native-kqueue/4.2.2.Final/netty-transport-native-kqueue-4.2.2.Final.pom.sha512 for the dependency io.netty:netty-transport-native-kqueue:4.2.2.Final
00:10.344 DEBUG :dice-roller:resolveDependenciesJvm DependencyFileImpl        Downloaded https://repo1.maven.org/maven2/io/netty/netty-transport-native-epoll/4.2.2.Final/netty-transport-native-epoll-4.2.2.Final.pom.sha512 for the dependency io.netty:netty-transport-native-epoll:4.2.2.Final
00:10.352 DEBUG :dice-roller:resolveDependenciesJvm DependencyFileImpl        Downloaded https://repo1.maven.org/maven2/io/ktor/ktor-server-core-jvm/3.2.3/ktor-server-core-jvm-3.2.3.module.sha512 for the dependency io.ktor:ktor-server-core-jvm:3.2.3
00:10.362 DEBUG :dice-roller:resolveDependenciesJvm DependencyFileImpl        Downloaded https://repo1.maven.org/maven2/org/jetbrains/kotlinx/kotlinx-html/0.12.0/kotlinx-html-0.12.0.pom.sha512 for the dependency org.jetbrains.kotlinx:kotlinx-html:0.12.0
00:10.368 DEBUG :dice-roller:resolveDependenciesJvm DependencyFileImpl        Downloaded https://repo1.maven.org/maven2/io/netty/netty-codec-http2/4.2.2.Final/netty-codec-http2-4.2.2.Final.pom for the dependency io.netty:netty-codec-http2:4.2.2.Final
00:10.372 DEBUG :dice-roller:resolveDependenciesJvm DependencyFileImpl        Downloaded https://repo1.maven.org/maven2/com/charleskorn/kaml/kaml/0.77.1/kaml-0.77.1.pom for the dependency com.charleskorn.kaml:kaml:0.77.1
00:10.377 DEBUG :dice-roller:resolveDependenciesJvm DependencyFileImpl        Downloaded https://repo1.maven.org/maven2/org/jetbrains/kotlinx/kotlinx-coroutines-core/1.10.2/kotlinx-coroutines-core-1.10.2.module.sha512 for the dependency org.jetbrains.kotlinx:kotlinx-coroutines-core:1.10.2
00:10.378 DEBUG :dice-roller:resolveDependenciesJvm DependencyFileImpl        Not found URL: https://maven.google.com/org/slf4j/slf4j-api/2.0.17/slf4j-api-2.0.17.pom.sha512
00:10.408 DEBUG :dice-roller:resolveDependenciesJvm DependencyFileImpl        Downloaded https://repo1.maven.org/maven2/io/netty/netty-transport-native-kqueue/4.2.2.Final/netty-transport-native-kqueue-4.2.2.Final.pom for the dependency io.netty:netty-transport-native-kqueue:4.2.2.Final
00:10.409 DEBUG :dice-roller:resolveDependenciesJvm DependencyFileImpl        Downloaded https://repo1.maven.org/maven2/io/netty/netty-transport-native-epoll/4.2.2.Final/netty-transport-native-epoll-4.2.2.Final.pom for the dependency io.netty:netty-transport-native-epoll:4.2.2.Final
00:10.417 DEBUG :dice-roller:resolveDependenciesJvm DependencyFileImpl        Downloaded https://repo1.maven.org/maven2/io/ktor/ktor-server-core-jvm/3.2.3/ktor-server-core-jvm-3.2.3.module for the dependency io.ktor:ktor-server-core-jvm:3.2.3
00:10.420 DEBUG :dice-roller:resolveDependenciesJvm DependencyFileImpl        Downloaded https://repo1.maven.org/maven2/org/jetbrains/kotlinx/kotlinx-html/0.12.0/kotlinx-html-0.12.0.pom for the dependency org.jetbrains.kotlinx:kotlinx-html:0.12.0
00:10.462 DEBUG :dice-roller:resolveDependenciesJvm DependencyFileImpl        Not found URL: https://maven.pkg.jetbrains.space/public/p/compose/dev/org/slf4j/slf4j-api/2.0.17/slf4j-api-2.0.17.pom.sha512
00:10.491 DEBUG :dice-roller:resolveDependenciesJvm DependencyFileImpl        Not found URL: https://repo1.maven.org/maven2/net/mamoe/yamlkt/yamlkt/0.13.0/yamlkt-0.13.0.pom.sha512
00:10.492 DEBUG :dice-roller:resolveDependenciesJvm DependencyFileImpl        Downloaded https://repo1.maven.org/maven2/org/jetbrains/kotlinx/kotlinx-coroutines-core/1.10.2/kotlinx-coroutines-core-1.10.2.module for the dependency org.jetbrains.kotlinx:kotlinx-coroutines-core:1.10.2
00:10.522 DEBUG :dice-roller:resolveDependenciesJvm DependencyFileImpl        Not found URL: https://repo1.maven.org/maven2/org/slf4j/slf4j-api/2.0.17/slf4j-api-2.0.17.pom.sha256
00:10.562 DEBUG :dice-roller:resolveDependenciesJvm DependencyFileImpl        Downloaded https://repo1.maven.org/maven2/com/charleskorn/kaml/kaml/0.77.1/kaml-0.77.1.module.sha512 for the dependency com.charleskorn.kaml:kaml:0.77.1
00:10.573 DEBUG :dice-roller:resolveDependenciesJvm DependencyFileImpl        Not found URL: https://repo1.maven.org/maven2/org/eclipse/jetty/alpn/alpn-api/1.1.3.v20160715/alpn-api-1.1.3.v20160715.pom.sha512
00:10.614 DEBUG :dice-roller:resolveDependenciesJvm DependencyFileImpl        Downloaded https://repo1.maven.org/maven2/ch/qos/logback/logback-core/1.5.22/logback-core-1.5.22.pom.sha512 for the dependency ch.qos.logback:logback-core:1.5.22
00:10.679 DEBUG :dice-roller:resolveDependenciesJvm DependencyFileImpl        Downloaded https://repo1.maven.org/maven2/com/charleskorn/kaml/kaml/0.77.1/kaml-0.77.1.module for the dependency com.charleskorn.kaml:kaml:0.77.1
00:10.712 DEBUG :dice-roller:resolveDependenciesJvm DependencyFileImpl        Downloaded https://repo1.maven.org/maven2/ch/qos/logback/logback-core/1.5.22/logback-core-1.5.22.pom for the dependency ch.qos.logback:logback-core:1.5.22
00:10.718 DEBUG :dice-roller:resolveDependenciesJvm DependencyFileImpl        Downloaded https://repo1.maven.org/maven2/io/ktor/ktor-http-cio/3.2.3/ktor-http-cio-3.2.3.pom.sha512 for the dependency io.ktor:ktor-http-cio:3.2.3
00:10.733 DEBUG :dice-roller:resolveDependenciesJvm DependencyFileImpl        Not found URL: https://maven.google.com/org/eclipse/jetty/alpn/alpn-api/1.1.3.v20160715/alpn-api-1.1.3.v20160715.pom.sha512
00:10.737 DEBUG :dice-roller:resolveDependenciesJvm DependencyFileImpl        Downloaded https://repo1.maven.org/maven2/io/ktor/ktor-http/3.2.3/ktor-http-3.2.3.pom.sha512 for the dependency io.ktor:ktor-http:3.2.3
00:10.741 DEBUG :dice-roller:resolveDependenciesJvm DependencyFileImpl        Downloaded https://repo1.maven.org/maven2/io/netty/netty-parent/4.2.2.Final/netty-parent-4.2.2.Final.pom.sha512 for the dependency io.netty:netty-parent:4.2.2.Final
00:10.751 DEBUG :dice-roller:resolveDependenciesJvm DependencyFileImpl        Downloaded https://repo1.maven.org/maven2/io/ktor/ktor-events/3.2.3/ktor-events-3.2.3.pom.sha512 for the dependency io.ktor:ktor-events:3.2.3
00:10.754 DEBUG :dice-roller:resolveDependenciesJvm DependencyFileImpl        Downloaded https://repo1.maven.org/maven2/org/jetbrains/kotlinx/kotlinx-html/0.12.0/kotlinx-html-0.12.0.module.sha512 for the dependency org.jetbrains.kotlinx:kotlinx-html:0.12.0
00:10.754 DEBUG :dice-roller:resolveDependenciesJvm DependencyFileImpl        Downloaded https://repo1.maven.org/maven2/io/ktor/ktor-serialization/3.2.3/ktor-serialization-3.2.3.pom.sha512 for the dependency io.ktor:ktor-serialization:3.2.3
00:10.760 DEBUG :dice-roller:resolveDependenciesJvm DependencyFileImpl        Not found URL: https://repo1.maven.org/maven2/org/jetbrains/kotlin/kotlin-reflect/2.1.21/kotlin-reflect-2.1.21.pom.sha512
00:10.786 DEBUG :dice-roller:resolveDependenciesJvm DependencyFileImpl        Downloaded https://repo1.maven.org/maven2/org/jetbrains/kotlinx/kotlinx-coroutines-core-jvm/1.10.2/kotlinx-coroutines-core-jvm-1.10.2.pom.sha512 for the dependency org.jetbrains.kotlinx:kotlinx-coroutines-core-jvm:1.10.2
00:10.788 DEBUG :dice-roller:resolveDependenciesJvm DependencyFileImpl        Downloaded https://repo1.maven.org/maven2/io/ktor/ktor-utils/3.2.3/ktor-utils-3.2.3.pom.sha512 for the dependency io.ktor:ktor-utils:3.2.3
00:10.791 DEBUG :dice-roller:resolveDependenciesJvm DependencyFileImpl        Not found URL: https://maven.pkg.jetbrains.space/public/p/compose/dev/org/eclipse/jetty/alpn/alpn-api/1.1.3.v20160715/alpn-api-1.1.3.v20160715.pom.sha512
00:10.792 DEBUG :dice-roller:resolveDependenciesJvm DependencyFileImpl        Downloaded https://repo1.maven.org/maven2/io/ktor/ktor-http-cio/3.2.3/ktor-http-cio-3.2.3.pom for the dependency io.ktor:ktor-http-cio:3.2.3
00:10.788 DEBUG :dice-roller:resolveDependenciesJvm DependencyFileImpl        Downloaded https://repo1.maven.org/maven2/io/ktor/ktor-websockets/3.2.3/ktor-websockets-3.2.3.pom.sha512 for the dependency io.ktor:ktor-websockets:3.2.3
00:10.797 DEBUG :dice-roller:resolveDependenciesJvm DependencyFileImpl        Downloaded https://repo1.maven.org/maven2/com/charleskorn/kaml/kaml-jvm/0.77.1/kaml-jvm-0.77.1.pom.sha512 for the dependency com.charleskorn.kaml:kaml-jvm:0.77.1
00:10.799 DEBUG :dice-roller:resolveDependenciesJvm DependencyFileImpl        Not found URL: https://repo1.maven.org/maven2/org/fusesource/jansi/jansi/2.4.2/jansi-2.4.2.pom.sha512
00:10.813 DEBUG :dice-roller:resolveDependenciesJvm DependencyFileImpl        Downloaded https://repo1.maven.org/maven2/io/ktor/ktor-http/3.2.3/ktor-http-3.2.3.pom for the dependency io.ktor:ktor-http:3.2.3
00:10.815 DEBUG :dice-roller:resolveDependenciesJvm DependencyFileImpl        Downloaded https://repo1.maven.org/maven2/io/ktor/ktor-serialization/3.2.3/ktor-serialization-3.2.3.pom for the dependency io.ktor:ktor-serialization:3.2.3
00:10.819 DEBUG :dice-roller:resolveDependenciesJvm DependencyFileImpl        Downloaded https://repo1.maven.org/maven2/io/ktor/ktor-events/3.2.3/ktor-events-3.2.3.pom for the dependency io.ktor:ktor-events:3.2.3
00:10.849 DEBUG :dice-roller:resolveDependenciesJvm DependencyFileImpl        Not found URL: https://maven.google.com/net/mamoe/yamlkt/yamlkt/0.13.0/yamlkt-0.13.0.pom.sha512
00:10.861 DEBUG :dice-roller:resolveDependenciesJvm DependencyFileImpl        Downloaded https://repo1.maven.org/maven2/org/jetbrains/kotlinx/kotlinx-coroutines-core-jvm/1.10.2/kotlinx-coroutines-core-jvm-1.10.2.pom for the dependency org.jetbrains.kotlinx:kotlinx-coroutines-core-jvm:1.10.2
00:10.861 DEBUG :dice-roller:resolveDependenciesJvm DependencyFileImpl        Downloaded https://repo1.maven.org/maven2/org/jetbrains/kotlinx/kotlinx-html/0.12.0/kotlinx-html-0.12.0.module for the dependency org.jetbrains.kotlinx:kotlinx-html:0.12.0
00:10.867 DEBUG :dice-roller:resolveDependenciesJvm DependencyFileImpl        Downloaded https://repo1.maven.org/maven2/io/netty/netty-parent/4.2.2.Final/netty-parent-4.2.2.Final.pom for the dependency io.netty:netty-parent:4.2.2.Final
00:10.872 DEBUG :dice-roller:resolveDependenciesJvm DependencyFileImpl        Downloaded https://repo1.maven.org/maven2/io/ktor/ktor-utils/3.2.3/ktor-utils-3.2.3.pom for the dependency io.ktor:ktor-utils:3.2.3
00:10.872 DEBUG :dice-roller:resolveDependenciesJvm DependencyFileImpl        Downloaded https://repo1.maven.org/maven2/io/ktor/ktor-websockets/3.2.3/ktor-websockets-3.2.3.pom for the dependency io.ktor:ktor-websockets:3.2.3
00:10.941 DEBUG :dice-roller:resolveDependenciesJvm DependencyFileImpl        Downloaded https://repo1.maven.org/maven2/com/charleskorn/kaml/kaml-jvm/0.77.1/kaml-jvm-0.77.1.pom for the dependency com.charleskorn.kaml:kaml-jvm:0.77.1
00:10.958 DEBUG :dice-roller:resolveDependenciesJvm DependencyFileImpl        Not found URL: https://repo1.maven.org/maven2/com/typesafe/config/1.4.3/config-1.4.3.pom.sha512
00:10.998 DEBUG :dice-roller:resolveDependenciesJvm DependencyFileImpl        Downloaded https://repo1.maven.org/maven2/io/ktor/ktor-http-cio/3.2.3/ktor-http-cio-3.2.3.module.sha512 for the dependency io.ktor:ktor-http-cio:3.2.3
00:11.007 DEBUG :dice-roller:resolveDependenciesJvm DependencyFileImpl        Downloaded https://repo1.maven.org/maven2/io/ktor/ktor-http/3.2.3/ktor-http-3.2.3.module.sha512 for the dependency io.ktor:ktor-http:3.2.3
00:11.015 DEBUG :dice-roller:resolveDependenciesJvm DependencyFileImpl        Downloaded https://repo1.maven.org/maven2/io/ktor/ktor-events/3.2.3/ktor-events-3.2.3.module.sha512 for the dependency io.ktor:ktor-events:3.2.3
00:11.015 DEBUG :dice-roller:resolveDependenciesJvm DependencyFileImpl        Downloaded https://repo1.maven.org/maven2/io/ktor/ktor-serialization/3.2.3/ktor-serialization-3.2.3.module.sha512 for the dependency io.ktor:ktor-serialization:3.2.3
00:11.034 DEBUG :dice-roller:resolveDependenciesJvm DependencyFileImpl        Not found URL: https://maven.google.com/org/slf4j/slf4j-api/2.0.17/slf4j-api-2.0.17.pom.sha256
00:11.035 DEBUG :dice-roller:resolveDependenciesJvm DependencyFileImpl        Not found URL: https://maven.pkg.jetbrains.space/public/p/compose/dev/net/mamoe/yamlkt/yamlkt/0.13.0/yamlkt-0.13.0.pom.sha512
00:11.073 DEBUG :dice-roller:resolveDependenciesJvm DependencyFileImpl        Downloaded https://repo1.maven.org/maven2/io/ktor/ktor-http/3.2.3/ktor-http-3.2.3.module for the dependency io.ktor:ktor-http:3.2.3
00:11.087 DEBUG :dice-roller:resolveDependenciesJvm DependencyFileImpl        Not found URL: https://maven.google.com/org/fusesource/jansi/jansi/2.4.2/jansi-2.4.2.pom.sha512
00:11.095 DEBUG :dice-roller:resolveDependenciesJvm DependencyFileImpl        Downloaded https://repo1.maven.org/maven2/io/ktor/ktor-serialization/3.2.3/ktor-serialization-3.2.3.module for the dependency io.ktor:ktor-serialization:3.2.3
00:11.109 DEBUG :dice-roller:resolveDependenciesJvm DependencyFileImpl        Not found URL: https://maven.google.com/org/jetbrains/kotlin/kotlin-reflect/2.1.21/kotlin-reflect-2.1.21.pom.sha512
00:11.110 DEBUG :dice-roller:resolveDependenciesJvm DependencyFileImpl        Not found URL: https://repo1.maven.org/maven2/org/eclipse/jetty/alpn/alpn-api/1.1.3.v20160715/alpn-api-1.1.3.v20160715.pom.sha256
00:11.122 DEBUG :dice-roller:resolveDependenciesJvm DependencyFileImpl        Not found URL: https://maven.pkg.jetbrains.space/public/p/compose/dev/org/slf4j/slf4j-api/2.0.17/slf4j-api-2.0.17.pom.sha256
00:11.127 DEBUG :dice-roller:resolveDependenciesJvm DependencyFileImpl        Downloaded https://repo1.maven.org/maven2/io/ktor/ktor-events/3.2.3/ktor-events-3.2.3.module for the dependency io.ktor:ktor-events:3.2.3
00:11.133 DEBUG :dice-roller:resolveDependenciesJvm DependencyFileImpl        Downloaded https://repo1.maven.org/maven2/io/ktor/ktor-http-cio/3.2.3/ktor-http-cio-3.2.3.module for the dependency io.ktor:ktor-http-cio:3.2.3
00:11.160 DEBUG :dice-roller:resolveDependenciesJvm DependencyFileImpl        Not found URL: https://maven.google.com/com/typesafe/config/1.4.3/config-1.4.3.pom.sha512
00:11.168 DEBUG :dice-roller:resolveDependenciesJvm DependencyFileImpl        Not found URL: https://maven.pkg.jetbrains.space/public/p/compose/dev/org/fusesource/jansi/jansi/2.4.2/jansi-2.4.2.pom.sha512
00:11.182 DEBUG :dice-roller:resolveDependenciesJvm DependencyFileImpl        Not found URL: https://maven.pkg.jetbrains.space/public/p/compose/dev/org/jetbrains/kotlin/kotlin-reflect/2.1.21/kotlin-reflect-2.1.21.pom.sha512
00:11.188 DEBUG :dice-roller:resolveDependenciesJvm DependencyFileImpl        Downloaded https://repo1.maven.org/maven2/org/slf4j/slf4j-api/2.0.17/slf4j-api-2.0.17.pom.sha1 for the dependency org.slf4j:slf4j-api:2.0.17
00:11.201 DEBUG :dice-roller:resolveDependenciesJvm DependencyFileImpl        Not found URL: https://maven.pkg.jetbrains.space/public/p/compose/dev/com/typesafe/config/1.4.3/config-1.4.3.pom.sha512
00:11.208 DEBUG :dice-roller:resolveDependenciesJvm DependencyFileImpl        Downloaded https://repo1.maven.org/maven2/io/ktor/ktor-utils/3.2.3/ktor-utils-3.2.3.module.sha512 for the dependency io.ktor:ktor-utils:3.2.3
00:11.217 DEBUG :dice-roller:resolveDependenciesJvm DependencyFileImpl        Not found URL: https://repo1.maven.org/maven2/org/fusesource/jansi/jansi/2.4.2/jansi-2.4.2.pom.sha256
00:11.244 DEBUG :dice-roller:resolveDependenciesJvm DependencyFileImpl        Downloaded https://repo1.maven.org/maven2/org/jetbrains/kotlinx/kotlinx-coroutines-core-jvm/1.10.2/kotlinx-coroutines-core-jvm-1.10.2.module.sha512 for the dependency org.jetbrains.kotlinx:kotlinx-coroutines-core-jvm:1.10.2
00:11.316 DEBUG :dice-roller:resolveDependenciesJvm DependencyFileImpl        Downloaded https://repo1.maven.org/maven2/org/jetbrains/kotlinx/kotlinx-html-jvm/0.12.0/kotlinx-html-jvm-0.12.0.pom.sha512 for the dependency org.jetbrains.kotlinx:kotlinx-html-jvm:0.12.0
00:11.318 DEBUG :dice-roller:resolveDependenciesJvm DependencyFileImpl        Downloaded https://repo1.maven.org/maven2/org/slf4j/slf4j-api/2.0.17/slf4j-api-2.0.17.pom for the dependency org.slf4j:slf4j-api:2.0.17
00:11.319 DEBUG :dice-roller:resolveDependenciesJvm DependencyFileImpl        Downloaded https://repo1.maven.org/maven2/com/charleskorn/kaml/kaml-jvm/0.77.1/kaml-jvm-0.77.1.module.sha512 for the dependency com.charleskorn.kaml:kaml-jvm:0.77.1
00:11.324 DEBUG :dice-roller:resolveDependenciesJvm DependencyFileImpl        Not found URL: https://repo1.maven.org/maven2/net/mamoe/yamlkt/yamlkt/0.13.0/yamlkt-0.13.0.pom.sha256
00:11.330 DEBUG :dice-roller:resolveDependenciesJvm DependencyFileImpl        Not found URL: https://maven.google.com/org/eclipse/jetty/alpn/alpn-api/1.1.3.v20160715/alpn-api-1.1.3.v20160715.pom.sha256
00:11.342 DEBUG :dice-roller:resolveDependenciesJvm DependencyFileImpl        Downloaded https://repo1.maven.org/maven2/io/ktor/ktor-websockets/3.2.3/ktor-websockets-3.2.3.module.sha512 for the dependency io.ktor:ktor-websockets:3.2.3
00:11.387 DEBUG :dice-roller:resolveDependenciesJvm DependencyFileImpl        Not found URL: https://maven.pkg.jetbrains.space/public/p/compose/dev/org/eclipse/jetty/alpn/alpn-api/1.1.3.v20160715/alpn-api-1.1.3.v20160715.pom.sha256
00:11.398 DEBUG :dice-roller:resolveDependenciesJvm DependencyFileImpl        Downloaded https://repo1.maven.org/maven2/io/ktor/ktor-utils/3.2.3/ktor-utils-3.2.3.module for the dependency io.ktor:ktor-utils:3.2.3
00:11.398 DEBUG :dice-roller:resolveDependenciesJvm DependencyFileImpl        Downloaded https://repo1.maven.org/maven2/org/jetbrains/kotlinx/kotlinx-coroutines-core-jvm/1.10.2/kotlinx-coroutines-core-jvm-1.10.2.module for the dependency org.jetbrains.kotlinx:kotlinx-coroutines-core-jvm:1.10.2
00:11.412 DEBUG :dice-roller:resolveDependenciesJvm DependencyFileImpl        Downloaded https://repo1.maven.org/maven2/io/ktor/ktor-serialization-jvm/3.2.3/ktor-serialization-jvm-3.2.3.pom.sha512 for the dependency io.ktor:ktor-serialization-jvm:3.2.3
00:11.421 DEBUG :dice-roller:resolveDependenciesJvm DependencyFileImpl        Downloaded https://repo1.maven.org/maven2/io/ktor/ktor-http-jvm/3.2.3/ktor-http-jvm-3.2.3.pom.sha512 for the dependency io.ktor:ktor-http-jvm:3.2.3
00:11.424 DEBUG :dice-roller:resolveDependenciesJvm DependencyFileImpl        Not found URL: https://maven.google.com/org/fusesource/jansi/jansi/2.4.2/jansi-2.4.2.pom.sha256
00:11.425 DEBUG :dice-roller:resolveDependenciesJvm DependencyFileImpl        Downloaded https://repo1.maven.org/maven2/org/jetbrains/kotlinx/kotlinx-html-jvm/0.12.0/kotlinx-html-jvm-0.12.0.pom for the dependency org.jetbrains.kotlinx:kotlinx-html-jvm:0.12.0
00:11.443 DEBUG :dice-roller:resolveDependenciesJvm DependencyFileImpl        Not found URL: https://repo1.maven.org/maven2/com/typesafe/config/1.4.3/config-1.4.3.pom.sha256
00:11.449 DEBUG :dice-roller:resolveDependenciesJvm DependencyFileImpl        Downloaded https://repo1.maven.org/maven2/com/charleskorn/kaml/kaml-jvm/0.77.1/kaml-jvm-0.77.1.module for the dependency com.charleskorn.kaml:kaml-jvm:0.77.1
00:11.454 DEBUG :dice-roller:resolveDependenciesJvm DependencyFileImpl        Downloaded https://repo1.maven.org/maven2/io/ktor/ktor-http-cio-jvm/3.2.3/ktor-http-cio-jvm-3.2.3.pom.sha512 for the dependency io.ktor:ktor-http-cio-jvm:3.2.3
00:11.467 DEBUG :dice-roller:resolveDependenciesJvm DependencyFileImpl        Downloaded https://repo1.maven.org/maven2/io/ktor/ktor-websockets/3.2.3/ktor-websockets-3.2.3.module for the dependency io.ktor:ktor-websockets:3.2.3
00:11.470 DEBUG :dice-roller:resolveDependenciesJvm DependencyFileImpl        Downloaded https://repo1.maven.org/maven2/io/ktor/ktor-events-jvm/3.2.3/ktor-events-jvm-3.2.3.pom.sha512 for the dependency io.ktor:ktor-events-jvm:3.2.3
00:11.474 DEBUG :dice-roller:resolveDependenciesJvm DependencyFileImpl        Downloaded https://repo1.maven.org/maven2/io/ktor/ktor-serialization-jvm/3.2.3/ktor-serialization-jvm-3.2.3.pom for the dependency io.ktor:ktor-serialization-jvm:3.2.3
00:11.478 DEBUG :dice-roller:resolveDependenciesJvm DependencyFileImpl        Downloaded https://repo1.maven.org/maven2/org/eclipse/jetty/alpn/alpn-api/1.1.3.v20160715/alpn-api-1.1.3.v20160715.pom.sha1 for the dependency org.eclipse.jetty.alpn:alpn-api:1.1.3.v20160715
00:11.493 DEBUG :dice-roller:resolveDependenciesJvm DependencyFileImpl        Not found URL: https://repo1.maven.org/maven2/org/jetbrains/kotlin/kotlin-reflect/2.1.21/kotlin-reflect-2.1.21.pom.sha256
00:11.494 DEBUG :dice-roller:resolveDependenciesJvm DependencyFileImpl        Not found URL: https://maven.pkg.jetbrains.space/public/p/compose/dev/org/fusesource/jansi/jansi/2.4.2/jansi-2.4.2.pom.sha256
00:11.500 DEBUG :dice-roller:resolveDependenciesJvm DependencyFileImpl        Downloaded https://repo1.maven.org/maven2/io/ktor/ktor-http-jvm/3.2.3/ktor-http-jvm-3.2.3.pom for the dependency io.ktor:ktor-http-jvm:3.2.3
00:11.516 DEBUG :dice-roller:resolveDependenciesJvm DependencyFileImpl        Not found URL: https://repo1.maven.org/maven2/org/slf4j/slf4j-parent/2.0.17/slf4j-parent-2.0.17.pom.sha512
00:11.521 DEBUG :dice-roller:resolveDependenciesJvm DependencyFileImpl        Downloaded https://repo1.maven.org/maven2/io/ktor/ktor-http-cio-jvm/3.2.3/ktor-http-cio-jvm-3.2.3.pom for the dependency io.ktor:ktor-http-cio-jvm:3.2.3
00:11.526 DEBUG :dice-roller:resolveDependenciesJvm DependencyFileImpl        Downloaded https://repo1.maven.org/maven2/io/ktor/ktor-events-jvm/3.2.3/ktor-events-jvm-3.2.3.pom for the dependency io.ktor:ktor-events-jvm:3.2.3
00:11.531 DEBUG :dice-roller:resolveDependenciesJvm DependencyFileImpl        Not found URL: https://maven.google.com/net/mamoe/yamlkt/yamlkt/0.13.0/yamlkt-0.13.0.pom.sha256
00:11.531 DEBUG :dice-roller:resolveDependenciesJvm DependencyFileImpl        Downloaded https://repo1.maven.org/maven2/org/eclipse/jetty/alpn/alpn-api/1.1.3.v20160715/alpn-api-1.1.3.v20160715.pom for the dependency org.eclipse.jetty.alpn:alpn-api:1.1.3.v20160715
00:11.542 DEBUG :dice-roller:resolveDependenciesJvm DependencyFileImpl        Downloaded https://repo1.maven.org/maven2/org/jetbrains/kotlinx/kotlinx-html-jvm/0.12.0/kotlinx-html-jvm-0.12.0.module.sha512 for the dependency org.jetbrains.kotlinx:kotlinx-html-jvm:0.12.0
00:11.575 DEBUG :dice-roller:resolveDependenciesJvm DependencyFileImpl        Downloaded https://repo1.maven.org/maven2/org/fusesource/jansi/jansi/2.4.2/jansi-2.4.2.pom.sha1 for the dependency org.fusesource.jansi:jansi:2.4.2
00:11.615 DEBUG :dice-roller:resolveDependenciesJvm DependencyFileImpl        Not found URL: https://repo1.maven.org/maven2/org/jetbrains/annotations/23.0.0/annotations-23.0.0.pom.sha512
00:11.650 DEBUG :dice-roller:resolveDependenciesJvm DependencyFileImpl        Downloaded https://repo1.maven.org/maven2/org/jetbrains/kotlinx/kotlinx-coroutines-bom/1.10.2/kotlinx-coroutines-bom-1.10.2.pom.sha512 for the dependency org.jetbrains.kotlinx:kotlinx-coroutines-bom:1.10.2
00:11.668 DEBUG :dice-roller:resolveDependenciesJvm DependencyFileImpl        Not found URL: https://maven.google.com/com/typesafe/config/1.4.3/config-1.4.3.pom.sha256
00:11.653 DEBUG :dice-roller:resolveDependenciesJvm DependencyFileImpl        Downloaded https://repo1.maven.org/maven2/io/ktor/ktor-utils-jvm/3.2.3/ktor-utils-jvm-3.2.3.pom.sha512 for the dependency io.ktor:ktor-utils-jvm:3.2.3
00:11.672 DEBUG :dice-roller:resolveDependenciesJvm DependencyFileImpl        Not found URL: https://maven.pkg.jetbrains.space/public/p/compose/dev/net/mamoe/yamlkt/yamlkt/0.13.0/yamlkt-0.13.0.pom.sha256
00:11.685 DEBUG :dice-roller:resolveDependenciesJvm DependencyFileImpl        Downloaded https://repo1.maven.org/maven2/com/squareup/okio/okio/3.11.0/okio-3.11.0.pom.sha512 for the dependency com.squareup.okio:okio:3.11.0
00:11.722 DEBUG :dice-roller:resolveDependenciesJvm DependencyFileImpl        Downloaded https://repo1.maven.org/maven2/it/krzeminski/snakeyaml-engine-kmp/3.1.1/snakeyaml-engine-kmp-3.1.1.pom.sha512 for the dependency it.krzeminski:snakeyaml-engine-kmp:3.1.1
00:11.732 DEBUG :dice-roller:resolveDependenciesJvm DependencyFileImpl        Downloaded https://repo1.maven.org/maven2/org/jetbrains/kotlinx/kotlinx-html-jvm/0.12.0/kotlinx-html-jvm-0.12.0.module for the dependency org.jetbrains.kotlinx:kotlinx-html-jvm:0.12.0
00:11.734 DEBUG :dice-roller:resolveDependenciesJvm DependencyFileImpl        Not found URL: https://repo1.maven.org/maven2/org/sonatype/oss/oss-parent/9/oss-parent-9.pom.sha512
00:11.754 DEBUG :dice-roller:resolveDependenciesJvm DependencyFileImpl        Downloaded https://repo1.maven.org/maven2/io/ktor/ktor-http-jvm/3.2.3/ktor-http-jvm-3.2.3.module.sha512 for the dependency io.ktor:ktor-http-jvm:3.2.3
00:11.760 DEBUG :dice-roller:resolveDependenciesJvm DependencyFileImpl        Not found URL: https://maven.google.com/org/slf4j/slf4j-parent/2.0.17/slf4j-parent-2.0.17.pom.sha512
00:11.780 DEBUG :dice-roller:resolveDependenciesJvm DependencyFileImpl        Not found URL: https://maven.pkg.jetbrains.space/public/p/compose/dev/com/typesafe/config/1.4.3/config-1.4.3.pom.sha256
00:11.782 DEBUG :dice-roller:resolveDependenciesJvm DependencyFileImpl        Downloaded https://repo1.maven.org/maven2/org/jetbrains/kotlinx/kotlinx-serialization-core/1.7.3/kotlinx-serialization-core-1.7.3.pom.sha512 for the dependency org.jetbrains.kotlinx:kotlinx-serialization-core:1.7.3
00:11.789 DEBUG :dice-roller:resolveDependenciesJvm DependencyFileImpl        Downloaded https://repo1.maven.org/maven2/io/ktor/ktor-utils-jvm/3.2.3/ktor-utils-jvm-3.2.3.pom for the dependency io.ktor:ktor-utils-jvm:3.2.3
00:11.793 DEBUG :dice-roller:resolveDependenciesJvm DependencyFileImpl        Downloaded https://repo1.maven.org/maven2/org/fusesource/jansi/jansi/2.4.2/jansi-2.4.2.pom for the dependency org.fusesource.jansi:jansi:2.4.2
00:11.801 DEBUG :dice-roller:resolveDependenciesJvm DependencyFileImpl        Downloaded https://repo1.maven.org/maven2/net/mamoe/yamlkt/yamlkt/0.13.0/yamlkt-0.13.0.pom.sha1 for the dependency net.mamoe.yamlkt:yamlkt:0.13.0
00:11.802 DEBUG :dice-roller:resolveDependenciesJvm DependencyFileImpl        Downloaded https://repo1.maven.org/maven2/io/ktor/ktor-serialization-jvm/3.2.3/ktor-serialization-jvm-3.2.3.module.sha512 for the dependency io.ktor:ktor-serialization-jvm:3.2.3
00:11.811 DEBUG :dice-roller:resolveDependenciesJvm DependencyFileImpl        Downloaded https://repo1.maven.org/maven2/io/ktor/ktor-websockets-jvm/3.2.3/ktor-websockets-jvm-3.2.3.pom.sha512 for the dependency io.ktor:ktor-websockets-jvm:3.2.3
00:11.823 DEBUG :dice-roller:resolveDependenciesJvm DependencyFileImpl        Downloaded https://repo1.maven.org/maven2/org/jetbrains/kotlinx/kotlinx-coroutines-bom/1.10.2/kotlinx-coroutines-bom-1.10.2.pom for the dependency org.jetbrains.kotlinx:kotlinx-coroutines-bom:1.10.2
00:11.851 DEBUG :dice-roller:resolveDependenciesJvm DependencyFileImpl        Downloaded https://repo1.maven.org/maven2/com/squareup/okio/okio/3.11.0/okio-3.11.0.pom for the dependency com.squareup.okio:okio:3.11.0
00:11.855 DEBUG :dice-roller:resolveDependenciesJvm DependencyFileImpl        Downloaded https://repo1.maven.org/maven2/io/ktor/ktor-events-jvm/3.2.3/ktor-events-jvm-3.2.3.module.sha512 for the dependency io.ktor:ktor-events-jvm:3.2.3
00:11.884 DEBUG :dice-roller:resolveDependenciesJvm DependencyFileImpl        Not found URL: https://maven.pkg.jetbrains.space/public/p/compose/dev/org/slf4j/slf4j-parent/2.0.17/slf4j-parent-2.0.17.pom.sha512
00:11.894 DEBUG :dice-roller:resolveDependenciesJvm DependencyFileImpl        Not found URL: https://maven.google.com/org/jetbrains/kotlin/kotlin-reflect/2.1.21/kotlin-reflect-2.1.21.pom.sha256
00:11.897 DEBUG :dice-roller:resolveDependenciesJvm DependencyFileImpl        Downloaded https://repo1.maven.org/maven2/io/ktor/ktor-http-cio-jvm/3.2.3/ktor-http-cio-jvm-3.2.3.module.sha512 for the dependency io.ktor:ktor-http-cio-jvm:3.2.3
00:11.957 DEBUG :dice-roller:resolveDependenciesJvm DependencyFileImpl        Downloaded https://repo1.maven.org/maven2/org/jetbrains/kotlinx/kotlinx-serialization-core/1.7.3/kotlinx-serialization-core-1.7.3.pom for the dependency org.jetbrains.kotlinx:kotlinx-serialization-core:1.7.3
00:11.958 DEBUG :dice-roller:resolveDependenciesJvm DependencyFileImpl        Downloaded https://repo1.maven.org/maven2/io/ktor/ktor-http-jvm/3.2.3/ktor-http-jvm-3.2.3.module for the dependency io.ktor:ktor-http-jvm:3.2.3
00:11.975 DEBUG :dice-roller:resolveDependenciesJvm DependencyFileImpl        Downloaded https://repo1.maven.org/maven2/com/typesafe/config/1.4.3/config-1.4.3.pom.sha1 for the dependency com.typesafe:config:1.4.3
00:11.988 DEBUG :dice-roller:resolveDependenciesJvm DependencyFileImpl        Not found URL: https://maven.google.com/org/jetbrains/annotations/23.0.0/annotations-23.0.0.pom.sha512
00:11.990 DEBUG :dice-roller:resolveDependenciesJvm DependencyFileImpl        Downloaded https://repo1.maven.org/maven2/it/krzeminski/snakeyaml-engine-kmp/3.1.1/snakeyaml-engine-kmp-3.1.1.pom for the dependency it.krzeminski:snakeyaml-engine-kmp:3.1.1
00:12.023 DEBUG :dice-roller:resolveDependenciesJvm DependencyFileImpl        Not found URL: https://maven.google.com/org/sonatype/oss/oss-parent/9/oss-parent-9.pom.sha512
00:12.042 DEBUG :dice-roller:resolveDependenciesJvm DependencyFileImpl        Downloaded https://repo1.maven.org/maven2/net/mamoe/yamlkt/yamlkt/0.13.0/yamlkt-0.13.0.pom for the dependency net.mamoe.yamlkt:yamlkt:0.13.0
00:12.046 DEBUG :dice-roller:resolveDependenciesJvm DependencyFileImpl        Not found URL: https://maven.pkg.jetbrains.space/public/p/compose/dev/org/jetbrains/kotlin/kotlin-reflect/2.1.21/kotlin-reflect-2.1.21.pom.sha256
00:12.047 DEBUG :dice-roller:resolveDependenciesJvm DependencyFileImpl        Downloaded https://repo1.maven.org/maven2/io/ktor/ktor-serialization-jvm/3.2.3/ktor-serialization-jvm-3.2.3.module for the dependency io.ktor:ktor-serialization-jvm:3.2.3
00:12.048 DEBUG :dice-roller:resolveDependenciesJvm DependencyFileImpl        Not found URL: https://repo1.maven.org/maven2/org/slf4j/slf4j-parent/2.0.17/slf4j-parent-2.0.17.pom.sha256
00:12.053 DEBUG :dice-roller:resolveDependenciesJvm DependencyFileImpl        Downloaded https://repo1.maven.org/maven2/io/ktor/ktor-websockets-jvm/3.2.3/ktor-websockets-jvm-3.2.3.pom for the dependency io.ktor:ktor-websockets-jvm:3.2.3
00:12.067 DEBUG :dice-roller:resolveDependenciesJvm DependencyFileImpl        Downloaded https://repo1.maven.org/maven2/io/ktor/ktor-events-jvm/3.2.3/ktor-events-jvm-3.2.3.module for the dependency io.ktor:ktor-events-jvm:3.2.3
00:12.074 DEBUG :dice-roller:resolveDependenciesJvm DependencyFileImpl        Downloaded https://repo1.maven.org/maven2/io/ktor/ktor-utils-jvm/3.2.3/ktor-utils-jvm-3.2.3.module.sha512 for the dependency io.ktor:ktor-utils-jvm:3.2.3
00:12.085 DEBUG :dice-roller:resolveDependenciesJvm DependencyFileImpl        Downloaded https://repo1.maven.org/maven2/io/ktor/ktor-http-cio-jvm/3.2.3/ktor-http-cio-jvm-3.2.3.module for the dependency io.ktor:ktor-http-cio-jvm:3.2.3
00:12.086 DEBUG :dice-roller:resolveDependenciesJvm DependencyFileImpl        Not found URL: https://repo1.maven.org/maven2/org/eclipse/jetty/jetty-parent/21/jetty-parent-21.pom.sha512
00:12.089 DEBUG :dice-roller:resolveDependenciesJvm DependencyFileImpl        Downloaded https://repo1.maven.org/maven2/com/squareup/okio/okio/3.11.0/okio-3.11.0.module.sha512 for the dependency com.squareup.okio:okio:3.11.0
00:12.094 DEBUG :dice-roller:resolveDependenciesJvm DependencyFileImpl        Downloaded https://repo1.maven.org/maven2/com/typesafe/config/1.4.3/config-1.4.3.pom for the dependency com.typesafe:config:1.4.3
00:12.098 DEBUG :dice-roller:resolveDependenciesJvm DependencyFileImpl        Not found URL: https://maven.pkg.jetbrains.space/public/p/compose/dev/org/sonatype/oss/oss-parent/9/oss-parent-9.pom.sha512
00:12.104 DEBUG :dice-roller:resolveDependenciesJvm DependencyFileImpl        Not found URL: https://maven.pkg.jetbrains.space/public/p/compose/dev/org/jetbrains/annotations/23.0.0/annotations-23.0.0.pom.sha512
00:12.112 DEBUG :dice-roller:resolveDependenciesJvm DependencyFileImpl        Downloaded https://repo1.maven.org/maven2/io/ktor/ktor-utils-jvm/3.2.3/ktor-utils-jvm-3.2.3.module for the dependency io.ktor:ktor-utils-jvm:3.2.3
00:12.113 DEBUG :dice-roller:resolveDependenciesJvm DependencyFileImpl        Downloaded https://repo1.maven.org/maven2/org/jetbrains/kotlin/kotlin-reflect/2.1.21/kotlin-reflect-2.1.21.pom.sha1 for the dependency org.jetbrains.kotlin:kotlin-reflect:2.1.21
00:12.117 DEBUG :dice-roller:resolveDependenciesJvm DependencyFileImpl        Downloaded https://repo1.maven.org/maven2/it/krzeminski/snakeyaml-engine-kmp/3.1.1/snakeyaml-engine-kmp-3.1.1.module.sha512 for the dependency it.krzeminski:snakeyaml-engine-kmp:3.1.1
00:12.131 DEBUG :dice-roller:resolveDependenciesJvm DependencyFileImpl        Downloaded https://repo1.maven.org/maven2/com/squareup/okio/okio/3.11.0/okio-3.11.0.module for the dependency com.squareup.okio:okio:3.11.0
00:12.135 DEBUG :dice-roller:resolveDependenciesJvm DependencyFileImpl        Not found URL: https://repo1.maven.org/maven2/org/sonatype/oss/oss-parent/9/oss-parent-9.pom.sha256
00:12.146 DEBUG :dice-roller:resolveDependenciesJvm DependencyFileImpl        Downloaded https://repo1.maven.org/maven2/io/ktor/ktor-websockets-jvm/3.2.3/ktor-websockets-jvm-3.2.3.module.sha512 for the dependency io.ktor:ktor-websockets-jvm:3.2.3
00:12.152 DEBUG :dice-roller:resolveDependenciesJvm DependencyFileImpl        Not found URL: https://repo1.maven.org/maven2/org/jetbrains/annotations/23.0.0/annotations-23.0.0.pom.sha256
00:12.168 DEBUG :dice-roller:resolveDependenciesJvm DependencyFileImpl        Downloaded https://repo1.maven.org/maven2/it/krzeminski/snakeyaml-engine-kmp/3.1.1/snakeyaml-engine-kmp-3.1.1.module for the dependency it.krzeminski:snakeyaml-engine-kmp:3.1.1
00:12.170 DEBUG :dice-roller:resolveDependenciesJvm DependencyFileImpl        Downloaded https://repo1.maven.org/maven2/io/ktor/ktor-network/3.2.3/ktor-network-3.2.3.pom.sha512 for the dependency io.ktor:ktor-network:3.2.3
00:12.171 DEBUG :dice-roller:resolveDependenciesJvm DependencyFileImpl        Downloaded https://repo1.maven.org/maven2/org/jetbrains/kotlin/kotlin-reflect/2.1.21/kotlin-reflect-2.1.21.pom for the dependency org.jetbrains.kotlin:kotlin-reflect:2.1.21
00:12.178 DEBUG :dice-roller:resolveDependenciesJvm DependencyFileImpl        Downloaded https://repo1.maven.org/maven2/io/ktor/ktor-io/3.2.3/ktor-io-3.2.3.pom.sha512 for the dependency io.ktor:ktor-io:3.2.3
00:12.189 DEBUG :dice-roller:resolveDependenciesJvm DependencyFileImpl        Downloaded https://repo1.maven.org/maven2/io/ktor/ktor-websockets-jvm/3.2.3/ktor-websockets-jvm-3.2.3.module for the dependency io.ktor:ktor-websockets-jvm:3.2.3
00:12.197 DEBUG :dice-roller:resolveDependenciesJvm DependencyFileImpl        Downloaded https://repo1.maven.org/maven2/com/squareup/okio/okio-jvm/3.11.0/okio-jvm-3.11.0.pom.sha512 for the dependency com.squareup.okio:okio-jvm:3.11.0
00:12.203 DEBUG :dice-roller:resolveDependenciesJvm DependencyFileImpl        Downloaded https://repo1.maven.org/maven2/io/ktor/ktor-network/3.2.3/ktor-network-3.2.3.pom for the dependency io.ktor:ktor-network:3.2.3
00:12.210 DEBUG :dice-roller:resolveDependenciesJvm DependencyFileImpl        Downloaded https://repo1.maven.org/maven2/io/ktor/ktor-io/3.2.3/ktor-io-3.2.3.pom for the dependency io.ktor:ktor-io:3.2.3
00:12.218 DEBUG :dice-roller:resolveDependenciesJvm DependencyFileImpl        Downloaded https://repo1.maven.org/maven2/it/krzeminski/snakeyaml-engine-kmp-jvm/3.1.1/snakeyaml-engine-kmp-jvm-3.1.1.pom.sha512 for the dependency it.krzeminski:snakeyaml-engine-kmp-jvm:3.1.1
00:12.229 DEBUG :dice-roller:resolveDependenciesJvm DependencyFileImpl        Downloaded https://repo1.maven.org/maven2/com/squareup/okio/okio-jvm/3.11.0/okio-jvm-3.11.0.pom for the dependency com.squareup.okio:okio-jvm:3.11.0
00:12.242 DEBUG :dice-roller:resolveDependenciesJvm DependencyFileImpl        Downloaded https://repo1.maven.org/maven2/io/ktor/ktor-network/3.2.3/ktor-network-3.2.3.module.sha512 for the dependency io.ktor:ktor-network:3.2.3
00:12.243 DEBUG :dice-roller:resolveDependenciesJvm DependencyFileImpl        Downloaded https://repo1.maven.org/maven2/it/krzeminski/snakeyaml-engine-kmp-jvm/3.1.1/snakeyaml-engine-kmp-jvm-3.1.1.pom for the dependency it.krzeminski:snakeyaml-engine-kmp-jvm:3.1.1
00:12.250 DEBUG :dice-roller:resolveDependenciesJvm DependencyFileImpl        Downloaded https://repo1.maven.org/maven2/io/ktor/ktor-io/3.2.3/ktor-io-3.2.3.module.sha512 for the dependency io.ktor:ktor-io:3.2.3
00:12.254 DEBUG :dice-roller:resolveDependenciesJvm DependencyFileImpl        Downloaded https://repo1.maven.org/maven2/com/squareup/okio/okio-jvm/3.11.0/okio-jvm-3.11.0.module.sha512 for the dependency com.squareup.okio:okio-jvm:3.11.0
00:12.262 DEBUG :dice-roller:resolveDependenciesJvm DependencyFileImpl        Not found URL: https://maven.google.com/org/slf4j/slf4j-parent/2.0.17/slf4j-parent-2.0.17.pom.sha256
00:12.270 DEBUG :dice-roller:resolveDependenciesJvm DependencyFileImpl        Downloaded https://repo1.maven.org/maven2/io/ktor/ktor-network/3.2.3/ktor-network-3.2.3.module for the dependency io.ktor:ktor-network:3.2.3
00:12.279 DEBUG :dice-roller:resolveDependenciesJvm DependencyFileImpl        Downloaded https://repo1.maven.org/maven2/com/squareup/okio/okio-jvm/3.11.0/okio-jvm-3.11.0.module for the dependency com.squareup.okio:okio-jvm:3.11.0
00:12.288 DEBUG :dice-roller:resolveDependenciesJvm DependencyFileImpl        Not found URL: https://maven.pkg.jetbrains.space/public/p/compose/dev/org/slf4j/slf4j-parent/2.0.17/slf4j-parent-2.0.17.pom.sha256
00:12.291 DEBUG :dice-roller:resolveDependenciesJvm DependencyFileImpl        Downloaded https://repo1.maven.org/maven2/io/ktor/ktor-io/3.2.3/ktor-io-3.2.3.module for the dependency io.ktor:ktor-io:3.2.3
00:12.304 DEBUG :dice-roller:resolveDependenciesJvm DependencyFileImpl        Downloaded https://repo1.maven.org/maven2/it/krzeminski/snakeyaml-engine-kmp-jvm/3.1.1/snakeyaml-engine-kmp-jvm-3.1.1.module.sha512 for the dependency it.krzeminski:snakeyaml-engine-kmp-jvm:3.1.1
00:12.318 DEBUG :dice-roller:resolveDependenciesJvm DependencyFileImpl        Downloaded https://repo1.maven.org/maven2/io/ktor/ktor-network-jvm/3.2.3/ktor-network-jvm-3.2.3.pom.sha512 for the dependency io.ktor:ktor-network-jvm:3.2.3
00:12.327 DEBUG :dice-roller:resolveDependenciesJvm DependencyFileImpl        Not found URL: https://maven.google.com/org/eclipse/jetty/jetty-parent/21/jetty-parent-21.pom.sha512
00:12.333 DEBUG :dice-roller:resolveDependenciesJvm DependencyFileImpl        Downloaded https://repo1.maven.org/maven2/org/slf4j/slf4j-parent/2.0.17/slf4j-parent-2.0.17.pom.sha1 for the dependency org.slf4j:slf4j-parent:2.0.17
00:12.342 DEBUG :dice-roller:resolveDependenciesJvm DependencyFileImpl        Not found URL: https://repo1.maven.org/maven2/org/fusesource/fusesource-pom/1.12/fusesource-pom-1.12.pom.sha512
00:12.347 DEBUG :dice-roller:resolveDependenciesJvm DependencyFileImpl        Not found URL: https://repo1.maven.org/maven2/net/mamoe/yamlkt/yamlkt/0.13.0/yamlkt-0.13.0.module.sha512
00:12.353 DEBUG :dice-roller:resolveDependenciesJvm DependencyFileImpl        Not found URL: https://maven.google.com/org/sonatype/oss/oss-parent/9/oss-parent-9.pom.sha256
00:12.358 DEBUG :dice-roller:resolveDependenciesJvm DependencyFileImpl        Downloaded https://repo1.maven.org/maven2/io/ktor/ktor-network-jvm/3.2.3/ktor-network-jvm-3.2.3.pom for the dependency io.ktor:ktor-network-jvm:3.2.3
00:12.359 DEBUG :dice-roller:resolveDependenciesJvm DependencyFileImpl        Not found URL: https://maven.pkg.jetbrains.space/public/p/compose/dev/org/eclipse/jetty/jetty-parent/21/jetty-parent-21.pom.sha512
00:12.354 DEBUG :dice-roller:resolveDependenciesJvm DependencyFileImpl        Downloaded https://repo1.maven.org/maven2/it/krzeminski/snakeyaml-engine-kmp-jvm/3.1.1/snakeyaml-engine-kmp-jvm-3.1.1.module for the dependency it.krzeminski:snakeyaml-engine-kmp-jvm:3.1.1
00:12.394 DEBUG :dice-roller:resolveDependenciesJvm DependencyFileImpl        Not found URL: https://maven.pkg.jetbrains.space/public/p/compose/dev/org/sonatype/oss/oss-parent/9/oss-parent-9.pom.sha256
00:12.401 DEBUG :dice-roller:resolveDependenciesJvm DependencyFileImpl        Downloaded https://repo1.maven.org/maven2/org/slf4j/slf4j-parent/2.0.17/slf4j-parent-2.0.17.pom for the dependency org.slf4j:slf4j-parent:2.0.17
00:12.416 DEBUG :dice-roller:resolveDependenciesJvm DependencyFileImpl        Not found URL: https://maven.google.com/org/jetbrains/annotations/23.0.0/annotations-23.0.0.pom.sha256
00:12.433 DEBUG :dice-roller:resolveDependenciesJvm DependencyFileImpl        Downloaded https://repo1.maven.org/maven2/io/ktor/ktor-io-jvm/3.2.3/ktor-io-jvm-3.2.3.pom.sha512 for the dependency io.ktor:ktor-io-jvm:3.2.3
00:12.453 DEBUG :dice-roller:resolveDependenciesJvm DependencyFileImpl        Downloaded https://repo1.maven.org/maven2/org/sonatype/oss/oss-parent/9/oss-parent-9.pom.sha1 for the dependency org.sonatype.oss:oss-parent:9
00:12.466 DEBUG :dice-roller:resolveDependenciesJvm DependencyFileImpl        Downloaded https://repo1.maven.org/maven2/io/ktor/ktor-io-jvm/3.2.3/ktor-io-jvm-3.2.3.pom for the dependency io.ktor:ktor-io-jvm:3.2.3
00:12.473 DEBUG :dice-roller:resolveDependenciesJvm DependencyFileImpl        Not found URL: https://maven.pkg.jetbrains.space/public/p/compose/dev/org/jetbrains/annotations/23.0.0/annotations-23.0.0.pom.sha256
00:12.485 DEBUG :dice-roller:resolveDependenciesJvm DependencyFileImpl        Downloaded https://repo1.maven.org/maven2/io/ktor/ktor-network-jvm/3.2.3/ktor-network-jvm-3.2.3.module.sha512 for the dependency io.ktor:ktor-network-jvm:3.2.3
00:12.489 DEBUG :dice-roller:resolveDependenciesJvm DependencyFileImpl        Downloaded https://repo1.maven.org/maven2/org/sonatype/oss/oss-parent/9/oss-parent-9.pom for the dependency org.sonatype.oss:oss-parent:9
00:12.492 DEBUG :dice-roller:resolveDependenciesJvm DependencyFileImpl        Downloaded https://repo1.maven.org/maven2/net/thauvin/erik/urlencoder/urlencoder-lib/1.6.0/urlencoder-lib-1.6.0.pom.sha512 for the dependency net.thauvin.erik.urlencoder:urlencoder-lib:1.6.0
00:12.533 DEBUG :dice-roller:resolveDependenciesJvm DependencyFileImpl        Downloaded https://repo1.maven.org/maven2/org/jetbrains/annotations/23.0.0/annotations-23.0.0.pom.sha1 for the dependency org.jetbrains:annotations:23.0.0
00:12.564 DEBUG :dice-roller:resolveDependenciesJvm DependencyFileImpl        Not found URL: https://repo1.maven.org/maven2/org/slf4j/slf4j-bom/2.0.17/slf4j-bom-2.0.17.pom.sha512
00:12.590 DEBUG :dice-roller:resolveDependenciesJvm DependencyFileImpl        Not found URL: https://maven.google.com/net/mamoe/yamlkt/yamlkt/0.13.0/yamlkt-0.13.0.module.sha512
00:12.593 DEBUG :dice-roller:resolveDependenciesJvm DependencyFileImpl        Downloaded https://repo1.maven.org/maven2/io/ktor/ktor-network-jvm/3.2.3/ktor-network-jvm-3.2.3.module for the dependency io.ktor:ktor-network-jvm:3.2.3
00:12.595 DEBUG :dice-roller:resolveDependenciesJvm DependencyFileImpl        Downloaded https://repo1.maven.org/maven2/net/thauvin/erik/urlencoder/urlencoder-lib/1.6.0/urlencoder-lib-1.6.0.pom for the dependency net.thauvin.erik.urlencoder:urlencoder-lib:1.6.0
00:12.619 DEBUG :dice-roller:resolveDependenciesJvm DependencyFileImpl        Downloaded https://repo1.maven.org/maven2/io/ktor/ktor-io-jvm/3.2.3/ktor-io-jvm-3.2.3.module.sha512 for the dependency io.ktor:ktor-io-jvm:3.2.3
00:12.621 DEBUG :dice-roller:resolveDependenciesJvm DependencyFileImpl        Downloaded https://repo1.maven.org/maven2/org/jetbrains/annotations/23.0.0/annotations-23.0.0.pom for the dependency org.jetbrains:annotations:23.0.0
00:12.646 DEBUG :dice-roller:resolveDependenciesJvm DependencyFileImpl        Not found URL: https://maven.google.com/org/fusesource/fusesource-pom/1.12/fusesource-pom-1.12.pom.sha512
00:12.647 DEBUG :dice-roller:resolveDependenciesJvm DependencyFileImpl        Not found URL: https://repo1.maven.org/maven2/org/eclipse/jetty/jetty-parent/21/jetty-parent-21.pom.sha256
00:12.666 DEBUG :dice-roller:resolveDependenciesJvm DependencyFileImpl        Not found URL: https://maven.pkg.jetbrains.space/public/p/compose/dev/net/mamoe/yamlkt/yamlkt/0.13.0/yamlkt-0.13.0.module.sha512
00:12.682 DEBUG :dice-roller:resolveDependenciesJvm DependencyFileImpl        Downloaded https://repo1.maven.org/maven2/io/ktor/ktor-io-jvm/3.2.3/ktor-io-jvm-3.2.3.module for the dependency io.ktor:ktor-io-jvm:3.2.3
00:12.689 DEBUG :dice-roller:resolveDependenciesJvm DependencyFileImpl        Not found URL: https://maven.pkg.jetbrains.space/public/p/compose/dev/org/fusesource/fusesource-pom/1.12/fusesource-pom-1.12.pom.sha512
00:12.700 DEBUG :dice-roller:resolveDependenciesJvm DependencyFileImpl        Not found URL: https://repo1.maven.org/maven2/net/mamoe/yamlkt/yamlkt/0.13.0/yamlkt-0.13.0.module.sha256
00:12.726 DEBUG :dice-roller:resolveDependenciesJvm DependencyFileImpl        Not found URL: https://repo1.maven.org/maven2/org/fusesource/fusesource-pom/1.12/fusesource-pom-1.12.pom.sha256
00:12.733 DEBUG :dice-roller:resolveDependenciesJvm DependencyFileImpl        Downloaded https://repo1.maven.org/maven2/net/thauvin/erik/urlencoder/urlencoder-lib/1.6.0/urlencoder-lib-1.6.0.module.sha512 for the dependency net.thauvin.erik.urlencoder:urlencoder-lib:1.6.0
00:12.744 DEBUG :dice-roller:resolveDependenciesJvm DependencyFileImpl        Downloaded https://repo1.maven.org/maven2/io/netty/netty-handler/4.2.2.Final/netty-handler-4.2.2.Final.pom.sha512 for the dependency io.netty:netty-handler:4.2.2.Final
00:12.745 DEBUG :dice-roller:resolveDependenciesJvm DependencyFileImpl        Downloaded https://repo1.maven.org/maven2/io/netty/netty-buffer/4.2.2.Final/netty-buffer-4.2.2.Final.pom.sha512 for the dependency io.netty:netty-buffer:4.2.2.Final
00:12.753 DEBUG :dice-roller:resolveDependenciesJvm DependencyFileImpl        Downloaded https://repo1.maven.org/maven2/io/netty/netty-transport/4.2.2.Final/netty-transport-4.2.2.Final.pom.sha512 for the dependency io.netty:netty-transport:4.2.2.Final
00:12.755 DEBUG :dice-roller:resolveDependenciesJvm DependencyFileImpl        Downloaded https://repo1.maven.org/maven2/io/netty/netty-common/4.2.2.Final/netty-common-4.2.2.Final.pom.sha512 for the dependency io.netty:netty-common:4.2.2.Final
00:12.758 DEBUG :dice-roller:resolveDependenciesJvm DependencyFileImpl        Downloaded https://repo1.maven.org/maven2/io/netty/netty-codec-base/4.2.2.Final/netty-codec-base-4.2.2.Final.pom.sha512 for the dependency io.netty:netty-codec-base:4.2.2.Final
00:12.761 DEBUG :dice-roller:resolveDependenciesJvm DependencyFileImpl        Downloaded https://repo1.maven.org/maven2/io/netty/netty-codec-http/4.2.2.Final/netty-codec-http-4.2.2.Final.pom.sha512 for the dependency io.netty:netty-codec-http:4.2.2.Final
00:12.762 DEBUG :dice-roller:resolveDependenciesJvm DependencyFileImpl        Downloaded https://repo1.maven.org/maven2/io/netty/netty-transport-classes-kqueue/4.2.2.Final/netty-transport-classes-kqueue-4.2.2.Final.pom.sha512 for the dependency io.netty:netty-transport-classes-kqueue:4.2.2.Final
00:12.772 DEBUG :dice-roller:resolveDependenciesJvm DependencyFileImpl        Downloaded https://repo1.maven.org/maven2/io/netty/netty-transport-native-unix-common/4.2.2.Final/netty-transport-native-unix-common-4.2.2.Final.pom.sha512 for the dependency io.netty:netty-transport-native-unix-common:4.2.2.Final
00:12.783 DEBUG :dice-roller:resolveDependenciesJvm DependencyFileImpl        Downloaded https://repo1.maven.org/maven2/net/thauvin/erik/urlencoder/urlencoder-lib/1.6.0/urlencoder-lib-1.6.0.module for the dependency net.thauvin.erik.urlencoder:urlencoder-lib:1.6.0
00:12.783 DEBUG :dice-roller:resolveDependenciesJvm DependencyFileImpl        Downloaded https://repo1.maven.org/maven2/org/jetbrains/kotlinx/kotlinx-io-core/0.7.0/kotlinx-io-core-0.7.0.pom.sha512 for the dependency org.jetbrains.kotlinx:kotlinx-io-core:0.7.0
00:12.791 DEBUG :dice-roller:resolveDependenciesJvm DependencyFileImpl        Downloaded https://repo1.maven.org/maven2/io/netty/netty-buffer/4.2.2.Final/netty-buffer-4.2.2.Final.pom for the dependency io.netty:netty-buffer:4.2.2.Final
00:12.792 DEBUG :dice-roller:resolveDependenciesJvm DependencyFileImpl        Downloaded https://repo1.maven.org/maven2/io/netty/netty-handler/4.2.2.Final/netty-handler-4.2.2.Final.pom for the dependency io.netty:netty-handler:4.2.2.Final
00:12.800 DEBUG :dice-roller:resolveDependenciesJvm DependencyFileImpl        Not found URL: https://maven.google.com/org/slf4j/slf4j-bom/2.0.17/slf4j-bom-2.0.17.pom.sha512
00:12.807 DEBUG :dice-roller:resolveDependenciesJvm DependencyFileImpl        Downloaded https://repo1.maven.org/maven2/io/netty/netty-transport/4.2.2.Final/netty-transport-4.2.2.Final.pom for the dependency io.netty:netty-transport:4.2.2.Final
00:12.819 DEBUG :dice-roller:resolveDependenciesJvm DependencyFileImpl        Downloaded https://repo1.maven.org/maven2/io/netty/netty-common/4.2.2.Final/netty-common-4.2.2.Final.pom for the dependency io.netty:netty-common:4.2.2.Final
00:12.823 DEBUG :dice-roller:resolveDependenciesJvm DependencyFileImpl        Downloaded https://repo1.maven.org/maven2/io/netty/netty-codec-http/4.2.2.Final/netty-codec-http-4.2.2.Final.pom for the dependency io.netty:netty-codec-http:4.2.2.Final
00:12.833 DEBUG :dice-roller:resolveDependenciesJvm DependencyFileImpl        Downloaded https://repo1.maven.org/maven2/io/netty/netty-transport-classes-kqueue/4.2.2.Final/netty-transport-classes-kqueue-4.2.2.Final.pom for the dependency io.netty:netty-transport-classes-kqueue:4.2.2.Final
00:12.844 DEBUG :dice-roller:resolveDependenciesJvm DependencyFileImpl        Downloaded https://repo1.maven.org/maven2/io/netty/netty-codec-base/4.2.2.Final/netty-codec-base-4.2.2.Final.pom for the dependency io.netty:netty-codec-base:4.2.2.Final
00:12.866 DEBUG :dice-roller:resolveDependenciesJvm DependencyFileImpl        Downloaded https://repo1.maven.org/maven2/io/netty/netty-transport-native-unix-common/4.2.2.Final/netty-transport-native-unix-common-4.2.2.Final.pom for the dependency io.netty:netty-transport-native-unix-common:4.2.2.Final
00:12.879 DEBUG :dice-roller:resolveDependenciesJvm DependencyFileImpl        Not found URL: https://maven.google.com/org/eclipse/jetty/jetty-parent/21/jetty-parent-21.pom.sha256
00:12.879 DEBUG :dice-roller:resolveDependenciesJvm DependencyFileImpl        Not found URL: https://maven.pkg.jetbrains.space/public/p/compose/dev/org/slf4j/slf4j-bom/2.0.17/slf4j-bom-2.0.17.pom.sha512
00:12.906 DEBUG :dice-roller:resolveDependenciesJvm DependencyFileImpl        Downloaded https://repo1.maven.org/maven2/org/jetbrains/kotlinx/kotlinx-io-core/0.7.0/kotlinx-io-core-0.7.0.pom for the dependency org.jetbrains.kotlinx:kotlinx-io-core:0.7.0
00:12.957 DEBUG :dice-roller:resolveDependenciesJvm DependencyFileImpl        Not found URL: https://repo1.maven.org/maven2/org/slf4j/slf4j-bom/2.0.17/slf4j-bom-2.0.17.pom.sha256
00:12.959 DEBUG :dice-roller:resolveDependenciesJvm DependencyFileImpl        Not found URL: https://maven.pkg.jetbrains.space/public/p/compose/dev/org/eclipse/jetty/jetty-parent/21/jetty-parent-21.pom.sha256
00:13.036 DEBUG :dice-roller:resolveDependenciesJvm DependencyFileImpl        Not found URL: https://maven.google.com/net/mamoe/yamlkt/yamlkt/0.13.0/yamlkt-0.13.0.module.sha256
00:13.043 DEBUG :dice-roller:resolveDependenciesJvm DependencyFileImpl        Downloaded https://repo1.maven.org/maven2/net/thauvin/erik/urlencoder/urlencoder-lib-jvm/1.6.0/urlencoder-lib-jvm-1.6.0.pom.sha512 for the dependency net.thauvin.erik.urlencoder:urlencoder-lib-jvm:1.6.0
00:13.067 DEBUG :dice-roller:resolveDependenciesJvm DependencyFileImpl        Not found URL: https://maven.google.com/org/fusesource/fusesource-pom/1.12/fusesource-pom-1.12.pom.sha256
00:13.078 DEBUG :dice-roller:resolveDependenciesJvm DependencyFileImpl        Downloaded https://repo1.maven.org/maven2/io/netty/netty-transport-classes-epoll/4.2.2.Final/netty-transport-classes-epoll-4.2.2.Final.pom.sha512 for the dependency io.netty:netty-transport-classes-epoll:4.2.2.Final
00:13.148 DEBUG :dice-roller:resolveDependenciesJvm DependencyFileImpl        Not found URL: https://maven.pkg.jetbrains.space/public/p/compose/dev/net/mamoe/yamlkt/yamlkt/0.13.0/yamlkt-0.13.0.module.sha256
00:13.157 DEBUG :dice-roller:resolveDependenciesJvm DependencyFileImpl        Downloaded https://repo1.maven.org/maven2/org/eclipse/jetty/jetty-parent/21/jetty-parent-21.pom.sha1 for the dependency org.eclipse.jetty:jetty-parent:21
00:13.164 DEBUG :dice-roller:resolveDependenciesJvm DependencyFileImpl        Not found URL: https://maven.pkg.jetbrains.space/public/p/compose/dev/org/fusesource/fusesource-pom/1.12/fusesource-pom-1.12.pom.sha256
00:13.173 DEBUG :dice-roller:resolveDependenciesJvm DependencyFileImpl        Not found URL: https://maven.google.com/org/slf4j/slf4j-bom/2.0.17/slf4j-bom-2.0.17.pom.sha256
00:13.248 DEBUG :dice-roller:resolveDependenciesJvm DependencyFileImpl        Downloaded https://repo1.maven.org/maven2/net/mamoe/yamlkt/yamlkt/0.13.0/yamlkt-0.13.0.module.sha1 for the dependency net.mamoe.yamlkt:yamlkt:0.13.0
00:13.249 DEBUG :dice-roller:resolveDependenciesJvm DependencyFileImpl        Not found URL: https://maven.pkg.jetbrains.space/public/p/compose/dev/org/slf4j/slf4j-bom/2.0.17/slf4j-bom-2.0.17.pom.sha256
00:13.262 DEBUG :dice-roller:resolveDependenciesJvm DependencyFileImpl        Downloaded https://repo1.maven.org/maven2/io/netty/netty-transport-classes-epoll/4.2.2.Final/netty-transport-classes-epoll-4.2.2.Final.pom for the dependency io.netty:netty-transport-classes-epoll:4.2.2.Final
00:13.263 DEBUG :dice-roller:resolveDependenciesJvm DependencyFileImpl        Downloaded https://repo1.maven.org/maven2/net/thauvin/erik/urlencoder/urlencoder-lib-jvm/1.6.0/urlencoder-lib-jvm-1.6.0.pom for the dependency net.thauvin.erik.urlencoder:urlencoder-lib-jvm:1.6.0
00:13.263 DEBUG :dice-roller:resolveDependenciesJvm DependencyFileImpl        Downloaded https://repo1.maven.org/maven2/org/fusesource/fusesource-pom/1.12/fusesource-pom-1.12.pom.sha1 for the dependency org.fusesource:fusesource-pom:1.12
00:13.279 DEBUG :dice-roller:resolveDependenciesJvm DependencyFileImpl        Downloaded https://repo1.maven.org/maven2/org/eclipse/jetty/jetty-parent/21/jetty-parent-21.pom for the dependency org.eclipse.jetty:jetty-parent:21
00:13.333 DEBUG :dice-roller:resolveDependenciesJvm DependencyFileImpl        Downloaded https://repo1.maven.org/maven2/org/fusesource/fusesource-pom/1.12/fusesource-pom-1.12.pom for the dependency org.fusesource:fusesource-pom:1.12
00:13.341 DEBUG :dice-roller:resolveDependenciesJvm DependencyFileImpl        Downloaded https://repo1.maven.org/maven2/org/slf4j/slf4j-bom/2.0.17/slf4j-bom-2.0.17.pom.sha1 for the dependency org.slf4j:slf4j-bom:2.0.17
00:13.354 DEBUG :dice-roller:resolveDependenciesJvm DependencyFileImpl        Downloaded https://repo1.maven.org/maven2/net/mamoe/yamlkt/yamlkt/0.13.0/yamlkt-0.13.0.module for the dependency net.mamoe.yamlkt:yamlkt:0.13.0
00:13.425 DEBUG :dice-roller:resolveDependenciesJvm DependencyFileImpl        Downloaded https://repo1.maven.org/maven2/org/slf4j/slf4j-bom/2.0.17/slf4j-bom-2.0.17.pom for the dependency org.slf4j:slf4j-bom:2.0.17
00:13.442 DEBUG :dice-roller:resolveDependenciesJvm DependencyFileImpl        Downloaded https://repo1.maven.org/maven2/org/jetbrains/kotlinx/kotlinx-io-core/0.7.0/kotlinx-io-core-0.7.0.module.sha512 for the dependency org.jetbrains.kotlinx:kotlinx-io-core:0.7.0
00:13.491 DEBUG :dice-roller:resolveDependenciesJvm DependencyFileImpl        Downloaded https://repo1.maven.org/maven2/net/thauvin/erik/urlencoder/urlencoder-lib-jvm/1.6.0/urlencoder-lib-jvm-1.6.0.module.sha512 for the dependency net.thauvin.erik.urlencoder:urlencoder-lib-jvm:1.6.0
00:13.494 DEBUG :dice-roller:resolveDependenciesJvm DependencyFileImpl        Downloaded https://repo1.maven.org/maven2/io/netty/netty-resolver/4.2.2.Final/netty-resolver-4.2.2.Final.pom.sha512 for the dependency io.netty:netty-resolver:4.2.2.Final
00:13.504 DEBUG :dice-roller:resolveDependenciesJvm DependencyFileImpl        Downloaded https://repo1.maven.org/maven2/org/jetbrains/kotlinx/kotlinx-io-core/0.7.0/kotlinx-io-core-0.7.0.module for the dependency org.jetbrains.kotlinx:kotlinx-io-core:0.7.0
00:13.510 DEBUG :dice-roller:resolveDependenciesJvm DependencyFileImpl        Downloaded https://repo1.maven.org/maven2/io/netty/netty-codec-compression/4.2.2.Final/netty-codec-compression-4.2.2.Final.pom.sha512 for the dependency io.netty:netty-codec-compression:4.2.2.Final
00:13.530 DEBUG :dice-roller:resolveDependenciesJvm DependencyFileImpl        Downloaded https://repo1.maven.org/maven2/net/thauvin/erik/urlencoder/urlencoder-lib-jvm/1.6.0/urlencoder-lib-jvm-1.6.0.module for the dependency net.thauvin.erik.urlencoder:urlencoder-lib-jvm:1.6.0
00:13.530 DEBUG :dice-roller:resolveDependenciesJvm DependencyFileImpl        Downloaded https://repo1.maven.org/maven2/io/netty/netty-resolver/4.2.2.Final/netty-resolver-4.2.2.Final.pom for the dependency io.netty:netty-resolver:4.2.2.Final
00:13.543 DEBUG :dice-roller:resolveDependenciesJvm DependencyFileImpl        Downloaded https://repo1.maven.org/maven2/io/netty/netty-codec-compression/4.2.2.Final/netty-codec-compression-4.2.2.Final.pom for the dependency io.netty:netty-codec-compression:4.2.2.Final
00:13.578 DEBUG :dice-roller:resolveDependenciesJvm DependencyFileImpl        Downloaded https://repo1.maven.org/maven2/org/jetbrains/kotlinx/kotlinx-io-core-jvm/0.7.0/kotlinx-io-core-jvm-0.7.0.pom.sha512 for the dependency org.jetbrains.kotlinx:kotlinx-io-core-jvm:0.7.0
00:13.622 DEBUG :dice-roller:resolveDependenciesJvm DependencyFileImpl        Downloaded https://repo1.maven.org/maven2/org/jetbrains/kotlinx/kotlinx-io-core-jvm/0.7.0/kotlinx-io-core-jvm-0.7.0.pom for the dependency org.jetbrains.kotlinx:kotlinx-io-core-jvm:0.7.0
00:13.678 DEBUG :dice-roller:resolveDependenciesJvm DependencyFileImpl        Downloaded https://repo1.maven.org/maven2/org/jetbrains/kotlinx/kotlinx-io-core-jvm/0.7.0/kotlinx-io-core-jvm-0.7.0.module.sha512 for the dependency org.jetbrains.kotlinx:kotlinx-io-core-jvm:0.7.0
00:13.701 DEBUG :dice-roller:resolveDependenciesJvm DependencyFileImpl        Downloaded https://repo1.maven.org/maven2/org/jetbrains/kotlinx/kotlinx-io-core-jvm/0.7.0/kotlinx-io-core-jvm-0.7.0.module for the dependency org.jetbrains.kotlinx:kotlinx-io-core-jvm:0.7.0
00:13.715 DEBUG :dice-roller:resolveDependenciesJvm DependencyFileImpl        Not found URL: https://repo1.maven.org/maven2/net/mamoe/yamlkt/yamlkt-jvm/0.13.0/yamlkt-jvm-0.13.0.pom.sha512
00:13.740 DEBUG :dice-roller:resolveDependenciesJvm DependencyFileImpl        Downloaded https://repo1.maven.org/maven2/org/jetbrains/kotlinx/kotlinx-io-bytestring/0.7.0/kotlinx-io-bytestring-0.7.0.pom.sha512 for the dependency org.jetbrains.kotlinx:kotlinx-io-bytestring:0.7.0
00:13.764 DEBUG :dice-roller:resolveDependenciesJvm DependencyFileImpl        Downloaded https://repo1.maven.org/maven2/org/jetbrains/kotlinx/kotlinx-io-bytestring/0.7.0/kotlinx-io-bytestring-0.7.0.pom for the dependency org.jetbrains.kotlinx:kotlinx-io-bytestring:0.7.0
00:13.795 DEBUG :dice-roller:resolveDependenciesJvm DependencyFileImpl        Downloaded https://repo1.maven.org/maven2/org/jetbrains/kotlinx/kotlinx-io-bytestring/0.7.0/kotlinx-io-bytestring-0.7.0.module.sha512 for the dependency org.jetbrains.kotlinx:kotlinx-io-bytestring:0.7.0
00:13.826 DEBUG :dice-roller:resolveDependenciesJvm DependencyFileImpl        Downloaded https://repo1.maven.org/maven2/org/jetbrains/kotlinx/kotlinx-io-bytestring/0.7.0/kotlinx-io-bytestring-0.7.0.module for the dependency org.jetbrains.kotlinx:kotlinx-io-bytestring:0.7.0
00:13.871 DEBUG :dice-roller:resolveDependenciesJvm DependencyFileImpl        Downloaded https://repo1.maven.org/maven2/org/jetbrains/kotlinx/kotlinx-io-bytestring-jvm/0.7.0/kotlinx-io-bytestring-jvm-0.7.0.pom.sha512 for the dependency org.jetbrains.kotlinx:kotlinx-io-bytestring-jvm:0.7.0
00:13.875 DEBUG :dice-roller:resolveDependenciesJvm DependencyFileImpl        Not found URL: https://maven.google.com/net/mamoe/yamlkt/yamlkt-jvm/0.13.0/yamlkt-jvm-0.13.0.pom.sha512
00:13.899 DEBUG :dice-roller:resolveDependenciesJvm DependencyFileImpl        Downloaded https://repo1.maven.org/maven2/org/jetbrains/kotlinx/kotlinx-io-bytestring-jvm/0.7.0/kotlinx-io-bytestring-jvm-0.7.0.pom for the dependency org.jetbrains.kotlinx:kotlinx-io-bytestring-jvm:0.7.0
00:13.913 DEBUG :dice-roller:resolveDependenciesJvm DependencyFileImpl        Not found URL: https://maven.pkg.jetbrains.space/public/p/compose/dev/net/mamoe/yamlkt/yamlkt-jvm/0.13.0/yamlkt-jvm-0.13.0.pom.sha512
00:13.926 DEBUG :dice-roller:resolveDependenciesJvm DependencyFileImpl        Downloaded https://repo1.maven.org/maven2/org/jetbrains/kotlinx/kotlinx-io-bytestring-jvm/0.7.0/kotlinx-io-bytestring-jvm-0.7.0.module.sha512 for the dependency org.jetbrains.kotlinx:kotlinx-io-bytestring-jvm:0.7.0
00:13.958 DEBUG :dice-roller:resolveDependenciesJvm DependencyFileImpl        Downloaded https://repo1.maven.org/maven2/org/jetbrains/kotlinx/kotlinx-io-bytestring-jvm/0.7.0/kotlinx-io-bytestring-jvm-0.7.0.module for the dependency org.jetbrains.kotlinx:kotlinx-io-bytestring-jvm:0.7.0
00:14.168 DEBUG :dice-roller:resolveDependenciesJvm DependencyFileImpl        Not found URL: https://repo1.maven.org/maven2/net/mamoe/yamlkt/yamlkt-jvm/0.13.0/yamlkt-jvm-0.13.0.pom.sha256
00:14.318 DEBUG :dice-roller:resolveDependenciesJvm DependencyFileImpl        Not found URL: https://maven.google.com/net/mamoe/yamlkt/yamlkt-jvm/0.13.0/yamlkt-jvm-0.13.0.pom.sha256
00:14.352 DEBUG :dice-roller:resolveDependenciesJvm DependencyFileImpl        Not found URL: https://maven.pkg.jetbrains.space/public/p/compose/dev/net/mamoe/yamlkt/yamlkt-jvm/0.13.0/yamlkt-jvm-0.13.0.pom.sha256
00:14.371 DEBUG :dice-roller:resolveDependenciesJvm DependencyFileImpl        Downloaded https://repo1.maven.org/maven2/net/mamoe/yamlkt/yamlkt-jvm/0.13.0/yamlkt-jvm-0.13.0.pom.sha1 for the dependency net.mamoe.yamlkt:yamlkt-jvm:0.13.0
00:14.391 DEBUG :dice-roller:resolveDependenciesJvm DependencyFileImpl        Downloaded https://repo1.maven.org/maven2/net/mamoe/yamlkt/yamlkt-jvm/0.13.0/yamlkt-jvm-0.13.0.pom for the dependency net.mamoe.yamlkt:yamlkt-jvm:0.13.0
00:14.599 DEBUG :dice-roller:resolveDependenciesJvm DependencyFileImpl        Not found URL: https://repo1.maven.org/maven2/net/mamoe/yamlkt/yamlkt-jvm/0.13.0/yamlkt-jvm-0.13.0.module.sha512
00:14.945 DEBUG :dice-roller:resolveDependenciesJvm DependencyFileImpl        Not found URL: https://maven.google.com/net/mamoe/yamlkt/yamlkt-jvm/0.13.0/yamlkt-jvm-0.13.0.module.sha512
00:14.974 DEBUG :dice-roller:resolveDependenciesJvm DependencyFileImpl        Not found URL: https://maven.pkg.jetbrains.space/public/p/compose/dev/net/mamoe/yamlkt/yamlkt-jvm/0.13.0/yamlkt-jvm-0.13.0.module.sha512
00:15.194 DEBUG :dice-roller:resolveDependenciesJvm DependencyFileImpl        Not found URL: https://repo1.maven.org/maven2/net/mamoe/yamlkt/yamlkt-jvm/0.13.0/yamlkt-jvm-0.13.0.module.sha256
00:15.371 DEBUG :dice-roller:resolveDependenciesJvm DependencyFileImpl        Not found URL: https://maven.google.com/net/mamoe/yamlkt/yamlkt-jvm/0.13.0/yamlkt-jvm-0.13.0.module.sha256
00:15.402 DEBUG :dice-roller:resolveDependenciesJvm DependencyFileImpl        Not found URL: https://maven.pkg.jetbrains.space/public/p/compose/dev/net/mamoe/yamlkt/yamlkt-jvm/0.13.0/yamlkt-jvm-0.13.0.module.sha256
00:15.420 DEBUG :dice-roller:resolveDependenciesJvm DependencyFileImpl        Downloaded https://repo1.maven.org/maven2/net/mamoe/yamlkt/yamlkt-jvm/0.13.0/yamlkt-jvm-0.13.0.module.sha1 for the dependency net.mamoe.yamlkt:yamlkt-jvm:0.13.0
00:15.439 DEBUG :dice-roller:resolveDependenciesJvm DependencyFileImpl        Downloaded https://repo1.maven.org/maven2/net/mamoe/yamlkt/yamlkt-jvm/0.13.0/yamlkt-jvm-0.13.0.module for the dependency net.mamoe.yamlkt:yamlkt-jvm:0.13.0
00:15.467 DEBUG :dice-roller:resolveDependenciesJvm DependencyFileImpl        Not found URL: https://repo1.maven.org/maven2/org/jetbrains/kotlin/kotlin-stdlib-jdk8/1.8.0/kotlin-stdlib-jdk8-1.8.0.pom.sha512
00:15.640 DEBUG :dice-roller:resolveDependenciesJvm DependencyFileImpl        Not found URL: https://maven.google.com/org/jetbrains/kotlin/kotlin-stdlib-jdk8/1.8.0/kotlin-stdlib-jdk8-1.8.0.pom.sha512
00:15.671 DEBUG :dice-roller:resolveDependenciesJvm DependencyFileImpl        Not found URL: https://maven.pkg.jetbrains.space/public/p/compose/dev/org/jetbrains/kotlin/kotlin-stdlib-jdk8/1.8.0/kotlin-stdlib-jdk8-1.8.0.pom.sha512
00:15.690 DEBUG :dice-roller:resolveDependenciesJvm DependencyFileImpl        Not found URL: https://repo1.maven.org/maven2/org/jetbrains/kotlin/kotlin-stdlib-jdk8/1.8.0/kotlin-stdlib-jdk8-1.8.0.pom.sha256
00:15.845 DEBUG :dice-roller:resolveDependenciesJvm DependencyFileImpl        Not found URL: https://maven.google.com/org/jetbrains/kotlin/kotlin-stdlib-jdk8/1.8.0/kotlin-stdlib-jdk8-1.8.0.pom.sha256
00:15.875 DEBUG :dice-roller:resolveDependenciesJvm DependencyFileImpl        Not found URL: https://maven.pkg.jetbrains.space/public/p/compose/dev/org/jetbrains/kotlin/kotlin-stdlib-jdk8/1.8.0/kotlin-stdlib-jdk8-1.8.0.pom.sha256
00:15.900 DEBUG :dice-roller:resolveDependenciesJvm DependencyFileImpl        Downloaded https://repo1.maven.org/maven2/org/jetbrains/kotlin/kotlin-stdlib-jdk8/1.8.0/kotlin-stdlib-jdk8-1.8.0.pom.sha1 for the dependency org.jetbrains.kotlin:kotlin-stdlib-jdk8:1.8.0
00:15.923 DEBUG :dice-roller:resolveDependenciesJvm DependencyFileImpl        Downloaded https://repo1.maven.org/maven2/org/jetbrains/kotlin/kotlin-stdlib-jdk8/1.8.0/kotlin-stdlib-jdk8-1.8.0.pom for the dependency org.jetbrains.kotlin:kotlin-stdlib-jdk8:1.8.0
00:15.959 DEBUG :dice-roller:resolveDependenciesJvm DependencyFileImpl        Not found URL: https://repo1.maven.org/maven2/org/jetbrains/kotlin/kotlin-stdlib-jdk7/1.8.0/kotlin-stdlib-jdk7-1.8.0.pom.sha512
00:16.111 DEBUG :dice-roller:resolveDependenciesJvm DependencyFileImpl        Not found URL: https://maven.google.com/org/jetbrains/kotlin/kotlin-stdlib-jdk7/1.8.0/kotlin-stdlib-jdk7-1.8.0.pom.sha512
00:16.138 DEBUG :dice-roller:resolveDependenciesJvm DependencyFileImpl        Not found URL: https://maven.pkg.jetbrains.space/public/p/compose/dev/org/jetbrains/kotlin/kotlin-stdlib-jdk7/1.8.0/kotlin-stdlib-jdk7-1.8.0.pom.sha512
00:16.158 DEBUG :dice-roller:resolveDependenciesJvm DependencyFileImpl        Not found URL: https://repo1.maven.org/maven2/org/jetbrains/kotlin/kotlin-stdlib-jdk7/1.8.0/kotlin-stdlib-jdk7-1.8.0.pom.sha256
00:16.318 DEBUG :dice-roller:resolveDependenciesJvm DependencyFileImpl        Not found URL: https://maven.google.com/org/jetbrains/kotlin/kotlin-stdlib-jdk7/1.8.0/kotlin-stdlib-jdk7-1.8.0.pom.sha256
00:16.369 DEBUG :dice-roller:resolveDependenciesJvm DependencyFileImpl        Not found URL: https://maven.pkg.jetbrains.space/public/p/compose/dev/org/jetbrains/kotlin/kotlin-stdlib-jdk7/1.8.0/kotlin-stdlib-jdk7-1.8.0.pom.sha256
00:16.389 DEBUG :dice-roller:resolveDependenciesJvm DependencyFileImpl        Downloaded https://repo1.maven.org/maven2/org/jetbrains/kotlin/kotlin-stdlib-jdk7/1.8.0/kotlin-stdlib-jdk7-1.8.0.pom.sha1 for the dependency org.jetbrains.kotlin:kotlin-stdlib-jdk7:1.8.0
00:16.410 DEBUG :dice-roller:resolveDependenciesJvm DependencyFileImpl        Downloaded https://repo1.maven.org/maven2/org/jetbrains/kotlin/kotlin-stdlib-jdk7/1.8.0/kotlin-stdlib-jdk7-1.8.0.pom for the dependency org.jetbrains.kotlin:kotlin-stdlib-jdk7:1.8.0
00:16.445 DEBUG :dice-roller:resolveDependenciesJvm DependencyFileImpl        Downloaded https://repo1.maven.org/maven2/org/jetbrains/kotlinx/kotlinx-serialization-core/1.8.1/kotlinx-serialization-core-1.8.1.pom.sha512 for the dependency org.jetbrains.kotlinx:kotlinx-serialization-core:1.8.1
00:16.445 DEBUG :dice-roller:resolveDependenciesJvm DependencyFileImpl        Not found URL: https://repo1.maven.org/maven2/org/jetbrains/kotlin/kotlin-stdlib/2.2.21/kotlin-stdlib-2.2.21.pom.sha512
00:16.465 DEBUG :dice-roller:resolveDependenciesJvm DependencyFileImpl        Downloaded https://repo1.maven.org/maven2/org/jetbrains/kotlinx/kotlinx-serialization-core/1.8.1/kotlinx-serialization-core-1.8.1.pom for the dependency org.jetbrains.kotlinx:kotlinx-serialization-core:1.8.1
00:16.491 DEBUG :dice-roller:resolveDependenciesJvm DependencyFileImpl        Downloaded https://repo1.maven.org/maven2/org/jetbrains/kotlinx/kotlinx-serialization-core/1.8.1/kotlinx-serialization-core-1.8.1.module.sha512 for the dependency org.jetbrains.kotlinx:kotlinx-serialization-core:1.8.1
00:16.512 DEBUG :dice-roller:resolveDependenciesJvm DependencyFileImpl        Downloaded https://repo1.maven.org/maven2/org/jetbrains/kotlinx/kotlinx-serialization-core/1.8.1/kotlinx-serialization-core-1.8.1.module for the dependency org.jetbrains.kotlinx:kotlinx-serialization-core:1.8.1
00:16.541 DEBUG :dice-roller:resolveDependenciesJvm DependencyFileImpl        Downloaded https://repo1.maven.org/maven2/org/jetbrains/kotlinx/kotlinx-serialization-core-jvm/1.8.1/kotlinx-serialization-core-jvm-1.8.1.pom.sha512 for the dependency org.jetbrains.kotlinx:kotlinx-serialization-core-jvm:1.8.1
00:16.565 DEBUG :dice-roller:resolveDependenciesJvm DependencyFileImpl        Downloaded https://repo1.maven.org/maven2/org/jetbrains/kotlinx/kotlinx-serialization-core-jvm/1.8.1/kotlinx-serialization-core-jvm-1.8.1.pom for the dependency org.jetbrains.kotlinx:kotlinx-serialization-core-jvm:1.8.1
00:16.589 DEBUG :dice-roller:resolveDependenciesJvm DependencyFileImpl        Downloaded https://repo1.maven.org/maven2/org/jetbrains/kotlinx/kotlinx-serialization-core-jvm/1.8.1/kotlinx-serialization-core-jvm-1.8.1.module.sha512 for the dependency org.jetbrains.kotlinx:kotlinx-serialization-core-jvm:1.8.1
00:16.612 DEBUG :dice-roller:resolveDependenciesJvm DependencyFileImpl        Downloaded https://repo1.maven.org/maven2/org/jetbrains/kotlinx/kotlinx-serialization-core-jvm/1.8.1/kotlinx-serialization-core-jvm-1.8.1.module for the dependency org.jetbrains.kotlinx:kotlinx-serialization-core-jvm:1.8.1
00:16.638 DEBUG :dice-roller:resolveDependenciesJvm DependencyFileImpl        Downloaded https://repo1.maven.org/maven2/org/jetbrains/kotlinx/kotlinx-serialization-bom/1.8.1/kotlinx-serialization-bom-1.8.1.pom.sha512 for the dependency org.jetbrains.kotlinx:kotlinx-serialization-bom:1.8.1
00:16.660 DEBUG :dice-roller:resolveDependenciesJvm DependencyFileImpl        Downloaded https://repo1.maven.org/maven2/org/jetbrains/kotlinx/kotlinx-serialization-bom/1.8.1/kotlinx-serialization-bom-1.8.1.pom for the dependency org.jetbrains.kotlinx:kotlinx-serialization-bom:1.8.1
00:16.699 DEBUG :dice-roller:resolveDependenciesJvm DependencyFileImpl        Not found URL: https://repo1.maven.org/maven2/org/jetbrains/kotlin/kotlin-stdlib/2.2.21/kotlin-stdlib-2.2.21.pom.sha512
00:16.871 DEBUG :dice-roller:resolveDependenciesJvm DependencyFileImpl        Not found URL: https://maven.google.com/org/jetbrains/kotlin/kotlin-stdlib/2.2.21/kotlin-stdlib-2.2.21.pom.sha512
00:16.895 DEBUG :dice-roller:resolveDependenciesJvm DependencyFileImpl        Not found URL: https://maven.pkg.jetbrains.space/public/p/compose/dev/org/jetbrains/kotlin/kotlin-stdlib/2.2.21/kotlin-stdlib-2.2.21.pom.sha512
00:16.912 DEBUG :dice-roller:resolveDependenciesJvm DependencyFileImpl        Not found URL: https://repo1.maven.org/maven2/org/jetbrains/kotlin/kotlin-stdlib/2.2.21/kotlin-stdlib-2.2.21.pom.sha256
00:17.057 DEBUG :dice-roller:resolveDependenciesJvm DependencyFileImpl        Not found URL: https://maven.google.com/org/jetbrains/kotlin/kotlin-stdlib/2.2.21/kotlin-stdlib-2.2.21.pom.sha256
00:17.084 DEBUG :dice-roller:resolveDependenciesJvm DependencyFileImpl        Not found URL: https://maven.pkg.jetbrains.space/public/p/compose/dev/org/jetbrains/kotlin/kotlin-stdlib/2.2.21/kotlin-stdlib-2.2.21.pom.sha256
00:17.102 DEBUG :dice-roller:resolveDependenciesJvm DependencyFileImpl        Downloaded https://repo1.maven.org/maven2/org/jetbrains/kotlin/kotlin-stdlib/2.2.21/kotlin-stdlib-2.2.21.pom.sha1 for the dependency org.jetbrains.kotlin:kotlin-stdlib:2.2.21
00:17.126 DEBUG :dice-roller:resolveDependenciesJvm DependencyFileImpl        Downloaded https://repo1.maven.org/maven2/org/jetbrains/kotlin/kotlin-stdlib/2.2.21/kotlin-stdlib-2.2.21.pom for the dependency org.jetbrains.kotlin:kotlin-stdlib:2.2.21
00:17.153 DEBUG :dice-roller:resolveDependenciesJvm DependencyFileImpl        Not found URL: https://repo1.maven.org/maven2/org/jetbrains/kotlin/kotlin-stdlib/2.2.21/kotlin-stdlib-2.2.21.module.sha512
00:17.334 DEBUG :dice-roller:resolveDependenciesJvm DependencyFileImpl        Not found URL: https://maven.google.com/org/jetbrains/kotlin/kotlin-stdlib/2.2.21/kotlin-stdlib-2.2.21.module.sha512
00:17.360 DEBUG :dice-roller:resolveDependenciesJvm DependencyFileImpl        Not found URL: https://maven.pkg.jetbrains.space/public/p/compose/dev/org/jetbrains/kotlin/kotlin-stdlib/2.2.21/kotlin-stdlib-2.2.21.module.sha512
00:17.378 DEBUG :dice-roller:resolveDependenciesJvm DependencyFileImpl        Not found URL: https://repo1.maven.org/maven2/org/jetbrains/kotlin/kotlin-stdlib/2.2.21/kotlin-stdlib-2.2.21.module.sha256
00:17.526 DEBUG :dice-roller:resolveDependenciesJvm DependencyFileImpl        Not found URL: https://maven.google.com/org/jetbrains/kotlin/kotlin-stdlib/2.2.21/kotlin-stdlib-2.2.21.module.sha256
00:17.554 DEBUG :dice-roller:resolveDependenciesJvm DependencyFileImpl        Not found URL: https://maven.pkg.jetbrains.space/public/p/compose/dev/org/jetbrains/kotlin/kotlin-stdlib/2.2.21/kotlin-stdlib-2.2.21.module.sha256
00:17.574 DEBUG :dice-roller:resolveDependenciesJvm DependencyFileImpl        Downloaded https://repo1.maven.org/maven2/org/jetbrains/kotlin/kotlin-stdlib/2.2.21/kotlin-stdlib-2.2.21.module.sha1 for the dependency org.jetbrains.kotlin:kotlin-stdlib:2.2.21
00:17.596 DEBUG :dice-roller:resolveDependenciesJvm DependencyFileImpl        Downloaded https://repo1.maven.org/maven2/org/jetbrains/kotlin/kotlin-stdlib/2.2.21/kotlin-stdlib-2.2.21.module for the dependency org.jetbrains.kotlin:kotlin-stdlib:2.2.21
00:17.774 DEBUG :dice-roller:resolveDependenciesJvm DependencyFileImpl        Downloaded https://repo1.maven.org/maven2/io/ktor/ktor-serialization-jvm/3.2.3/ktor-serialization-jvm-3.2.3.jar for the dependency io.ktor:ktor-serialization-jvm:3.2.3
00:17.787 DEBUG :dice-roller:resolveDependenciesJvm DependencyFileImpl        Downloaded https://repo1.maven.org/maven2/io/ktor/ktor-utils-jvm/3.2.3/ktor-utils-jvm-3.2.3.jar for the dependency io.ktor:ktor-utils-jvm:3.2.3
00:17.802 DEBUG :dice-roller:resolveDependenciesJvm DependencyFileImpl        Downloaded https://repo1.maven.org/maven2/it/krzeminski/snakeyaml-engine-kmp-jvm/3.1.1/snakeyaml-engine-kmp-jvm-3.1.1.jar for the dependency it.krzeminski:snakeyaml-engine-kmp-jvm:3.1.1
00:17.807 DEBUG :dice-roller:resolveDependenciesJvm DependencyFileImpl        Downloaded https://repo1.maven.org/maven2/io/ktor/ktor-server-html-builder-jvm/3.2.3/ktor-server-html-builder-jvm-3.2.3.jar for the dependency io.ktor:ktor-server-html-builder-jvm:3.2.3
00:17.825 DEBUG :dice-roller:resolveDependenciesJvm DependencyFileImpl        Downloaded https://repo1.maven.org/maven2/com/squareup/okio/okio-jvm/3.11.0/okio-jvm-3.11.0.jar for the dependency com.squareup.okio:okio-jvm:3.11.0
00:17.832 DEBUG :dice-roller:resolveDependenciesJvm DependencyFileImpl        Downloaded https://repo1.maven.org/maven2/io/ktor/ktor-server-netty-jvm/3.2.3/ktor-server-netty-jvm-3.2.3.jar for the dependency io.ktor:ktor-server-netty-jvm:3.2.3
00:17.833 DEBUG :dice-roller:resolveDependenciesJvm DependencyFileImpl        Downloaded https://repo1.maven.org/maven2/io/ktor/ktor-server-status-pages-jvm/3.2.3/ktor-server-status-pages-jvm-3.2.3.jar for the dependency io.ktor:ktor-server-status-pages-jvm:3.2.3
00:17.850 DEBUG :dice-roller:resolveDependenciesJvm DependencyFileImpl        Downloaded https://repo1.maven.org/maven2/org/jetbrains/kotlinx/kotlinx-io-core-jvm/0.7.0/kotlinx-io-core-jvm-0.7.0.jar for the dependency org.jetbrains.kotlinx:kotlinx-io-core-jvm:0.7.0
00:17.874 DEBUG :dice-roller:resolveDependenciesJvm DependencyFileImpl        Downloaded https://repo1.maven.org/maven2/ch/qos/logback/logback-classic/1.5.22/logback-classic-1.5.22.jar.sha512 for the dependency ch.qos.logback:logback-classic:1.5.22
00:17.875 DEBUG :dice-roller:resolveDependenciesJvm DependencyFileImpl        Downloaded https://repo1.maven.org/maven2/net/thauvin/erik/urlencoder/urlencoder-lib-jvm/1.6.0/urlencoder-lib-jvm-1.6.0.jar for the dependency net.thauvin.erik.urlencoder:urlencoder-lib-jvm:1.6.0
00:17.877 DEBUG :dice-roller:resolveDependenciesJvm DependencyFileImpl        Downloaded https://repo1.maven.org/maven2/io/ktor/ktor-network-jvm/3.2.3/ktor-network-jvm-3.2.3.jar for the dependency io.ktor:ktor-network-jvm:3.2.3
00:17.885 DEBUG :dice-roller:resolveDependenciesJvm DependencyFileImpl        Downloaded https://repo1.maven.org/maven2/io/ktor/ktor-events-jvm/3.2.3/ktor-events-jvm-3.2.3.jar for the dependency io.ktor:ktor-events-jvm:3.2.3
00:17.896 DEBUG :dice-roller:resolveDependenciesJvm DependencyFileImpl        Downloaded https://repo1.maven.org/maven2/io/ktor/ktor-server-config-yaml-jvm/3.2.3/ktor-server-config-yaml-jvm-3.2.3.jar for the dependency io.ktor:ktor-server-config-yaml-jvm:3.2.3
00:17.911 DEBUG :dice-roller:resolveDependenciesJvm DependencyFileImpl        Downloaded https://repo1.maven.org/maven2/net/mamoe/yamlkt/yamlkt-jvm/0.13.0/yamlkt-jvm-0.13.0.jar for the dependency net.mamoe.yamlkt:yamlkt-jvm:0.13.0
00:17.947 DEBUG :dice-roller:resolveDependenciesJvm DependencyFileImpl        Downloaded https://repo1.maven.org/maven2/com/charleskorn/kaml/kaml-jvm/0.77.1/kaml-jvm-0.77.1.jar for the dependency com.charleskorn.kaml:kaml-jvm:0.77.1
00:17.955 DEBUG :dice-roller:resolveDependenciesJvm DependencyFileImpl        Downloaded https://repo1.maven.org/maven2/io/ktor/ktor-io-jvm/3.2.3/ktor-io-jvm-3.2.3.jar for the dependency io.ktor:ktor-io-jvm:3.2.3
00:17.972 DEBUG :dice-roller:resolveDependenciesJvm DependencyFileImpl        Downloaded https://repo1.maven.org/maven2/org/jetbrains/kotlinx/kotlinx-serialization-core-jvm/1.8.1/kotlinx-serialization-core-jvm-1.8.1.jar for the dependency org.jetbrains.kotlinx:kotlinx-serialization-core-jvm:1.8.1
00:17.980 DEBUG :dice-roller:resolveDependenciesJvm DependencyFileImpl        Downloaded https://repo1.maven.org/maven2/io/netty/netty-transport-native-unix-common/4.2.2.Final/netty-transport-native-unix-common-4.2.2.Final.jar.sha512 for the dependency io.netty:netty-transport-native-unix-common:4.2.2.Final
00:17.986 DEBUG :dice-roller:resolveDependenciesJvm DependencyFileImpl        Downloaded https://repo1.maven.org/maven2/io/ktor/ktor-websockets-jvm/3.2.3/ktor-websockets-jvm-3.2.3.jar for the dependency io.ktor:ktor-websockets-jvm:3.2.3
00:17.994 DEBUG :dice-roller:resolveDependenciesJvm DependencyFileImpl        Downloaded https://repo1.maven.org/maven2/org/jetbrains/kotlinx/kotlinx-html-jvm/0.12.0/kotlinx-html-jvm-0.12.0.jar for the dependency org.jetbrains.kotlinx:kotlinx-html-jvm:0.12.0
00:18.003 DEBUG :dice-roller:resolveDependenciesJvm DependencyFileImpl        Downloaded https://repo1.maven.org/maven2/io/ktor/ktor-http-jvm/3.2.3/ktor-http-jvm-3.2.3.jar for the dependency io.ktor:ktor-http-jvm:3.2.3
00:18.036 DEBUG :dice-roller:resolveDependenciesJvm DependencyFileImpl        Downloaded https://repo1.maven.org/maven2/io/netty/netty-transport/4.2.2.Final/netty-transport-4.2.2.Final.jar.sha512 for the dependency io.netty:netty-transport:4.2.2.Final
00:18.040 DEBUG :dice-roller:resolveDependenciesJvm DependencyFileImpl        Not found URL: https://repo1.maven.org/maven2/org/fusesource/jansi/jansi/2.4.2/jansi-2.4.2.jar.sha512
00:18.045 DEBUG :dice-roller:resolveDependenciesJvm DependencyFileImpl        Downloaded https://repo1.maven.org/maven2/io/netty/netty-common/4.2.2.Final/netty-common-4.2.2.Final.jar.sha512 for the dependency io.netty:netty-common:4.2.2.Final
00:18.048 DEBUG :dice-roller:resolveDependenciesJvm DependencyFileImpl        Not found URL: https://repo1.maven.org/maven2/org/jetbrains/annotations/23.0.0/annotations-23.0.0.jar.sha512
00:18.051 DEBUG :dice-roller:resolveDependenciesJvm DependencyFileImpl        Downloaded https://repo1.maven.org/maven2/io/netty/netty-transport-native-epoll/4.2.2.Final/netty-transport-native-epoll-4.2.2.Final.jar.sha512 for the dependency io.netty:netty-transport-native-epoll:4.2.2.Final
00:18.055 DEBUG :dice-roller:resolveDependenciesJvm DependencyFileImpl        Downloaded https://repo1.maven.org/maven2/io/netty/netty-codec-http2/4.2.2.Final/netty-codec-http2-4.2.2.Final.jar.sha512 for the dependency io.netty:netty-codec-http2:4.2.2.Final
00:18.060 DEBUG :dice-roller:resolveDependenciesJvm DependencyFileImpl        Downloaded https://repo1.maven.org/maven2/org/jetbrains/kotlinx/kotlinx-coroutines-core-jvm/1.10.2/kotlinx-coroutines-core-jvm-1.10.2.jar for the dependency org.jetbrains.kotlinx:kotlinx-coroutines-core-jvm:1.10.2
00:18.061 DEBUG :dice-roller:resolveDependenciesJvm DependencyFileImpl        Downloaded https://repo1.maven.org/maven2/io/netty/netty-buffer/4.2.2.Final/netty-buffer-4.2.2.Final.jar.sha512 for the dependency io.netty:netty-buffer:4.2.2.Final
00:18.069 DEBUG :dice-roller:resolveDependenciesJvm DependencyFileImpl        Downloaded https://repo1.maven.org/maven2/io/ktor/ktor-server-core-jvm/3.2.3/ktor-server-core-jvm-3.2.3.jar for the dependency io.ktor:ktor-server-core-jvm:3.2.3
00:18.069 DEBUG :dice-roller:resolveDependenciesJvm DependencyFileImpl        Downloaded https://repo1.maven.org/maven2/io/netty/netty-transport-native-kqueue/4.2.2.Final/netty-transport-native-kqueue-4.2.2.Final.jar.sha512 for the dependency io.netty:netty-transport-native-kqueue:4.2.2.Final
00:18.072 DEBUG :dice-roller:resolveDependenciesJvm DependencyFileImpl        Not found URL: https://repo1.maven.org/maven2/org/jetbrains/kotlin/kotlin-reflect/2.1.21/kotlin-reflect-2.1.21.jar.sha512
00:18.081 DEBUG :dice-roller:resolveDependenciesJvm DependencyFileImpl        Not found URL: https://repo1.maven.org/maven2/org/jetbrains/kotlin/kotlin-stdlib-jdk8/1.8.0/kotlin-stdlib-jdk8-1.8.0.jar.sha512
00:18.085 DEBUG :dice-roller:resolveDependenciesJvm DependencyFileImpl        Downloaded https://repo1.maven.org/maven2/io/netty/netty-codec-base/4.2.2.Final/netty-codec-base-4.2.2.Final.jar.sha512 for the dependency io.netty:netty-codec-base:4.2.2.Final
00:18.092 DEBUG :dice-roller:resolveDependenciesJvm DependencyFileImpl        Downloaded https://repo1.maven.org/maven2/ch/qos/logback/logback-core/1.5.22/logback-core-1.5.22.jar.sha512 for the dependency ch.qos.logback:logback-core:1.5.22
00:18.097 DEBUG :dice-roller:resolveDependenciesJvm DependencyFileImpl        Not found URL: https://repo1.maven.org/maven2/org/jetbrains/kotlin/kotlin-stdlib-jdk7/1.8.0/kotlin-stdlib-jdk7-1.8.0.jar.sha512
00:18.097 DEBUG :dice-roller:resolveDependenciesJvm DependencyFileImpl        Not found URL: https://repo1.maven.org/maven2/com/typesafe/config/1.4.3/config-1.4.3.jar.sha512
00:18.100 DEBUG :dice-roller:resolveDependenciesJvm DependencyFileImpl        Not found URL: https://repo1.maven.org/maven2/org/slf4j/slf4j-api/2.0.17/slf4j-api-2.0.17.jar.sha512
00:18.101 DEBUG :dice-roller:resolveDependenciesJvm DependencyFileImpl        Downloaded https://repo1.maven.org/maven2/io/netty/netty-transport-classes-epoll/4.2.2.Final/netty-transport-classes-epoll-4.2.2.Final.jar.sha512 for the dependency io.netty:netty-transport-classes-epoll:4.2.2.Final
00:18.103 DEBUG :dice-roller:resolveDependenciesJvm DependencyFileImpl        Downloaded https://repo1.maven.org/maven2/io/netty/netty-codec-http/4.2.2.Final/netty-codec-http-4.2.2.Final.jar.sha512 for the dependency io.netty:netty-codec-http:4.2.2.Final
00:18.104 DEBUG :dice-roller:resolveDependenciesJvm DependencyFileImpl        Downloaded https://repo1.maven.org/maven2/org/jetbrains/kotlin/kotlin-stdlib/2.2.21/kotlin-stdlib-2.2.21.jar for the dependency org.jetbrains.kotlin:kotlin-stdlib:2.2.21
00:18.108 DEBUG :dice-roller:resolveDependenciesJvm DependencyFileImpl        Downloaded https://repo1.maven.org/maven2/io/ktor/ktor-http-cio-jvm/3.2.3/ktor-http-cio-jvm-3.2.3.jar for the dependency io.ktor:ktor-http-cio-jvm:3.2.3
00:18.112 DEBUG :dice-roller:resolveDependenciesJvm DependencyFileImpl        Downloaded https://repo1.maven.org/maven2/org/jetbrains/kotlinx/kotlinx-io-bytestring-jvm/0.7.0/kotlinx-io-bytestring-jvm-0.7.0.jar for the dependency org.jetbrains.kotlinx:kotlinx-io-bytestring-jvm:0.7.0
00:18.126 DEBUG :dice-roller:resolveDependenciesJvm DependencyFileImpl        Downloaded https://repo1.maven.org/maven2/ch/qos/logback/logback-classic/1.5.22/logback-classic-1.5.22.jar for the dependency ch.qos.logback:logback-classic:1.5.22
00:18.128 DEBUG :dice-roller:resolveDependenciesJvm DependencyFileImpl        Downloaded https://repo1.maven.org/maven2/io/netty/netty-transport-native-unix-common/4.2.2.Final/netty-transport-native-unix-common-4.2.2.Final.jar for the dependency io.netty:netty-transport-native-unix-common:4.2.2.Final
00:18.131 DEBUG :dice-roller:resolveDependenciesJvm DependencyFileImpl        Downloaded https://repo1.maven.org/maven2/io/netty/netty-resolver/4.2.2.Final/netty-resolver-4.2.2.Final.jar.sha512 for the dependency io.netty:netty-resolver:4.2.2.Final
00:18.175 DEBUG :dice-roller:resolveDependenciesJvm DependencyFileImpl        Downloaded https://repo1.maven.org/maven2/io/netty/netty-buffer/4.2.2.Final/netty-buffer-4.2.2.Final.jar for the dependency io.netty:netty-buffer:4.2.2.Final
00:18.186 DEBUG :dice-roller:resolveDependenciesJvm DependencyFileImpl        Downloaded https://repo1.maven.org/maven2/io/netty/netty-transport-native-epoll/4.2.2.Final/netty-transport-native-epoll-4.2.2.Final.jar for the dependency io.netty:netty-transport-native-epoll:4.2.2.Final
00:18.186 DEBUG :dice-roller:resolveDependenciesJvm DependencyFileImpl        Downloaded https://repo1.maven.org/maven2/io/netty/netty-transport-native-kqueue/4.2.2.Final/netty-transport-native-kqueue-4.2.2.Final.jar for the dependency io.netty:netty-transport-native-kqueue:4.2.2.Final
00:18.193 DEBUG :dice-roller:resolveDependenciesJvm DependencyFileImpl        Downloaded https://repo1.maven.org/maven2/io/netty/netty-transport/4.2.2.Final/netty-transport-4.2.2.Final.jar for the dependency io.netty:netty-transport:4.2.2.Final
00:18.246 DEBUG :dice-roller:resolveDependenciesJvm DependencyFileImpl        Downloaded https://repo1.maven.org/maven2/io/netty/netty-common/4.2.2.Final/netty-common-4.2.2.Final.jar for the dependency io.netty:netty-common:4.2.2.Final
00:18.246 DEBUG :dice-roller:resolveDependenciesJvm DependencyFileImpl        Downloaded https://repo1.maven.org/maven2/io/netty/netty-codec-http2/4.2.2.Final/netty-codec-http2-4.2.2.Final.jar for the dependency io.netty:netty-codec-http2:4.2.2.Final
00:18.263 DEBUG :dice-roller:resolveDependenciesJvm DependencyFileImpl        Not found URL: https://maven.google.com/org/jetbrains/annotations/23.0.0/annotations-23.0.0.jar.sha512
00:18.286 DEBUG :dice-roller:resolveDependenciesJvm DependencyFileImpl        Downloaded https://repo1.maven.org/maven2/io/netty/netty-codec-base/4.2.2.Final/netty-codec-base-4.2.2.Final.jar for the dependency io.netty:netty-codec-base:4.2.2.Final
00:18.321 DEBUG :dice-roller:resolveDependenciesJvm DependencyFileImpl        Downloaded https://repo1.maven.org/maven2/ch/qos/logback/logback-core/1.5.22/logback-core-1.5.22.jar for the dependency ch.qos.logback:logback-core:1.5.22
00:18.321 DEBUG :dice-roller:resolveDependenciesJvm DependencyFileImpl        Downloaded https://repo1.maven.org/maven2/io/netty/netty-codec-http/4.2.2.Final/netty-codec-http-4.2.2.Final.jar for the dependency io.netty:netty-codec-http:4.2.2.Final
00:18.321 DEBUG :dice-roller:resolveDependenciesJvm DependencyFileImpl        Downloaded https://repo1.maven.org/maven2/io/netty/netty-transport-classes-epoll/4.2.2.Final/netty-transport-classes-epoll-4.2.2.Final.jar for the dependency io.netty:netty-transport-classes-epoll:4.2.2.Final
00:18.336 DEBUG :dice-roller:resolveDependenciesJvm DependencyFileImpl        Downloaded https://repo1.maven.org/maven2/org/jetbrains/kotlin/kotlin-stdlib/2.2.21/kotlin-stdlib-2.2.21-sources.jar for the dependency org.jetbrains.kotlin:kotlin-stdlib:2.2.21
00:18.343 DEBUG :dice-roller:resolveDependenciesJvm DependencyFileImpl        Downloaded https://repo1.maven.org/maven2/io/netty/netty-codec-compression/4.2.2.Final/netty-codec-compression-4.2.2.Final.jar.sha512 for the dependency io.netty:netty-codec-compression:4.2.2.Final
00:18.345 DEBUG :dice-roller:resolveDependenciesJvm DependencyFileImpl        Downloaded https://repo1.maven.org/maven2/io/netty/netty-resolver/4.2.2.Final/netty-resolver-4.2.2.Final.jar for the dependency io.netty:netty-resolver:4.2.2.Final
00:18.358 DEBUG :dice-roller:resolveDependenciesJvm DependencyFileImpl        Not found URL: https://maven.pkg.jetbrains.space/public/p/compose/dev/org/jetbrains/annotations/23.0.0/annotations-23.0.0.jar.sha512
00:18.362 DEBUG :dice-roller:resolveDependenciesJvm DependencyFileImpl        Not found URL: https://maven.google.com/org/fusesource/jansi/jansi/2.4.2/jansi-2.4.2.jar.sha512
00:18.363 DEBUG :dice-roller:resolveDependenciesJvm DependencyFileImpl        Downloaded https://repo1.maven.org/maven2/io/netty/netty-transport-classes-kqueue/4.2.2.Final/netty-transport-classes-kqueue-4.2.2.Final.jar.sha512 for the dependency io.netty:netty-transport-classes-kqueue:4.2.2.Final
00:18.370 DEBUG :dice-roller:resolveDependenciesJvm DependencyFileImpl        Not found URL: https://maven.google.com/org/jetbrains/kotlin/kotlin-reflect/2.1.21/kotlin-reflect-2.1.21.jar.sha512
00:18.374 DEBUG :dice-roller:resolveDependenciesJvm DependencyFileImpl        Not found URL: https://maven.google.com/org/jetbrains/kotlin/kotlin-stdlib-jdk8/1.8.0/kotlin-stdlib-jdk8-1.8.0.jar.sha512
00:18.375 DEBUG :dice-roller:resolveDependenciesJvm DependencyFileImpl        Downloaded https://repo1.maven.org/maven2/io/netty/netty-codec-compression/4.2.2.Final/netty-codec-compression-4.2.2.Final.jar for the dependency io.netty:netty-codec-compression:4.2.2.Final
00:18.380 DEBUG :dice-roller:resolveDependenciesJvm DependencyFileImpl        Not found URL: https://repo1.maven.org/maven2/org/jetbrains/annotations/23.0.0/annotations-23.0.0.jar.sha256
00:18.384 DEBUG :dice-roller:resolveDependenciesJvm DependencyFileImpl        Not found URL: https://maven.pkg.jetbrains.space/public/p/compose/dev/org/fusesource/jansi/jansi/2.4.2/jansi-2.4.2.jar.sha512
00:18.387 DEBUG :dice-roller:resolveDependenciesJvm DependencyFileImpl        Downloaded https://repo1.maven.org/maven2/io/netty/netty-transport-classes-kqueue/4.2.2.Final/netty-transport-classes-kqueue-4.2.2.Final.jar for the dependency io.netty:netty-transport-classes-kqueue:4.2.2.Final
00:18.399 DEBUG :dice-roller:resolveDependenciesJvm DependencyFileImpl        Not found URL: https://maven.pkg.jetbrains.space/public/p/compose/dev/org/jetbrains/kotlin/kotlin-reflect/2.1.21/kotlin-reflect-2.1.21.jar.sha512
00:18.401 DEBUG :dice-roller:resolveDependenciesJvm DependencyFileImpl        Not found URL: https://maven.pkg.jetbrains.space/public/p/compose/dev/org/jetbrains/kotlin/kotlin-stdlib-jdk8/1.8.0/kotlin-stdlib-jdk8-1.8.0.jar.sha512
00:18.404 DEBUG :dice-roller:resolveDependenciesJvm DependencyFileImpl        Not found URL: https://repo1.maven.org/maven2/org/fusesource/jansi/jansi/2.4.2/jansi-2.4.2.jar.sha256
00:18.407 DEBUG :dice-roller:resolveDependenciesJvm DependencyFileImpl        Not found URL: https://maven.google.com/org/slf4j/slf4j-api/2.0.17/slf4j-api-2.0.17.jar.sha512
00:18.421 DEBUG :dice-roller:resolveDependenciesJvm DependencyFileImpl        Not found URL: https://repo1.maven.org/maven2/org/jetbrains/kotlin/kotlin-reflect/2.1.21/kotlin-reflect-2.1.21.jar.sha256
00:18.423 DEBUG :dice-roller:resolveDependenciesJvm DependencyFileImpl        Not found URL: https://repo1.maven.org/maven2/org/jetbrains/kotlin/kotlin-stdlib-jdk8/1.8.0/kotlin-stdlib-jdk8-1.8.0.jar.sha256
00:18.437 DEBUG :dice-roller:resolveDependenciesJvm DependencyFileImpl        Not found URL: https://maven.pkg.jetbrains.space/public/p/compose/dev/org/slf4j/slf4j-api/2.0.17/slf4j-api-2.0.17.jar.sha512
00:18.454 DEBUG :dice-roller:resolveDependenciesJvm DependencyFileImpl        Not found URL: https://repo1.maven.org/maven2/org/slf4j/slf4j-api/2.0.17/slf4j-api-2.0.17.jar.sha256
00:18.463 DEBUG :dice-roller:resolveDependenciesJvm DependencyFileImpl        Not found URL: https://maven.google.com/org/jetbrains/kotlin/kotlin-stdlib-jdk7/1.8.0/kotlin-stdlib-jdk7-1.8.0.jar.sha512
00:18.496 DEBUG :dice-roller:resolveDependenciesJvm DependencyFileImpl        Not found URL: https://maven.pkg.jetbrains.space/public/p/compose/dev/org/jetbrains/kotlin/kotlin-stdlib-jdk7/1.8.0/kotlin-stdlib-jdk7-1.8.0.jar.sha512
00:18.515 DEBUG :dice-roller:resolveDependenciesJvm DependencyFileImpl        Not found URL: https://repo1.maven.org/maven2/org/jetbrains/kotlin/kotlin-stdlib-jdk7/1.8.0/kotlin-stdlib-jdk7-1.8.0.jar.sha256
00:18.535 DEBUG :dice-roller:resolveDependenciesJvm DependencyFileImpl        Not found URL: https://maven.google.com/org/jetbrains/annotations/23.0.0/annotations-23.0.0.jar.sha256
00:18.540 DEBUG :dice-roller:resolveDependenciesJvm DependencyFileImpl        Not found URL: https://repo1.maven.org/maven2/org/eclipse/jetty/alpn/alpn-api/1.1.3.v20160715/alpn-api-1.1.3.v20160715.jar.sha512
00:18.560 DEBUG :dice-roller:resolveDependenciesJvm DependencyFileImpl        Not found URL: https://maven.pkg.jetbrains.space/public/p/compose/dev/org/jetbrains/annotations/23.0.0/annotations-23.0.0.jar.sha256
00:18.582 DEBUG :dice-roller:resolveDependenciesJvm DependencyFileImpl        Downloaded https://repo1.maven.org/maven2/org/jetbrains/annotations/23.0.0/annotations-23.0.0.jar.sha1 for the dependency org.jetbrains:annotations:23.0.0
00:18.602 DEBUG :dice-roller:resolveDependenciesJvm DependencyFileImpl        Downloaded https://repo1.maven.org/maven2/org/jetbrains/annotations/23.0.0/annotations-23.0.0.jar for the dependency org.jetbrains:annotations:23.0.0
00:18.622 DEBUG :dice-roller:resolveDependenciesJvm DependencyFileImpl        Not found URL: https://maven.google.com/org/fusesource/jansi/jansi/2.4.2/jansi-2.4.2.jar.sha256
00:18.628 DEBUG :dice-roller:resolveDependenciesJvm DependencyFileImpl        Not found URL: https://maven.google.com/com/typesafe/config/1.4.3/config-1.4.3.jar.sha512
00:18.648 DEBUG :dice-roller:resolveDependenciesJvm DependencyFileImpl        Not found URL: https://maven.pkg.jetbrains.space/public/p/compose/dev/org/fusesource/jansi/jansi/2.4.2/jansi-2.4.2.jar.sha256
00:18.650 DEBUG :dice-roller:resolveDependenciesJvm DependencyFileImpl        Not found URL: https://maven.google.com/org/jetbrains/kotlin/kotlin-reflect/2.1.21/kotlin-reflect-2.1.21.jar.sha256
00:18.655 DEBUG :dice-roller:resolveDependenciesJvm DependencyFileImpl        Not found URL: https://maven.pkg.jetbrains.space/public/p/compose/dev/com/typesafe/config/1.4.3/config-1.4.3.jar.sha512
00:18.661 DEBUG :dice-roller:resolveDependenciesJvm DependencyFileImpl        Not found URL: https://maven.google.com/org/jetbrains/kotlin/kotlin-stdlib-jdk8/1.8.0/kotlin-stdlib-jdk8-1.8.0.jar.sha256
00:18.678 DEBUG :dice-roller:resolveDependenciesJvm DependencyFileImpl        Not found URL: https://maven.pkg.jetbrains.space/public/p/compose/dev/org/jetbrains/kotlin/kotlin-reflect/2.1.21/kotlin-reflect-2.1.21.jar.sha256
00:18.681 DEBUG :dice-roller:resolveDependenciesJvm DependencyFileImpl        Not found URL: https://repo1.maven.org/maven2/com/typesafe/config/1.4.3/config-1.4.3.jar.sha256
00:18.686 DEBUG :dice-roller:resolveDependenciesJvm DependencyFileImpl        Not found URL: https://maven.pkg.jetbrains.space/public/p/compose/dev/org/jetbrains/kotlin/kotlin-stdlib-jdk8/1.8.0/kotlin-stdlib-jdk8-1.8.0.jar.sha256
00:18.688 DEBUG :dice-roller:resolveDependenciesJvm DependencyFileImpl        Downloaded https://repo1.maven.org/maven2/org/fusesource/jansi/jansi/2.4.2/jansi-2.4.2.jar.sha1 for the dependency org.fusesource.jansi:jansi:2.4.2
00:18.717 DEBUG :dice-roller:resolveDependenciesJvm DependencyFileImpl        Not found URL: https://maven.google.com/org/slf4j/slf4j-api/2.0.17/slf4j-api-2.0.17.jar.sha256
00:18.719 DEBUG :dice-roller:resolveDependenciesJvm DependencyFileImpl        Downloaded https://repo1.maven.org/maven2/org/jetbrains/kotlin/kotlin-stdlib-jdk8/1.8.0/kotlin-stdlib-jdk8-1.8.0.jar.sha1 for the dependency org.jetbrains.kotlin:kotlin-stdlib-jdk8:1.8.0
00:18.724 DEBUG :dice-roller:resolveDependenciesJvm DependencyFileImpl        Downloaded https://repo1.maven.org/maven2/org/fusesource/jansi/jansi/2.4.2/jansi-2.4.2.jar for the dependency org.fusesource.jansi:jansi:2.4.2
00:18.724 DEBUG :dice-roller:resolveDependenciesJvm DependencyFileImpl        Downloaded https://repo1.maven.org/maven2/org/jetbrains/kotlin/kotlin-reflect/2.1.21/kotlin-reflect-2.1.21.jar.sha1 for the dependency org.jetbrains.kotlin:kotlin-reflect:2.1.21
00:18.741 DEBUG :dice-roller:resolveDependenciesJvm DependencyFileImpl        Not found URL: https://maven.pkg.jetbrains.space/public/p/compose/dev/org/slf4j/slf4j-api/2.0.17/slf4j-api-2.0.17.jar.sha256
00:18.749 DEBUG :dice-roller:resolveDependenciesJvm DependencyFileImpl        Not found URL: https://maven.google.com/org/jetbrains/kotlin/kotlin-stdlib-jdk7/1.8.0/kotlin-stdlib-jdk7-1.8.0.jar.sha256
00:18.753 DEBUG :dice-roller:resolveDependenciesJvm DependencyFileImpl        Downloaded https://repo1.maven.org/maven2/org/jetbrains/kotlin/kotlin-stdlib-jdk8/1.8.0/kotlin-stdlib-jdk8-1.8.0.jar for the dependency org.jetbrains.kotlin:kotlin-stdlib-jdk8:1.8.0
00:18.779 DEBUG :dice-roller:resolveDependenciesJvm DependencyFileImpl        Not found URL: https://maven.pkg.jetbrains.space/public/p/compose/dev/org/jetbrains/kotlin/kotlin-stdlib-jdk7/1.8.0/kotlin-stdlib-jdk7-1.8.0.jar.sha256
00:18.780 DEBUG :dice-roller:resolveDependenciesJvm DependencyFileImpl        Not found URL: https://maven.google.com/org/eclipse/jetty/alpn/alpn-api/1.1.3.v20160715/alpn-api-1.1.3.v20160715.jar.sha512
00:18.789 DEBUG :dice-roller:resolveDependenciesJvm DependencyFileImpl        Downloaded https://repo1.maven.org/maven2/org/slf4j/slf4j-api/2.0.17/slf4j-api-2.0.17.jar.sha1 for the dependency org.slf4j:slf4j-api:2.0.17
00:18.804 DEBUG :dice-roller:resolveDependenciesJvm DependencyFileImpl        Not found URL: https://maven.pkg.jetbrains.space/public/p/compose/dev/org/eclipse/jetty/alpn/alpn-api/1.1.3.v20160715/alpn-api-1.1.3.v20160715.jar.sha512
00:18.819 DEBUG :dice-roller:resolveDependenciesJvm DependencyFileImpl        Downloaded https://repo1.maven.org/maven2/org/jetbrains/kotlin/kotlin-stdlib-jdk7/1.8.0/kotlin-stdlib-jdk7-1.8.0.jar.sha1 for the dependency org.jetbrains.kotlin:kotlin-stdlib-jdk7:1.8.0
00:18.833 DEBUG :dice-roller:resolveDependenciesJvm DependencyFileImpl        Downloaded https://repo1.maven.org/maven2/org/slf4j/slf4j-api/2.0.17/slf4j-api-2.0.17.jar for the dependency org.slf4j:slf4j-api:2.0.17
00:18.841 DEBUG :dice-roller:resolveDependenciesJvm DependencyFileImpl        Not found URL: https://repo1.maven.org/maven2/org/eclipse/jetty/alpn/alpn-api/1.1.3.v20160715/alpn-api-1.1.3.v20160715.jar.sha256
00:18.841 DEBUG :dice-roller:resolveDependenciesJvm DependencyFileImpl        Downloaded https://repo1.maven.org/maven2/org/jetbrains/kotlin/kotlin-reflect/2.1.21/kotlin-reflect-2.1.21.jar for the dependency org.jetbrains.kotlin:kotlin-reflect:2.1.21
00:18.843 DEBUG :dice-roller:resolveDependenciesJvm DependencyFileImpl        Downloaded https://repo1.maven.org/maven2/org/jetbrains/kotlin/kotlin-stdlib-jdk7/1.8.0/kotlin-stdlib-jdk7-1.8.0.jar for the dependency org.jetbrains.kotlin:kotlin-stdlib-jdk7:1.8.0
00:18.865 DEBUG :dice-roller:resolveDependenciesJvm DependencyFileImpl        Not found URL: https://maven.google.com/com/typesafe/config/1.4.3/config-1.4.3.jar.sha256
00:18.896 DEBUG :dice-roller:resolveDependenciesJvm DependencyFileImpl        Not found URL: https://maven.pkg.jetbrains.space/public/p/compose/dev/com/typesafe/config/1.4.3/config-1.4.3.jar.sha256
00:18.916 DEBUG :dice-roller:resolveDependenciesJvm DependencyFileImpl        Downloaded https://repo1.maven.org/maven2/com/typesafe/config/1.4.3/config-1.4.3.jar.sha1 for the dependency com.typesafe:config:1.4.3
00:18.942 DEBUG :dice-roller:resolveDependenciesJvm DependencyFileImpl        Downloaded https://repo1.maven.org/maven2/com/typesafe/config/1.4.3/config-1.4.3.jar for the dependency com.typesafe:config:1.4.3
00:18.964 DEBUG :dice-roller:resolveDependenciesJvm DependencyFileImpl        Downloaded https://repo1.maven.org/maven2/io/netty/netty-handler/4.2.2.Final/netty-handler-4.2.2.Final.jar.sha512 for the dependency io.netty:netty-handler:4.2.2.Final
00:18.993 DEBUG :dice-roller:resolveDependenciesJvm DependencyFileImpl        Downloaded https://repo1.maven.org/maven2/io/netty/netty-handler/4.2.2.Final/netty-handler-4.2.2.Final.jar for the dependency io.netty:netty-handler:4.2.2.Final
00:19.005 DEBUG :dice-roller:resolveDependenciesJvm DependencyFileImpl        Not found URL: https://maven.google.com/org/eclipse/jetty/alpn/alpn-api/1.1.3.v20160715/alpn-api-1.1.3.v20160715.jar.sha256
00:19.031 DEBUG :dice-roller:resolveDependenciesJvm DependencyFileImpl        Not found URL: https://maven.pkg.jetbrains.space/public/p/compose/dev/org/eclipse/jetty/alpn/alpn-api/1.1.3.v20160715/alpn-api-1.1.3.v20160715.jar.sha256
00:19.065 DEBUG :dice-roller:resolveDependenciesJvm DependencyFileImpl        Downloaded https://repo1.maven.org/maven2/org/eclipse/jetty/alpn/alpn-api/1.1.3.v20160715/alpn-api-1.1.3.v20160715.jar.sha1 for the dependency org.eclipse.jetty.alpn:alpn-api:1.1.3.v20160715
00:19.086 DEBUG :dice-roller:resolveDependenciesJvm DependencyFileImpl        Downloaded https://repo1.maven.org/maven2/org/eclipse/jetty/alpn/alpn-api/1.1.3.v20160715/alpn-api-1.1.3.v20160715.jar for the dependency org.eclipse.jetty.alpn:alpn-api:1.1.3.v20160715
00:19.516 DEBUG :dice-roller:resolveDependenciesJvm IncrementalCache          [inc] finished 'Module dependencies graph,/workspaces/2850MiniProject/dice-roller,JVM,false,ResolutionConfigPlain(scope=COMPILE, platforms=[JVM], repositories=[https://repo1.maven.org/maven2]),false,true,NETWORK' in 11.631094131s
00:19.712 DEBUG :dice-roller:resolveDependenciesJvm IncrementalCache          [inc] 'Module dependencies graph,/workspaces/2850MiniProject/dice-roller,JVM,false,ResolutionConfigPlain(scope=COMPILE, platforms=[JVM], repositories=[https://repo1.maven.org/maven2]),false,true,NETWORK' changes: '/home/codespace/.cache/JetBrains/Amper/.m2.cache/org/jetbrains/kotlin/kotlin-stdlib/2.2.21/kotlin-stdlib-2.2.21.jar' CREATED, '/home/codespace/.cache/JetBrains/Amper/.m2.cache/ch/qos/logback/logback-classic/1.5.22/logback-classic-1.5.22.jar' CREATED, '/home/codespace/.cache/JetBrains/Amper/.m2.cache/io/ktor/ktor-server-core-jvm/3.2.3/ktor-server-core-jvm-3.2.3.jar' CREATED, '/home/codespace/.cache/JetBrains/Amper/.m2.cache/io/ktor/ktor-server-status-pages-jvm/3.2.3/ktor-server-status-pages-jvm-3.2.3.jar' CREATED, '/home/codespace/.cache/JetBrains/Amper/.m2.cache/io/ktor/ktor-server-html-builder-jvm/3.2.3/ktor-server-html-builder-jvm-3.2.3.jar' CREATED, '/home/codespace/.cache/JetBrains/Amper/.m2.cache/io/ktor/ktor-server-netty-jvm/3.2.3/ktor-server-netty-jvm-3.2.3.jar' CREATED, '/home/codespace/.cache/JetBrains/Amper/.m2.cache/org/jetbrains/annotations/23.0.0/annotations-23.0.0.jar' CREATED, '/home/codespace/.cache/JetBrains/Amper/.m2.cache/io/ktor/ktor-server-config-yaml-jvm/3.2.3/ktor-server-config-yaml-jvm-3.2.3.jar' CREATED, '/home/codespace/.cache/JetBrains/Amper/.m2.cache/ch/qos/logback/logback-core/1.5.22/logback-core-1.5.22.jar' CREATED, '/home/codespace/.cache/JetBrains/Amper/.m2.cache/org/slf4j/slf4j-api/2.0.17/slf4j-api-2.0.17.jar' CREATED, '/home/codespace/.cache/JetBrains/Amper/.m2.cache/com/typesafe/config/1.4.3/config-1.4.3.jar' CREATED, '/home/codespace/.cache/JetBrains/Amper/.m2.cache/org/jetbrains/kotlin/kotlin-reflect/2.1.21/kotlin-reflect-2.1.21.jar' CREATED, '/home/codespace/.cache/JetBrains/Amper/.m2.cache/io/netty/netty-codec-http2/4.2.2.Final/netty-codec-http2-4.2.2.Final.jar' CREATED, '/home/codespace/.cache/JetBrains/Amper/.m2.cache/org/eclipse/jetty/alpn/alpn-api/1.1.3.v20160715/alpn-api-1.1.3.v20160715.jar' CREATED, '/home/codespace/.cache/JetBrains/Amper/.m2.cache/io/netty/netty-transport-native-kqueue/4.2.2.Final/netty-transport-native-kqueue-4.2.2.Final.jar' CREATED, '/home/codespace/.cache/JetBrains/Amper/.m2.cache/io/netty/netty-transport-native-epoll/4.2.2.Final/netty-transport-native-epoll-4.2.2.Final.jar' CREATED, '/home/codespace/.cache/JetBrains/Amper/.m2.cache/org/fusesource/jansi/jansi/2.4.2/jansi-2.4.2.jar' CREATED, '/home/codespace/.cache/JetBrains/Amper/.m2.cache/org/jetbrains/kotlinx/kotlinx-coroutines-core-jvm/1.10.2/kotlinx-coroutines-core-jvm-1.10.2.jar' CREATED, '/home/codespace/.cache/JetBrains/Amper/.m2.cache/io/ktor/ktor-utils-jvm/3.2.3/ktor-utils-jvm-3.2.3.jar' CREATED, '/home/codespace/.cache/JetBrains/Amper/.m2.cache/io/ktor/ktor-http-jvm/3.2.3/ktor-http-jvm-3.2.3.jar' CREATED, '/home/codespace/.cache/JetBrains/Amper/.m2.cache/io/ktor/ktor-serialization-jvm/3.2.3/ktor-serialization-jvm-3.2.3.jar' CREATED, '/home/codespace/.cache/JetBrains/Amper/.m2.cache/io/ktor/ktor-events-jvm/3.2.3/ktor-events-jvm-3.2.3.jar' CREATED, '/home/codespace/.cache/JetBrains/Amper/.m2.cache/io/ktor/ktor-http-cio-jvm/3.2.3/ktor-http-cio-jvm-3.2.3.jar' CREATED, '/home/codespace/.cache/JetBrains/Amper/.m2.cache/io/ktor/ktor-websockets-jvm/3.2.3/ktor-websockets-jvm-3.2.3.jar' CREATED, '/home/codespace/.cache/JetBrains/Amper/.m2.cache/org/jetbrains/kotlinx/kotlinx-html-jvm/0.12.0/kotlinx-html-jvm-0.12.0.jar' CREATED, '/home/codespace/.cache/JetBrains/Amper/.m2.cache/io/netty/netty-common/4.2.2.Final/netty-common-4.2.2.Final.jar' CREATED, '/home/codespace/.cache/JetBrains/Amper/.m2.cache/io/netty/netty-buffer/4.2.2.Final/netty-buffer-4.2.2.Final.jar' CREATED, '/home/codespace/.cache/JetBrains/Amper/.m2.cache/io/netty/netty-transport/4.2.2.Final/netty-transport-4.2.2.Final.jar' CREATED, '/home/codespace/.cache/JetBrains/Amper/.m2.cache/io/netty/netty-codec-base/4.2.2.Final/netty-codec-base-4.2.2.Final.jar' CREATED, '/home/codespace/.cache/JetBrains/Amper/.m2.cache/io/netty/netty-handler/4.2.2.Final/netty-handler-4.2.2.Final.jar' CREATED, '/home/codespace/.cache/JetBrains/Amper/.m2.cache/io/netty/netty-codec-http/4.2.2.Final/netty-codec-http-4.2.2.Final.jar' CREATED, '/home/codespace/.cache/JetBrains/Amper/.m2.cache/io/netty/netty-transport-native-unix-common/4.2.2.Final/netty-transport-native-unix-common-4.2.2.Final.jar' CREATED, '/home/codespace/.cache/JetBrains/Amper/.m2.cache/io/netty/netty-transport-classes-kqueue/4.2.2.Final/netty-transport-classes-kqueue-4.2.2.Final.jar' CREATED, '/home/codespace/.cache/JetBrains/Amper/.m2.cache/io/netty/netty-transport-classes-epoll/4.2.2.Final/netty-transport-classes-epoll-4.2.2.Final.jar' CREATED, '/home/codespace/.cache/JetBrains/Amper/.m2.cache/net/mamoe/yamlkt/yamlkt-jvm/0.13.0/yamlkt-jvm-0.13.0.jar' CREATED, '/home/codespace/.cache/JetBrains/Amper/.m2.cache/com/charleskorn/kaml/kaml-jvm/0.77.1/kaml-jvm-0.77.1.jar' CREATED, '/home/codespace/.cache/JetBrains/Amper/.m2.cache/io/netty/netty-resolver/4.2.2.Final/netty-resolver-4.2.2.Final.jar' CREATED, '/home/codespace/.cache/JetBrains/Amper/.m2.cache/io/netty/netty-codec-compression/4.2.2.Final/netty-codec-compression-4.2.2.Final.jar' CREATED, '/home/codespace/.cache/JetBrains/Amper/.m2.cache/org/jetbrains/kotlin/kotlin-stdlib-jdk8/1.8.0/kotlin-stdlib-jdk8-1.8.0.jar' CREATED, '/home/codespace/.cache/JetBrains/Amper/.m2.cache/io/ktor/ktor-io-jvm/3.2.3/ktor-io-jvm-3.2.3.jar' CREATED, '/home/codespace/.cache/JetBrains/Amper/.m2.cache/org/jetbrains/kotlinx/kotlinx-serialization-core-jvm/1.8.1/kotlinx-serialization-core-jvm-1.8.1.jar' CREATED, '/home/codespace/.cache/JetBrains/Amper/.m2.cache/io/ktor/ktor-network-jvm/3.2.3/ktor-network-jvm-3.2.3.jar' CREATED, '/home/codespace/.cache/JetBrains/Amper/.m2.cache/org/jetbrains/kotlin/kotlin-stdlib-jdk7/1.8.0/kotlin-stdlib-jdk7-1.8.0.jar' CREATED, '/home/codespace/.cache/JetBrains/Amper/.m2.cache/it/krzeminski/snakeyaml-engine-kmp-jvm/3.1.1/snakeyaml-engine-kmp-jvm-3.1.1.jar' CREATED, '/home/codespace/.cache/JetBrains/Amper/.m2.cache/com/squareup/okio/okio-jvm/3.11.0/okio-jvm-3.11.0.jar' CREATED, '/home/codespace/.cache/JetBrains/Amper/.m2.cache/org/jetbrains/kotlinx/kotlinx-io-core-jvm/0.7.0/kotlinx-io-core-jvm-0.7.0.jar' CREATED, '/home/codespace/.cache/JetBrains/Amper/.m2.cache/net/thauvin/erik/urlencoder/urlencoder-lib-jvm/1.6.0/urlencoder-lib-jvm-1.6.0.jar' CREATED, '/home/codespace/.cache/JetBrains/Amper/.m2.cache/org/jetbrains/kotlinx/kotlinx-io-bytestring-jvm/0.7.0/kotlinx-io-bytestring-jvm-0.7.0.jar' CREATED
00:19.740 DEBUG :dice-roller:resolveDependenciesJvm IncrementalCache          [inc] finished ':dice-roller:resolveDependenciesJvm' in 11.872989724s
00:19.755 DEBUG :dice-roller:resolveDependenciesJvm IncrementalCache          [inc] ':dice-roller:resolveDependenciesJvm' changes: '/home/codespace/.cache/JetBrains/Amper/.m2.cache/ch/qos/logback/logback-classic/1.5.22/logback-classic-1.5.22.jar' CREATED, '/home/codespace/.cache/JetBrains/Amper/.m2.cache/ch/qos/logback/logback-core/1.5.22/logback-core-1.5.22.jar' CREATED, '/home/codespace/.cache/JetBrains/Amper/.m2.cache/com/charleskorn/kaml/kaml-jvm/0.77.1/kaml-jvm-0.77.1.jar' CREATED, '/home/codespace/.cache/JetBrains/Amper/.m2.cache/com/squareup/okio/okio-jvm/3.11.0/okio-jvm-3.11.0.jar' CREATED, '/home/codespace/.cache/JetBrains/Amper/.m2.cache/com/typesafe/config/1.4.3/config-1.4.3.jar' CREATED, '/home/codespace/.cache/JetBrains/Amper/.m2.cache/io/ktor/ktor-events-jvm/3.2.3/ktor-events-jvm-3.2.3.jar' CREATED, '/home/codespace/.cache/JetBrains/Amper/.m2.cache/io/ktor/ktor-http-cio-jvm/3.2.3/ktor-http-cio-jvm-3.2.3.jar' CREATED, '/home/codespace/.cache/JetBrains/Amper/.m2.cache/io/ktor/ktor-http-jvm/3.2.3/ktor-http-jvm-3.2.3.jar' CREATED, '/home/codespace/.cache/JetBrains/Amper/.m2.cache/io/ktor/ktor-io-jvm/3.2.3/ktor-io-jvm-3.2.3.jar' CREATED, '/home/codespace/.cache/JetBrains/Amper/.m2.cache/io/ktor/ktor-network-jvm/3.2.3/ktor-network-jvm-3.2.3.jar' CREATED, '/home/codespace/.cache/JetBrains/Amper/.m2.cache/io/ktor/ktor-serialization-jvm/3.2.3/ktor-serialization-jvm-3.2.3.jar' CREATED, '/home/codespace/.cache/JetBrains/Amper/.m2.cache/io/ktor/ktor-server-config-yaml-jvm/3.2.3/ktor-server-config-yaml-jvm-3.2.3.jar' CREATED, '/home/codespace/.cache/JetBrains/Amper/.m2.cache/io/ktor/ktor-server-core-jvm/3.2.3/ktor-server-core-jvm-3.2.3.jar' CREATED, '/home/codespace/.cache/JetBrains/Amper/.m2.cache/io/ktor/ktor-server-html-builder-jvm/3.2.3/ktor-server-html-builder-jvm-3.2.3.jar' CREATED, '/home/codespace/.cache/JetBrains/Amper/.m2.cache/io/ktor/ktor-server-netty-jvm/3.2.3/ktor-server-netty-jvm-3.2.3.jar' CREATED, '/home/codespace/.cache/JetBrains/Amper/.m2.cache/io/ktor/ktor-server-status-pages-jvm/3.2.3/ktor-server-status-pages-jvm-3.2.3.jar' CREATED, '/home/codespace/.cache/JetBrains/Amper/.m2.cache/io/ktor/ktor-utils-jvm/3.2.3/ktor-utils-jvm-3.2.3.jar' CREATED, '/home/codespace/.cache/JetBrains/Amper/.m2.cache/io/ktor/ktor-websockets-jvm/3.2.3/ktor-websockets-jvm-3.2.3.jar' CREATED, '/home/codespace/.cache/JetBrains/Amper/.m2.cache/io/netty/netty-buffer/4.2.2.Final/netty-buffer-4.2.2.Final.jar' CREATED, '/home/codespace/.cache/JetBrains/Amper/.m2.cache/io/netty/netty-codec-base/4.2.2.Final/netty-codec-base-4.2.2.Final.jar' CREATED, '/home/codespace/.cache/JetBrains/Amper/.m2.cache/io/netty/netty-codec-compression/4.2.2.Final/netty-codec-compression-4.2.2.Final.jar' CREATED, '/home/codespace/.cache/JetBrains/Amper/.m2.cache/io/netty/netty-codec-http/4.2.2.Final/netty-codec-http-4.2.2.Final.jar' CREATED, '/home/codespace/.cache/JetBrains/Amper/.m2.cache/io/netty/netty-codec-http2/4.2.2.Final/netty-codec-http2-4.2.2.Final.jar' CREATED, '/home/codespace/.cache/JetBrains/Amper/.m2.cache/io/netty/netty-common/4.2.2.Final/netty-common-4.2.2.Final.jar' CREATED, '/home/codespace/.cache/JetBrains/Amper/.m2.cache/io/netty/netty-handler/4.2.2.Final/netty-handler-4.2.2.Final.jar' CREATED, '/home/codespace/.cache/JetBrains/Amper/.m2.cache/io/netty/netty-resolver/4.2.2.Final/netty-resolver-4.2.2.Final.jar' CREATED, '/home/codespace/.cache/JetBrains/Amper/.m2.cache/io/netty/netty-transport-classes-epoll/4.2.2.Final/netty-transport-classes-epoll-4.2.2.Final.jar' CREATED, '/home/codespace/.cache/JetBrains/Amper/.m2.cache/io/netty/netty-transport-classes-kqueue/4.2.2.Final/netty-transport-classes-kqueue-4.2.2.Final.jar' CREATED, '/home/codespace/.cache/JetBrains/Amper/.m2.cache/io/netty/netty-transport-native-epoll/4.2.2.Final/netty-transport-native-epoll-4.2.2.Final.jar' CREATED, '/home/codespace/.cache/JetBrains/Amper/.m2.cache/io/netty/netty-transport-native-kqueue/4.2.2.Final/netty-transport-native-kqueue-4.2.2.Final.jar' CREATED, '/home/codespace/.cache/JetBrains/Amper/.m2.cache/io/netty/netty-transport-native-unix-common/4.2.2.Final/netty-transport-native-unix-common-4.2.2.Final.jar' CREATED, '/home/codespace/.cache/JetBrains/Amper/.m2.cache/io/netty/netty-transport/4.2.2.Final/netty-transport-4.2.2.Final.jar' CREATED, '/home/codespace/.cache/JetBrains/Amper/.m2.cache/it/krzeminski/snakeyaml-engine-kmp-jvm/3.1.1/snakeyaml-engine-kmp-jvm-3.1.1.jar' CREATED, '/home/codespace/.cache/JetBrains/Amper/.m2.cache/net/mamoe/yamlkt/yamlkt-jvm/0.13.0/yamlkt-jvm-0.13.0.jar' CREATED, '/home/codespace/.cache/JetBrains/Amper/.m2.cache/net/thauvin/erik/urlencoder/urlencoder-lib-jvm/1.6.0/urlencoder-lib-jvm-1.6.0.jar' CREATED, '/home/codespace/.cache/JetBrains/Amper/.m2.cache/org/eclipse/jetty/alpn/alpn-api/1.1.3.v20160715/alpn-api-1.1.3.v20160715.jar' CREATED, '/home/codespace/.cache/JetBrains/Amper/.m2.cache/org/fusesource/jansi/jansi/2.4.2/jansi-2.4.2.jar' CREATED, '/home/codespace/.cache/JetBrains/Amper/.m2.cache/org/jetbrains/annotations/23.0.0/annotations-23.0.0.jar' CREATED, '/home/codespace/.cache/JetBrains/Amper/.m2.cache/org/jetbrains/kotlin/kotlin-reflect/2.1.21/kotlin-reflect-2.1.21.jar' CREATED, '/home/codespace/.cache/JetBrains/Amper/.m2.cache/org/jetbrains/kotlin/kotlin-stdlib-jdk7/1.8.0/kotlin-stdlib-jdk7-1.8.0.jar' CREATED, '/home/codespace/.cache/JetBrains/Amper/.m2.cache/org/jetbrains/kotlin/kotlin-stdlib-jdk8/1.8.0/kotlin-stdlib-jdk8-1.8.0.jar' CREATED, '/home/codespace/.cache/JetBrains/Amper/.m2.cache/org/jetbrains/kotlin/kotlin-stdlib/2.2.21/kotlin-stdlib-2.2.21.jar' CREATED, '/home/codespace/.cache/JetBrains/Amper/.m2.cache/org/jetbrains/kotlinx/kotlinx-coroutines-core-jvm/1.10.2/kotlinx-coroutines-core-jvm-1.10.2.jar' CREATED, '/home/codespace/.cache/JetBrains/Amper/.m2.cache/org/jetbrains/kotlinx/kotlinx-html-jvm/0.12.0/kotlinx-html-jvm-0.12.0.jar' CREATED, '/home/codespace/.cache/JetBrains/Amper/.m2.cache/org/jetbrains/kotlinx/kotlinx-io-bytestring-jvm/0.7.0/kotlinx-io-bytestring-jvm-0.7.0.jar' CREATED, '/home/codespace/.cache/JetBrains/Amper/.m2.cache/org/jetbrains/kotlinx/kotlinx-io-core-jvm/0.7.0/kotlinx-io-core-jvm-0.7.0.jar' CREATED, '/home/codespace/.cache/JetBrains/Amper/.m2.cache/org/jetbrains/kotlinx/kotlinx-serialization-core-jvm/1.8.1/kotlinx-serialization-core-jvm-1.8.1.jar' CREATED, '/home/codespace/.cache/JetBrains/Amper/.m2.cache/org/slf4j/slf4j-api/2.0.17/slf4j-api-2.0.17.jar' CREATED
00:19.767 DEBUG :dice-roller:resolveDependenciesJvm ResolveExternalDependenciesTask resolve dependencies dice-roller -- main -- io.ktor:ktor-bom:3.2.3 io.ktor:ktor-server-core:3.2.3 io.ktor:ktor-server-html-builder:3.2.3 io.ktor:ktor-server-netty:3.2.3 io.ktor:ktor-server-status-pages:3.2.3 org.jetbrains.kotlin:kotlin-stdlib:2.2.21 -- resolvePlatform=JVM nativeTarget=null
wasmTarget=null
https://repo1.maven.org/maven2 https://maven.google.com https://maven.pkg.jetbrains.space/public/p/compose/dev resolved to:
  .m2.cache/org/jetbrains/kotlin/kotlin-stdlib/2.2.21/kotlin-stdlib-2.2.21.jar
  .m2.cache/io/ktor/ktor-server-core-jvm/3.2.3/ktor-server-core-jvm-3.2.3.jar
  .m2.cache/io/ktor/ktor-server-status-pages-jvm/3.2.3/ktor-server-status-pages-jvm-3.2.3.jar
  .m2.cache/io/ktor/ktor-server-html-builder-jvm/3.2.3/ktor-server-html-builder-jvm-3.2.3.jar
  .m2.cache/io/ktor/ktor-server-netty-jvm/3.2.3/ktor-server-netty-jvm-3.2.3.jar
  .m2.cache/org/jetbrains/annotations/23.0.0/annotations-23.0.0.jar
  .m2.cache/org/slf4j/slf4j-api/2.0.17/slf4j-api-2.0.17.jar
  .m2.cache/com/typesafe/config/1.4.3/config-1.4.3.jar
  .m2.cache/org/jetbrains/kotlin/kotlin-reflect/2.1.21/kotlin-reflect-2.1.21.jar
  .m2.cache/io/netty/netty-codec-http2/4.2.2.Final/netty-codec-http2-4.2.2.Final.jar
  .m2.cache/org/eclipse/jetty/alpn/alpn-api/1.1.3.v20160715/alpn-api-1.1.3.v20160715.jar
  .m2.cache/io/netty/netty-transport-native-kqueue/4.2.2.Final/netty-transport-native-kqueue-4.2.2.Final.jar
  .m2.cache/io/netty/netty-transport-native-epoll/4.2.2.Final/netty-transport-native-epoll-4.2.2.Final.jar
  .m2.cache/org/jetbrains/kotlinx/kotlinx-coroutines-core-jvm/1.10.2/kotlinx-coroutines-core-jvm-1.10.2.jar
  .m2.cache/io/ktor/ktor-utils-jvm/3.2.3/ktor-utils-jvm-3.2.3.jar
  .m2.cache/io/ktor/ktor-http-jvm/3.2.3/ktor-http-jvm-3.2.3.jar
  .m2.cache/io/ktor/ktor-serialization-jvm/3.2.3/ktor-serialization-jvm-3.2.3.jar
  .m2.cache/io/ktor/ktor-events-jvm/3.2.3/ktor-events-jvm-3.2.3.jar
  .m2.cache/io/ktor/ktor-http-cio-jvm/3.2.3/ktor-http-cio-jvm-3.2.3.jar
  .m2.cache/io/ktor/ktor-websockets-jvm/3.2.3/ktor-websockets-jvm-3.2.3.jar
  .m2.cache/org/jetbrains/kotlinx/kotlinx-html-jvm/0.12.0/kotlinx-html-jvm-0.12.0.jar
  .m2.cache/io/netty/netty-common/4.2.2.Final/netty-common-4.2.2.Final.jar
  .m2.cache/io/netty/netty-buffer/4.2.2.Final/netty-buffer-4.2.2.Final.jar
  .m2.cache/io/netty/netty-transport/4.2.2.Final/netty-transport-4.2.2.Final.jar
  .m2.cache/io/netty/netty-codec-base/4.2.2.Final/netty-codec-base-4.2.2.Final.jar
  .m2.cache/io/netty/netty-handler/4.2.2.Final/netty-handler-4.2.2.Final.jar
  .m2.cache/io/netty/netty-codec-http/4.2.2.Final/netty-codec-http-4.2.2.Final.jar
  .m2.cache/io/netty/netty-transport-native-unix-common/4.2.2.Final/netty-transport-native-unix-common-4.2.2.Final.jar
  .m2.cache/io/netty/netty-transport-classes-kqueue/4.2.2.Final/netty-transport-classes-kqueue-4.2.2.Final.jar
  .m2.cache/io/netty/netty-transport-classes-epoll/4.2.2.Final/netty-transport-classes-epoll-4.2.2.Final.jar
  .m2.cache/io/netty/netty-resolver/4.2.2.Final/netty-resolver-4.2.2.Final.jar
  .m2.cache/io/netty/netty-codec-compression/4.2.2.Final/netty-codec-compression-4.2.2.Final.jar
  .m2.cache/io/ktor/ktor-io-jvm/3.2.3/ktor-io-jvm-3.2.3.jar
  .m2.cache/org/jetbrains/kotlinx/kotlinx-serialization-core-jvm/1.8.1/kotlinx-serialization-core-jvm-1.8.1.jar
  .m2.cache/io/ktor/ktor-network-jvm/3.2.3/ktor-network-jvm-3.2.3.jar
  .m2.cache/org/jetbrains/kotlinx/kotlinx-io-core-jvm/0.7.0/kotlinx-io-core-jvm-0.7.0.jar
  .m2.cache/org/jetbrains/kotlinx/kotlinx-io-bytestring-jvm/0.7.0/kotlinx-io-bytestring-jvm-0.7.0.jar
00:19.773 DEBUG :dice-roller:compileJvm   JvmCompileTask            compile dice-roller -- main
00:19.966 INFO  :dice-roller:compileJvm   Downloader                Downloading https://corretto.aws/downloads/resources/21.0.1.12.1/amazon-corretto-21.0.1.12.1-linux-x64.tar.gz to /home/codespace/.cache/JetBrains/Amper/download.cache/b1fa834a91-amazon-corretto-21.0.1.12.1-linux-x64.tar.gz
00:24.342 DEBUG :dice-roller:compileJvm   ExtractKt                 Extracting /home/codespace/.cache/JetBrains/Amper/download.cache/b1fa834a91-amazon-corretto-21.0.1.12.1-linux-x64.tar.gz to /home/codespace/.cache/JetBrains/Amper/extract.cache/b1fa834a91-amazon-corretto-21.0.1.12.1-linux-x64.tar.gz.720fe1.d
00:26.680 DEBUG :dice-roller:compileJvm   StateKt                   [inc] state file is missing or empty at '/workspaces/2850MiniProject/dice-roller/build/incremental.state/_dice-roller_compileJvm-97be07e040' -> cache miss
00:26.680 DEBUG :dice-roller:compileJvm   IncrementalCache          [inc] building ':dice-roller:compileJvm'
00:26.701 DEBUG :dice-roller:compileJvm   StateKt                   [inc] state file is missing or empty at '/workspaces/2850MiniProject/dice-roller/build/incremental.state/resolve-org.jetbrains.kotlin-kotlin-build-tools-im-439d3d0dbf' -> cache miss
00:26.701 DEBUG :dice-roller:compileJvm   IncrementalCache          [inc] building 'resolve-org.jetbrains.kotlin-kotlin-build-tools-impl-2.2.21'
00:26.966 DEBUG :dice-roller:compileJvm   DependencyFileImpl        Not found URL: https://repo1.maven.org/maven2/org/jetbrains/kotlin/kotlin-build-tools-impl/2.2.21/kotlin-build-tools-impl-2.2.21.pom.sha512
00:27.217 DEBUG :dice-roller:compileJvm   DependencyFileImpl        Not found URL: https://repo1.maven.org/maven2/org/jetbrains/kotlin/kotlin-build-tools-impl/2.2.21/kotlin-build-tools-impl-2.2.21.pom.sha256
00:27.240 DEBUG :dice-roller:compileJvm   DependencyFileImpl        Downloaded https://repo1.maven.org/maven2/org/jetbrains/kotlin/kotlin-build-tools-impl/2.2.21/kotlin-build-tools-impl-2.2.21.pom.sha1 for the dependency org.jetbrains.kotlin:kotlin-build-tools-impl:2.2.21
00:27.258 DEBUG :dice-roller:compileJvm   DependencyFileImpl        Downloaded https://repo1.maven.org/maven2/org/jetbrains/kotlin/kotlin-build-tools-impl/2.2.21/kotlin-build-tools-impl-2.2.21.pom for the dependency org.jetbrains.kotlin:kotlin-build-tools-impl:2.2.21
00:27.303 DEBUG :dice-roller:compileJvm   DependencyFileImpl        Not found URL: https://repo1.maven.org/maven2/org/jetbrains/kotlin/kotlin-build-tools-api/2.2.21/kotlin-build-tools-api-2.2.21.pom.sha512
00:27.307 DEBUG :dice-roller:compileJvm   DependencyFileImpl        Not found URL: https://repo1.maven.org/maven2/org/jetbrains/annotations/13.0/annotations-13.0.pom.sha512
00:27.332 DEBUG :dice-roller:compileJvm   DependencyFileImpl        Not found URL: https://repo1.maven.org/maven2/org/jetbrains/kotlin/kotlin-build-tools-api/2.2.21/kotlin-build-tools-api-2.2.21.pom.sha256
00:27.345 DEBUG :dice-roller:compileJvm   DependencyFileImpl        Not found URL: https://repo1.maven.org/maven2/org/jetbrains/annotations/13.0/annotations-13.0.pom.sha256
00:27.367 DEBUG :dice-roller:compileJvm   DependencyFileImpl        Downloaded https://repo1.maven.org/maven2/org/jetbrains/kotlin/kotlin-build-tools-api/2.2.21/kotlin-build-tools-api-2.2.21.pom.sha1 for the dependency org.jetbrains.kotlin:kotlin-build-tools-api:2.2.21
00:27.374 DEBUG :dice-roller:compileJvm   DependencyFileImpl        Downloaded https://repo1.maven.org/maven2/org/jetbrains/annotations/13.0/annotations-13.0.pom.sha1 for the dependency org.jetbrains:annotations:13.0
00:27.394 DEBUG :dice-roller:compileJvm   DependencyFileImpl        Downloaded https://repo1.maven.org/maven2/org/jetbrains/kotlin/kotlin-build-tools-api/2.2.21/kotlin-build-tools-api-2.2.21.pom for the dependency org.jetbrains.kotlin:kotlin-build-tools-api:2.2.21
00:27.399 DEBUG :dice-roller:compileJvm   DependencyFileImpl        Downloaded https://repo1.maven.org/maven2/org/jetbrains/annotations/13.0/annotations-13.0.pom for the dependency org.jetbrains:annotations:13.0
00:27.486 DEBUG :dice-roller:compileJvm   DependencyFileImpl        Not found URL: https://repo1.maven.org/maven2/org/jetbrains/kotlin/kotlin-scripting-compiler-embeddable/2.2.21/kotlin-scripting-compiler-embeddable-2.2.21.pom.sha512
00:27.502 DEBUG :dice-roller:compileJvm   DependencyFileImpl        Not found URL: https://repo1.maven.org/maven2/org/jetbrains/kotlin/kotlin-compiler-embeddable/2.2.21/kotlin-compiler-embeddable-2.2.21.pom.sha512
00:27.505 DEBUG :dice-roller:compileJvm   DependencyFileImpl        Not found URL: https://repo1.maven.org/maven2/org/jetbrains/kotlin/kotlin-compiler-runner/2.2.21/kotlin-compiler-runner-2.2.21.pom.sha512
00:27.507 DEBUG :dice-roller:compileJvm   DependencyFileImpl        Not found URL: https://repo1.maven.org/maven2/org/jetbrains/kotlin/kotlin-scripting-compiler-embeddable/2.2.21/kotlin-scripting-compiler-embeddable-2.2.21.pom.sha256
00:27.524 DEBUG :dice-roller:compileJvm   DependencyFileImpl        Not found URL: https://repo1.maven.org/maven2/org/jetbrains/kotlin/kotlin-compiler-embeddable/2.2.21/kotlin-compiler-embeddable-2.2.21.pom.sha256
00:27.535 DEBUG :dice-roller:compileJvm   DependencyFileImpl        Downloaded https://repo1.maven.org/maven2/org/jetbrains/kotlin/kotlin-scripting-compiler-embeddable/2.2.21/kotlin-scripting-compiler-embeddable-2.2.21.pom.sha1 for the dependency org.jetbrains.kotlin:kotlin-scripting-compiler-embeddable:2.2.21
00:27.544 DEBUG :dice-roller:compileJvm   DependencyFileImpl        Downloaded https://repo1.maven.org/maven2/org/jetbrains/kotlin/kotlin-compiler-embeddable/2.2.21/kotlin-compiler-embeddable-2.2.21.pom.sha1 for the dependency org.jetbrains.kotlin:kotlin-compiler-embeddable:2.2.21
00:27.559 DEBUG :dice-roller:compileJvm   DependencyFileImpl        Downloaded https://repo1.maven.org/maven2/org/jetbrains/kotlin/kotlin-scripting-compiler-embeddable/2.2.21/kotlin-scripting-compiler-embeddable-2.2.21.pom for the dependency org.jetbrains.kotlin:kotlin-scripting-compiler-embeddable:2.2.21
00:27.564 DEBUG :dice-roller:compileJvm   DependencyFileImpl        Downloaded https://repo1.maven.org/maven2/org/jetbrains/kotlin/kotlin-compiler-embeddable/2.2.21/kotlin-compiler-embeddable-2.2.21.pom for the dependency org.jetbrains.kotlin:kotlin-compiler-embeddable:2.2.21
00:27.591 DEBUG :dice-roller:compileJvm   DependencyFileImpl        Not found URL: https://repo1.maven.org/maven2/org/jetbrains/kotlin/kotlin-scripting-compiler-impl-embeddable/2.2.21/kotlin-scripting-compiler-impl-embeddable-2.2.21.pom.sha512
00:27.606 DEBUG :dice-roller:compileJvm   DependencyFileImpl        Not found URL: https://repo1.maven.org/maven2/org/jetbrains/kotlin/kotlin-daemon-embeddable/2.2.21/kotlin-daemon-embeddable-2.2.21.pom.sha512
00:27.609 DEBUG :dice-roller:compileJvm   DependencyFileImpl        Not found URL: https://repo1.maven.org/maven2/org/jetbrains/kotlin/kotlin-scripting-jvm/2.2.21/kotlin-scripting-jvm-2.2.21.pom.sha512
00:27.609 DEBUG :dice-roller:compileJvm   DependencyFileImpl        Downloaded https://repo1.maven.org/maven2/org/jetbrains/kotlinx/kotlinx-coroutines-core-jvm/1.8.0/kotlinx-coroutines-core-jvm-1.8.0.pom.sha512 for the dependency org.jetbrains.kotlinx:kotlinx-coroutines-core-jvm:1.8.0
00:27.624 DEBUG :dice-roller:compileJvm   DependencyFileImpl        Not found URL: https://repo1.maven.org/maven2/org/jetbrains/kotlin/kotlin-daemon-embeddable/2.2.21/kotlin-daemon-embeddable-2.2.21.pom.sha256
00:27.633 DEBUG :dice-roller:compileJvm   DependencyFileImpl        Downloaded https://repo1.maven.org/maven2/org/jetbrains/kotlinx/kotlinx-coroutines-core-jvm/1.8.0/kotlinx-coroutines-core-jvm-1.8.0.pom for the dependency org.jetbrains.kotlinx:kotlinx-coroutines-core-jvm:1.8.0
00:27.647 DEBUG :dice-roller:compileJvm   DependencyFileImpl        Downloaded https://repo1.maven.org/maven2/org/jetbrains/kotlin/kotlin-daemon-embeddable/2.2.21/kotlin-daemon-embeddable-2.2.21.pom.sha1 for the dependency org.jetbrains.kotlin:kotlin-daemon-embeddable:2.2.21
00:27.660 DEBUG :dice-roller:compileJvm   DependencyFileImpl        Downloaded https://repo1.maven.org/maven2/org/jetbrains/kotlinx/kotlinx-coroutines-core-jvm/1.8.0/kotlinx-coroutines-core-jvm-1.8.0.module.sha512 for the dependency org.jetbrains.kotlinx:kotlinx-coroutines-core-jvm:1.8.0
00:27.667 DEBUG :dice-roller:compileJvm   DependencyFileImpl        Downloaded https://repo1.maven.org/maven2/org/jetbrains/kotlin/kotlin-daemon-embeddable/2.2.21/kotlin-daemon-embeddable-2.2.21.pom for the dependency org.jetbrains.kotlin:kotlin-daemon-embeddable:2.2.21
00:27.697 DEBUG :dice-roller:compileJvm   DependencyFileImpl        Downloaded https://repo1.maven.org/maven2/org/jetbrains/kotlinx/kotlinx-coroutines-core-jvm/1.8.0/kotlinx-coroutines-core-jvm-1.8.0.module for the dependency org.jetbrains.kotlinx:kotlinx-coroutines-core-jvm:1.8.0
00:27.708 DEBUG :dice-roller:compileJvm   DependencyFileImpl        Not found URL: https://repo1.maven.org/maven2/org/jetbrains/kotlin/kotlin-compiler-runner/2.2.21/kotlin-compiler-runner-2.2.21.pom.sha256
00:27.723 DEBUG :dice-roller:compileJvm   DependencyFileImpl        Downloaded https://repo1.maven.org/maven2/org/jetbrains/kotlinx/kotlinx-coroutines-bom/1.8.0/kotlinx-coroutines-bom-1.8.0.pom.sha512 for the dependency org.jetbrains.kotlinx:kotlinx-coroutines-bom:1.8.0
00:27.726 DEBUG :dice-roller:compileJvm   DependencyFileImpl        Downloaded https://repo1.maven.org/maven2/org/jetbrains/kotlin/kotlin-compiler-runner/2.2.21/kotlin-compiler-runner-2.2.21.pom.sha1 for the dependency org.jetbrains.kotlin:kotlin-compiler-runner:2.2.21
00:27.740 DEBUG :dice-roller:compileJvm   DependencyFileImpl        Downloaded https://repo1.maven.org/maven2/org/jetbrains/kotlinx/kotlinx-coroutines-bom/1.8.0/kotlinx-coroutines-bom-1.8.0.pom for the dependency org.jetbrains.kotlinx:kotlinx-coroutines-bom:1.8.0
00:27.744 DEBUG :dice-roller:compileJvm   DependencyFileImpl        Downloaded https://repo1.maven.org/maven2/org/jetbrains/kotlin/kotlin-compiler-runner/2.2.21/kotlin-compiler-runner-2.2.21.pom for the dependency org.jetbrains.kotlin:kotlin-compiler-runner:2.2.21
00:27.779 DEBUG :dice-roller:compileJvm   DependencyFileImpl        Not found URL: https://repo1.maven.org/maven2/org/jetbrains/kotlin/kotlin-daemon-client/2.2.21/kotlin-daemon-client-2.2.21.pom.sha512
00:27.796 DEBUG :dice-roller:compileJvm   DependencyFileImpl        Not found URL: https://repo1.maven.org/maven2/org/jetbrains/kotlin/kotlin-daemon-client/2.2.21/kotlin-daemon-client-2.2.21.pom.sha256
00:27.809 DEBUG :dice-roller:compileJvm   DependencyFileImpl        Not found URL: https://repo1.maven.org/maven2/org/jetbrains/kotlin/kotlin-scripting-compiler-impl-embeddable/2.2.21/kotlin-scripting-compiler-impl-embeddable-2.2.21.pom.sha256
00:27.817 DEBUG :dice-roller:compileJvm   DependencyFileImpl        Downloaded https://repo1.maven.org/maven2/org/jetbrains/kotlin/kotlin-daemon-client/2.2.21/kotlin-daemon-client-2.2.21.pom.sha1 for the dependency org.jetbrains.kotlin:kotlin-daemon-client:2.2.21
00:27.827 DEBUG :dice-roller:compileJvm   DependencyFileImpl        Not found URL: https://repo1.maven.org/maven2/org/jetbrains/kotlin/kotlin-script-runtime/2.2.21/kotlin-script-runtime-2.2.21.pom.sha512
00:27.831 DEBUG :dice-roller:compileJvm   DependencyFileImpl        Downloaded https://repo1.maven.org/maven2/org/jetbrains/kotlin/kotlin-scripting-compiler-impl-embeddable/2.2.21/kotlin-scripting-compiler-impl-embeddable-2.2.21.pom.sha1 for the dependency org.jetbrains.kotlin:kotlin-scripting-compiler-impl-embeddable:2.2.21
00:27.833 DEBUG :dice-roller:compileJvm   DependencyFileImpl        Not found URL: https://repo1.maven.org/maven2/org/jetbrains/kotlin/kotlin-scripting-common/2.2.21/kotlin-scripting-common-2.2.21.pom.sha512
00:27.840 DEBUG :dice-roller:compileJvm   DependencyFileImpl        Downloaded https://repo1.maven.org/maven2/org/jetbrains/kotlin/kotlin-daemon-client/2.2.21/kotlin-daemon-client-2.2.21.pom for the dependency org.jetbrains.kotlin:kotlin-daemon-client:2.2.21
00:27.846 DEBUG :dice-roller:compileJvm   DependencyFileImpl        Not found URL: https://repo1.maven.org/maven2/org/jetbrains/kotlin/kotlin-script-runtime/2.2.21/kotlin-script-runtime-2.2.21.pom.sha256
00:27.855 DEBUG :dice-roller:compileJvm   DependencyFileImpl        Downloaded https://repo1.maven.org/maven2/org/jetbrains/kotlin/kotlin-scripting-compiler-impl-embeddable/2.2.21/kotlin-scripting-compiler-impl-embeddable-2.2.21.pom for the dependency org.jetbrains.kotlin:kotlin-scripting-compiler-impl-embeddable:2.2.21
00:27.864 DEBUG :dice-roller:compileJvm   DependencyFileImpl        Not found URL: https://repo1.maven.org/maven2/org/jetbrains/kotlin/kotlin-scripting-jvm/2.2.21/kotlin-scripting-jvm-2.2.21.pom.sha256
00:27.875 DEBUG :dice-roller:compileJvm   DependencyFileImpl        Downloaded https://repo1.maven.org/maven2/org/jetbrains/kotlin/kotlin-script-runtime/2.2.21/kotlin-script-runtime-2.2.21.pom.sha1 for the dependency org.jetbrains.kotlin:kotlin-script-runtime:2.2.21
00:27.887 DEBUG :dice-roller:compileJvm   DependencyFileImpl        Downloaded https://repo1.maven.org/maven2/org/jetbrains/kotlin/kotlin-scripting-jvm/2.2.21/kotlin-scripting-jvm-2.2.21.pom.sha1 for the dependency org.jetbrains.kotlin:kotlin-scripting-jvm:2.2.21
00:27.904 DEBUG :dice-roller:compileJvm   DependencyFileImpl        Downloaded https://repo1.maven.org/maven2/org/jetbrains/kotlin/kotlin-script-runtime/2.2.21/kotlin-script-runtime-2.2.21.pom for the dependency org.jetbrains.kotlin:kotlin-script-runtime:2.2.21
00:27.914 DEBUG :dice-roller:compileJvm   DependencyFileImpl        Downloaded https://repo1.maven.org/maven2/org/jetbrains/kotlin/kotlin-scripting-jvm/2.2.21/kotlin-scripting-jvm-2.2.21.pom for the dependency org.jetbrains.kotlin:kotlin-scripting-jvm:2.2.21
00:27.917 DEBUG :dice-roller:compileJvm   DependencyFileImpl        Not found URL: https://repo1.maven.org/maven2/org/jetbrains/kotlin/kotlin-reflect/1.6.10/kotlin-reflect-1.6.10.pom.sha512
00:28.057 DEBUG :dice-roller:compileJvm   DependencyFileImpl        Not found URL: https://repo1.maven.org/maven2/org/jetbrains/kotlin/kotlin-scripting-common/2.2.21/kotlin-scripting-common-2.2.21.pom.sha256
00:28.076 DEBUG :dice-roller:compileJvm   DependencyFileImpl        Downloaded https://repo1.maven.org/maven2/org/jetbrains/kotlin/kotlin-scripting-common/2.2.21/kotlin-scripting-common-2.2.21.pom.sha1 for the dependency org.jetbrains.kotlin:kotlin-scripting-common:2.2.21
00:28.095 DEBUG :dice-roller:compileJvm   DependencyFileImpl        Downloaded https://repo1.maven.org/maven2/org/jetbrains/kotlin/kotlin-scripting-common/2.2.21/kotlin-scripting-common-2.2.21.pom for the dependency org.jetbrains.kotlin:kotlin-scripting-common:2.2.21
00:28.137 DEBUG :dice-roller:compileJvm   DependencyFileImpl        Not found URL: https://repo1.maven.org/maven2/org/jetbrains/kotlin/kotlin-reflect/1.6.10/kotlin-reflect-1.6.10.pom.sha256
00:28.155 DEBUG :dice-roller:compileJvm   DependencyFileImpl        Downloaded https://repo1.maven.org/maven2/org/jetbrains/kotlin/kotlin-reflect/1.6.10/kotlin-reflect-1.6.10.pom.sha1 for the dependency org.jetbrains.kotlin:kotlin-reflect:1.6.10
00:28.181 DEBUG :dice-roller:compileJvm   DependencyFileImpl        Downloaded https://repo1.maven.org/maven2/org/jetbrains/kotlin/kotlin-reflect/1.6.10/kotlin-reflect-1.6.10.pom for the dependency org.jetbrains.kotlin:kotlin-reflect:1.6.10
00:28.276 DEBUG :dice-roller:compileJvm   DependencyFileImpl        Not found URL: https://repo1.maven.org/maven2/org/jetbrains/kotlin/kotlin-scripting-compiler-embeddable/2.2.21/kotlin-scripting-compiler-embeddable-2.2.21.jar.sha512
00:28.277 DEBUG :dice-roller:compileJvm   DependencyFileImpl        Not found URL: https://repo1.maven.org/maven2/org/jetbrains/kotlin/kotlin-script-runtime/2.2.21/kotlin-script-runtime-2.2.21.jar.sha512
00:28.298 DEBUG :dice-roller:compileJvm   DependencyFileImpl        Not found URL: https://repo1.maven.org/maven2/org/jetbrains/kotlin/kotlin-compiler-embeddable/2.2.21/kotlin-compiler-embeddable-2.2.21.jar.sha512
00:28.312 DEBUG :dice-roller:compileJvm   DependencyFileImpl        Not found URL: https://repo1.maven.org/maven2/org/jetbrains/kotlin/kotlin-scripting-compiler-impl-embeddable/2.2.21/kotlin-scripting-compiler-impl-embeddable-2.2.21.jar.sha512
00:28.342 DEBUG :dice-roller:compileJvm   DependencyFileImpl        Not found URL: https://repo1.maven.org/maven2/org/jetbrains/kotlin/kotlin-scripting-compiler-embeddable/2.2.21/kotlin-scripting-compiler-embeddable-2.2.21.jar.sha256
00:28.362 DEBUG :dice-roller:compileJvm   DependencyFileImpl        Downloaded https://repo1.maven.org/maven2/org/jetbrains/kotlinx/kotlinx-coroutines-core-jvm/1.8.0/kotlinx-coroutines-core-jvm-1.8.0.jar for the dependency org.jetbrains.kotlinx:kotlinx-coroutines-core-jvm:1.8.0
00:28.446 DEBUG :dice-roller:compileJvm   DependencyFileImpl        Not found URL: https://repo1.maven.org/maven2/org/jetbrains/kotlin/kotlin-scripting-common/2.2.21/kotlin-scripting-common-2.2.21.jar.sha512
00:28.472 DEBUG :dice-roller:compileJvm   DependencyFileImpl        Downloaded https://repo1.maven.org/maven2/org/jetbrains/kotlin/kotlin-scripting-compiler-embeddable/2.2.21/kotlin-scripting-compiler-embeddable-2.2.21.jar.sha1 for the dependency org.jetbrains.kotlin:kotlin-scripting-compiler-embeddable:2.2.21
00:28.487 DEBUG :dice-roller:compileJvm   DependencyFileImpl        Not found URL: https://repo1.maven.org/maven2/org/jetbrains/kotlin/kotlin-scripting-jvm/2.2.21/kotlin-scripting-jvm-2.2.21.jar.sha512
00:28.490 DEBUG :dice-roller:compileJvm   DependencyFileImpl        Not found URL: https://repo1.maven.org/maven2/org/jetbrains/kotlin/kotlin-build-tools-impl/2.2.21/kotlin-build-tools-impl-2.2.21.jar.sha512
00:28.503 DEBUG :dice-roller:compileJvm   DependencyFileImpl        Not found URL: https://repo1.maven.org/maven2/org/jetbrains/kotlin/kotlin-scripting-common/2.2.21/kotlin-scripting-common-2.2.21.jar.sha256
00:28.523 DEBUG :dice-roller:compileJvm   DependencyFileImpl        Not found URL: https://repo1.maven.org/maven2/org/jetbrains/kotlin/kotlin-daemon-client/2.2.21/kotlin-daemon-client-2.2.21.jar.sha512
00:28.528 DEBUG :dice-roller:compileJvm   DependencyFileImpl        Downloaded https://repo1.maven.org/maven2/org/jetbrains/kotlin/kotlin-scripting-compiler-embeddable/2.2.21/kotlin-scripting-compiler-embeddable-2.2.21.jar for the dependency org.jetbrains.kotlin:kotlin-scripting-compiler-embeddable:2.2.21
00:28.528 DEBUG :dice-roller:compileJvm   DependencyFileImpl        Not found URL: https://repo1.maven.org/maven2/org/jetbrains/kotlin/kotlin-reflect/1.6.10/kotlin-reflect-1.6.10.jar.sha512
00:28.536 DEBUG :dice-roller:compileJvm   DependencyFileImpl        Not found URL: https://repo1.maven.org/maven2/org/jetbrains/kotlin/kotlin-build-tools-api/2.2.21/kotlin-build-tools-api-2.2.21.jar.sha512
00:28.557 DEBUG :dice-roller:compileJvm   DependencyFileImpl        Not found URL: https://repo1.maven.org/maven2/org/jetbrains/kotlin/kotlin-daemon-client/2.2.21/kotlin-daemon-client-2.2.21.jar.sha256
00:28.558 DEBUG :dice-roller:compileJvm   DependencyFileImpl        Downloaded https://repo1.maven.org/maven2/org/jetbrains/kotlin/kotlin-scripting-common/2.2.21/kotlin-scripting-common-2.2.21.jar.sha1 for the dependency org.jetbrains.kotlin:kotlin-scripting-common:2.2.21
00:28.567 DEBUG :dice-roller:compileJvm   DependencyFileImpl        Not found URL: https://repo1.maven.org/maven2/org/jetbrains/kotlin/kotlin-build-tools-api/2.2.21/kotlin-build-tools-api-2.2.21.jar.sha256
00:28.570 DEBUG :dice-roller:compileJvm   DependencyFileImpl        Not found URL: https://repo1.maven.org/maven2/org/jetbrains/kotlin/kotlin-script-runtime/2.2.21/kotlin-script-runtime-2.2.21.jar.sha256
00:28.585 DEBUG :dice-roller:compileJvm   DependencyFileImpl        Downloaded https://repo1.maven.org/maven2/org/jetbrains/kotlin/kotlin-daemon-client/2.2.21/kotlin-daemon-client-2.2.21.jar.sha1 for the dependency org.jetbrains.kotlin:kotlin-daemon-client:2.2.21
00:28.594 DEBUG :dice-roller:compileJvm   DependencyFileImpl        Downloaded https://repo1.maven.org/maven2/org/jetbrains/kotlin/kotlin-scripting-common/2.2.21/kotlin-scripting-common-2.2.21.jar for the dependency org.jetbrains.kotlin:kotlin-scripting-common:2.2.21
00:28.595 DEBUG :dice-roller:compileJvm   DependencyFileImpl        Downloaded https://repo1.maven.org/maven2/org/jetbrains/kotlin/kotlin-build-tools-api/2.2.21/kotlin-build-tools-api-2.2.21.jar.sha1 for the dependency org.jetbrains.kotlin:kotlin-build-tools-api:2.2.21
00:28.598 DEBUG :dice-roller:compileJvm   DependencyFileImpl        Downloaded https://repo1.maven.org/maven2/org/jetbrains/kotlin/kotlin-script-runtime/2.2.21/kotlin-script-runtime-2.2.21.jar.sha1 for the dependency org.jetbrains.kotlin:kotlin-script-runtime:2.2.21
00:28.599 DEBUG :dice-roller:compileJvm   DependencyFileImpl        Not found URL: https://repo1.maven.org/maven2/org/jetbrains/kotlin/kotlin-compiler-embeddable/2.2.21/kotlin-compiler-embeddable-2.2.21.jar.sha256
00:28.603 DEBUG :dice-roller:compileJvm   DependencyFileImpl        Not found URL: https://repo1.maven.org/maven2/org/jetbrains/kotlin/kotlin-scripting-compiler-impl-embeddable/2.2.21/kotlin-scripting-compiler-impl-embeddable-2.2.21.jar.sha256
00:28.616 DEBUG :dice-roller:compileJvm   DependencyFileImpl        Downloaded https://repo1.maven.org/maven2/org/jetbrains/kotlin/kotlin-daemon-client/2.2.21/kotlin-daemon-client-2.2.21.jar for the dependency org.jetbrains.kotlin:kotlin-daemon-client:2.2.21
00:28.619 DEBUG :dice-roller:compileJvm   DependencyFileImpl        Downloaded https://repo1.maven.org/maven2/org/jetbrains/kotlin/kotlin-build-tools-api/2.2.21/kotlin-build-tools-api-2.2.21.jar for the dependency org.jetbrains.kotlin:kotlin-build-tools-api:2.2.21
00:28.627 DEBUG :dice-roller:compileJvm   DependencyFileImpl        Downloaded https://repo1.maven.org/maven2/org/jetbrains/kotlin/kotlin-compiler-embeddable/2.2.21/kotlin-compiler-embeddable-2.2.21.jar.sha1 for the dependency org.jetbrains.kotlin:kotlin-compiler-embeddable:2.2.21
00:28.628 DEBUG :dice-roller:compileJvm   DependencyFileImpl        Downloaded https://repo1.maven.org/maven2/org/jetbrains/kotlin/kotlin-script-runtime/2.2.21/kotlin-script-runtime-2.2.21.jar for the dependency org.jetbrains.kotlin:kotlin-script-runtime:2.2.21
00:28.631 DEBUG :dice-roller:compileJvm   DependencyFileImpl        Downloaded https://repo1.maven.org/maven2/org/jetbrains/kotlin/kotlin-scripting-compiler-impl-embeddable/2.2.21/kotlin-scripting-compiler-impl-embeddable-2.2.21.jar.sha1 for the dependency org.jetbrains.kotlin:kotlin-scripting-compiler-impl-embeddable:2.2.21
00:28.669 DEBUG :dice-roller:compileJvm   DependencyFileImpl        Downloaded https://repo1.maven.org/maven2/org/jetbrains/kotlin/kotlin-scripting-compiler-impl-embeddable/2.2.21/kotlin-scripting-compiler-impl-embeddable-2.2.21.jar for the dependency org.jetbrains.kotlin:kotlin-scripting-compiler-impl-embeddable:2.2.21
00:28.713 DEBUG :dice-roller:compileJvm   DependencyFileImpl        Not found URL: https://repo1.maven.org/maven2/org/jetbrains/kotlin/kotlin-build-tools-impl/2.2.21/kotlin-build-tools-impl-2.2.21.jar.sha256
00:28.780 DEBUG :dice-roller:compileJvm   DependencyFileImpl        Not found URL: https://repo1.maven.org/maven2/org/jetbrains/kotlin/kotlin-scripting-jvm/2.2.21/kotlin-scripting-jvm-2.2.21.jar.sha256
00:28.789 DEBUG :dice-roller:compileJvm   DependencyFileImpl        Not found URL: https://repo1.maven.org/maven2/org/jetbrains/kotlin/kotlin-compiler-runner/2.2.21/kotlin-compiler-runner-2.2.21.jar.sha512
00:28.795 DEBUG :dice-roller:compileJvm   DependencyFileImpl        Not found URL: https://repo1.maven.org/maven2/org/jetbrains/kotlin/kotlin-reflect/1.6.10/kotlin-reflect-1.6.10.jar.sha256
00:28.798 DEBUG :dice-roller:compileJvm   DependencyFileImpl        Downloaded https://repo1.maven.org/maven2/org/jetbrains/kotlin/kotlin-build-tools-impl/2.2.21/kotlin-build-tools-impl-2.2.21.jar.sha1 for the dependency org.jetbrains.kotlin:kotlin-build-tools-impl:2.2.21
00:28.831 DEBUG :dice-roller:compileJvm   DependencyFileImpl        Downloaded https://repo1.maven.org/maven2/org/jetbrains/kotlin/kotlin-scripting-jvm/2.2.21/kotlin-scripting-jvm-2.2.21.jar.sha1 for the dependency org.jetbrains.kotlin:kotlin-scripting-jvm:2.2.21
00:28.873 DEBUG :dice-roller:compileJvm   DependencyFileImpl        Not found URL: https://repo1.maven.org/maven2/org/jetbrains/kotlin/kotlin-compiler-runner/2.2.21/kotlin-compiler-runner-2.2.21.jar.sha256
00:28.887 DEBUG :dice-roller:compileJvm   DependencyFileImpl        Downloaded https://repo1.maven.org/maven2/org/jetbrains/kotlin/kotlin-reflect/1.6.10/kotlin-reflect-1.6.10.jar.sha1 for the dependency org.jetbrains.kotlin:kotlin-reflect:1.6.10
00:28.906 DEBUG :dice-roller:compileJvm   DependencyFileImpl        Downloaded https://repo1.maven.org/maven2/org/jetbrains/kotlin/kotlin-build-tools-impl/2.2.21/kotlin-build-tools-impl-2.2.21.jar for the dependency org.jetbrains.kotlin:kotlin-build-tools-impl:2.2.21
00:28.919 DEBUG :dice-roller:compileJvm   DependencyFileImpl        Downloaded https://repo1.maven.org/maven2/org/jetbrains/kotlin/kotlin-compiler-runner/2.2.21/kotlin-compiler-runner-2.2.21.jar.sha1 for the dependency org.jetbrains.kotlin:kotlin-compiler-runner:2.2.21
00:28.921 DEBUG :dice-roller:compileJvm   DependencyFileImpl        Downloaded https://repo1.maven.org/maven2/org/jetbrains/kotlin/kotlin-scripting-jvm/2.2.21/kotlin-scripting-jvm-2.2.21.jar for the dependency org.jetbrains.kotlin:kotlin-scripting-jvm:2.2.21
00:29.034 DEBUG :dice-roller:compileJvm   DependencyFileImpl        Downloaded https://repo1.maven.org/maven2/org/jetbrains/kotlin/kotlin-compiler-runner/2.2.21/kotlin-compiler-runner-2.2.21.jar for the dependency org.jetbrains.kotlin:kotlin-compiler-runner:2.2.21
00:29.091 DEBUG :dice-roller:compileJvm   DependencyFileImpl        Downloaded https://repo1.maven.org/maven2/org/jetbrains/kotlin/kotlin-reflect/1.6.10/kotlin-reflect-1.6.10.jar for the dependency org.jetbrains.kotlin:kotlin-reflect:1.6.10
00:29.358 DEBUG :dice-roller:compileJvm   DependencyFileImpl        Not found URL: https://repo1.maven.org/maven2/org/jetbrains/kotlin/kotlin-daemon-embeddable/2.2.21/kotlin-daemon-embeddable-2.2.21.jar.sha512
00:29.413 DEBUG :dice-roller:compileJvm   DependencyFileImpl        Not found URL: https://repo1.maven.org/maven2/org/jetbrains/kotlin/kotlin-daemon-embeddable/2.2.21/kotlin-daemon-embeddable-2.2.21.jar.sha256
00:29.478 DEBUG :dice-roller:compileJvm   DependencyFileImpl        Downloaded https://repo1.maven.org/maven2/org/jetbrains/kotlin/kotlin-daemon-embeddable/2.2.21/kotlin-daemon-embeddable-2.2.21.jar.sha1 for the dependency org.jetbrains.kotlin:kotlin-daemon-embeddable:2.2.21
00:29.528 DEBUG :dice-roller:compileJvm   DependencyFileImpl        Downloaded https://repo1.maven.org/maven2/org/jetbrains/kotlin/kotlin-daemon-embeddable/2.2.21/kotlin-daemon-embeddable-2.2.21.jar for the dependency org.jetbrains.kotlin:kotlin-daemon-embeddable:2.2.21
00:29.767 DEBUG :dice-roller:compileJvm   DependencyFileImpl        Downloaded https://repo1.maven.org/maven2/org/jetbrains/kotlin/kotlin-compiler-embeddable/2.2.21/kotlin-compiler-embeddable-2.2.21.jar for the dependency org.jetbrains.kotlin:kotlin-compiler-embeddable:2.2.21
00:29.774 DEBUG :dice-roller:compileJvm   IncrementalCache          [inc] finished 'resolve-org.jetbrains.kotlin-kotlin-build-tools-impl-2.2.21' in 3.072729763s
00:29.782 DEBUG :dice-roller:compileJvm   IncrementalCache          [inc] 'resolve-org.jetbrains.kotlin-kotlin-build-tools-impl-2.2.21' changes: '/home/codespace/.cache/JetBrains/Amper/.m2.cache/org/jetbrains/kotlin/kotlin-build-tools-impl/2.2.21/kotlin-build-tools-impl-2.2.21.jar' CREATED, '/home/codespace/.cache/JetBrains/Amper/.m2.cache/org/jetbrains/kotlin/kotlin-build-tools-api/2.2.21/kotlin-build-tools-api-2.2.21.jar' CREATED, '/home/codespace/.cache/JetBrains/Amper/.m2.cache/org/jetbrains/kotlin/kotlin-stdlib/2.2.21/kotlin-stdlib-2.2.21.jar' CREATED, '/home/codespace/.cache/JetBrains/Amper/.m2.cache/org/jetbrains/kotlin/kotlin-compiler-embeddable/2.2.21/kotlin-compiler-embeddable-2.2.21.jar' CREATED, '/home/codespace/.cache/JetBrains/Amper/.m2.cache/org/jetbrains/kotlin/kotlin-compiler-runner/2.2.21/kotlin-compiler-runner-2.2.21.jar' CREATED, '/home/codespace/.cache/JetBrains/Amper/.m2.cache/org/jetbrains/kotlin/kotlin-scripting-compiler-embeddable/2.2.21/kotlin-scripting-compiler-embeddable-2.2.21.jar' CREATED, '/home/codespace/.cache/JetBrains/Amper/.m2.cache/org/jetbrains/kotlin/kotlin-scripting-compiler-impl-embeddable/2.2.21/kotlin-scripting-compiler-impl-embeddable-2.2.21.jar' CREATED, '/home/codespace/.cache/JetBrains/Amper/.m2.cache/org/jetbrains/annotations/23.0.0/annotations-23.0.0.jar' CREATED, '/home/codespace/.cache/JetBrains/Amper/.m2.cache/org/jetbrains/kotlin/kotlin-script-runtime/2.2.21/kotlin-script-runtime-2.2.21.jar' CREATED, '/home/codespace/.cache/JetBrains/Amper/.m2.cache/org/jetbrains/kotlin/kotlin-reflect/1.6.10/kotlin-reflect-1.6.10.jar' CREATED, '/home/codespace/.cache/JetBrains/Amper/.m2.cache/org/jetbrains/kotlin/kotlin-daemon-embeddable/2.2.21/kotlin-daemon-embeddable-2.2.21.jar' CREATED, '/home/codespace/.cache/JetBrains/Amper/.m2.cache/org/jetbrains/kotlinx/kotlinx-coroutines-core-jvm/1.8.0/kotlinx-coroutines-core-jvm-1.8.0.jar' CREATED, '/home/codespace/.cache/JetBrains/Amper/.m2.cache/org/jetbrains/kotlin/kotlin-daemon-client/2.2.21/kotlin-daemon-client-2.2.21.jar' CREATED, '/home/codespace/.cache/JetBrains/Amper/.m2.cache/org/jetbrains/kotlin/kotlin-scripting-common/2.2.21/kotlin-scripting-common-2.2.21.jar' CREATED, '/home/codespace/.cache/JetBrains/Amper/.m2.cache/org/jetbrains/kotlin/kotlin-scripting-jvm/2.2.21/kotlin-scripting-jvm-2.2.21.jar' CREATED
00:30.129 INFO  :dice-roller:compileJvm   JvmCompileTask            Compiling module 'dice-roller' for platform 'jvm'...
00:30.412 DEBUG :dice-roller:compileJvm   KotlinBuildToolsApiKt     Compiling using the in-process strategy
00:31.359 DEBUG :dice-roller:compileJvm   KotlinBuildToolsApiKt     Using Kotlin home directory <no_path>
00:31.556 DEBUG :dice-roller:compileJvm   KotlinBuildToolsApiKt     Configuring the compilation environment
00:31.665 DEBUG :dice-roller:compileJvm   KotlinBuildToolsApiKt     Using JDK home directory /home/codespace/.cache/JetBrains/Amper/extract.cache/b1fa834a91-amazon-corretto-21.0.1.12.1-linux-x64.tar.gz.720fe1.d
00:33.162 DEBUG :dice-roller:compileJvm   KotlinBuildToolsApiKt     Loading modules: [java.se, jdk.accessibility, jdk.attach, jdk.compiler, jdk.dynalink, jdk.httpserver, jdk.incubator.vector, jdk.jartool, jdk.javadoc, jdk.jconsole, jdk.jdi, jdk.jfr, jdk.jshell, jdk.jsobject, jdk.management, jdk.management.jfr, jdk.net, jdk.nio.mapmode, jdk.sctp, jdk.security.auth, jdk.security.jgss, jdk.unsupported, jdk.unsupported.desktop, jdk.xml.dom, java.base, java.compiler, java.datatransfer, java.desktop, java.xml, java.instrument, java.logging, java.management, java.management.rmi, java.rmi, java.naming, java.net.http, java.prefs, java.scripting, java.security.jgss, java.security.sasl, java.sql, java.transaction.xa, java.sql.rowset, java.xml.crypto, jdk.internal.jvmstat, jdk.internal.opt, jdk.zipfs, jdk.management.agent, jdk.jdwp.agent, jdk.internal.ed, jdk.internal.le]
00:40.969 DEBUG :dice-roller:compileJvm   JvmCompileTask            Kotlin compiler finalization...
00:40.969 DEBUG :dice-roller:compileJvm   JvmCompileTask            Copying resources from '/workspaces/2850MiniProject/dice-roller/resources' to '/workspaces/2850MiniProject/dice-roller/build/artifacts/CompiledJvmClassesArtifact/dice-rollerjvm/resources-output'...
00:40.985 DEBUG :dice-roller:compileJvm   IncrementalCache          [inc] finished ':dice-roller:compileJvm' in 14.305094500s
00:41.004 DEBUG :dice-roller:compileJvm   IncrementalCache          [inc] ':dice-roller:compileJvm' changes: '/workspaces/2850MiniProject/dice-roller/build/artifacts/CompiledJvmClassesArtifact/dice-rollerjvm/java-output' CREATED, '/workspaces/2850MiniProject/dice-roller/build/artifacts/CompiledJvmClassesArtifact/dice-rollerjvm/kotlin-output/DiceKt.class' CREATED, '/workspaces/2850MiniProject/dice-roller/build/artifacts/CompiledJvmClassesArtifact/dice-rollerjvm/kotlin-output/META-INF/main.kotlin_module' CREATED, '/workspaces/2850MiniProject/dice-roller/build/artifacts/CompiledJvmClassesArtifact/dice-rollerjvm/kotlin-output/ErrorsKt.class' CREATED, '/workspaces/2850MiniProject/dice-roller/build/artifacts/CompiledJvmClassesArtifact/dice-rollerjvm/kotlin-output/LayoutTemplate.class' CREATED, '/workspaces/2850MiniProject/dice-roller/build/artifacts/CompiledJvmClassesArtifact/dice-rollerjvm/kotlin-output/RoutingKt$configureRouting$1$2.class' CREATED, '/workspaces/2850MiniProject/dice-roller/build/artifacts/CompiledJvmClassesArtifact/dice-rollerjvm/kotlin-output/ApplicationKt.class' CREATED, '/workspaces/2850MiniProject/dice-roller/build/artifacts/CompiledJvmClassesArtifact/dice-rollerjvm/kotlin-output/RoutingKt.class' CREATED, '/workspaces/2850MiniProject/dice-roller/build/artifacts/CompiledJvmClassesArtifact/dice-rollerjvm/kotlin-output/ErrorsKt$configureErrorHandling$1$2.class' CREATED, '/workspaces/2850MiniProject/dice-roller/build/artifacts/CompiledJvmClassesArtifact/dice-rollerjvm/kotlin-output/Die$Companion.class' CREATED, '/workspaces/2850MiniProject/dice-roller/build/artifacts/CompiledJvmClassesArtifact/dice-rollerjvm/kotlin-output/Die.class' CREATED, '/workspaces/2850MiniProject/dice-roller/build/artifacts/CompiledJvmClassesArtifact/dice-rollerjvm/kotlin-output/ErrorsKt$configureErrorHandling$1$1.class' CREATED, '/workspaces/2850MiniProject/dice-roller/build/artifacts/CompiledJvmClassesArtifact/dice-rollerjvm/kotlin-output/RoutingKt$configureRouting$1$1.class' CREATED, '/workspaces/2850MiniProject/dice-roller/build/generated/dice-roller/main/src/apt/java' CREATED
00:41.029 DEBUG :dice-roller:jarJvm       StateKt                   [inc] state file is missing or empty at '/workspaces/2850MiniProject/dice-roller/build/incremental.state/_dice-roller_jarJvm-abcc07a057' -> cache miss
00:41.029 DEBUG :dice-roller:jarJvm       IncrementalCache          [inc] building ':dice-roller:jarJvm'
00:41.066 DEBUG :dice-roller:jarJvm       IncrementalCache          [inc] finished ':dice-roller:jarJvm' in 36.823863ms
00:41.068 DEBUG :dice-roller:jarJvm       IncrementalCache          [inc] ':dice-roller:jarJvm' changes: '/workspaces/2850MiniProject/dice-roller/build/tasks/_dice-roller_jarJvm/dice-roller-jvm.jar' CREATED
00:41.072 DEBUG :dice-roller:runJvm       ExtractKt                 Skipping extract to /home/codespace/.cache/JetBrains/Amper/extract.cache/b1fa834a91-amazon-corretto-21.0.1.12.1-linux-x64.tar.gz.720fe1.d since flag file /home/codespace/.cache/JetBrains/Amper/extract.cache/b1fa834a91-amazon-corretto-21.0.1.12.1-linux-x64.tar.gz.720fe1.d.flag is correct
00:41.097 DEBUG :dice-roller:runJvm       BuildPrimitives           [cmd] /home/codespace/.cache/JetBrains/Amper/extract.cache/b1fa834a91-amazon-corretto-21.0.1.12.1-linux-x64.tar.gz.720fe1.d/bin/java @/workspaces/2850MiniProject/dice-roller/build/temp/java-args-8488982823756088832.txt
