JetBrains Amper version 0.9.2 (80094bb, 2025-12-11)
running on Linux 6.8.0-1044-azure jvm arch amd64

00:03.623 DEBUG :Library-book-search:resolveDependenciesJvm ResolveExternalDependenciesTask resolve dependencies Library-book-search -- main -- io.ktor:ktor-bom:3.2.3 io.ktor:ktor-server-core:3.2.3 io.ktor:ktor-server-html-builder:3.2.3 io.ktor:ktor-server-netty:3.2.3 io.ktor:ktor-server-status-pages:3.2.3 org.jetbrains.kotlin:kotlin-stdlib:2.2.21 org.jetbrains.kotlinx:dataframe:1.0.0-Beta4 -- resolvePlatform=jvm nativeTarget=null wasmTarget=null
00:03.679 DEBUG :Library-book-search:resolveDependenciesJvm IncrementalCache          [inc] Input values don't match recorded state in /workspaces/2850MiniProject/Library-book-search/build/incremental.state/_Library-book-search_resolveDependenciesJvm-d43ae442fb -> rebuilding
  old: {compileDependencies=io.ktor:ktor-bom:3.2.3|io.ktor:ktor-server-core:3.2.3|io.ktor:ktor-server-html-builder:3.2.3|io.ktor:ktor-server-netty:3.2.3|io.ktor:ktor-server-status-pages:3.2.3|org.jetbrains.kotlin:kotlin-stdlib:2.2.21, repositories=https://repo1.maven.org/maven2|https://maven.google.com|https://maven.pkg.jetbrains.space/public/p/compose/dev, resolveNativeTarget=, resolvePlatform=jvm, resolveWasmTarget=, runtimeDependencies=ch.qos.logback:logback-classic:1.5.22|io.ktor:ktor-bom:3.2.3|io.ktor:ktor-server-config-yaml:3.2.3|io.ktor:ktor-server-core:3.2.3|io.ktor:ktor-server-html-builder:3.2.3|io.ktor:ktor-server-netty:3.2.3|io.ktor:ktor-server-status-pages:3.2.3|org.jetbrains.kotlin:kotlin-stdlib:2.2.21, userCacheRoot=/home/codespace/.cache/JetBrains/Amper}
  new: {userCacheRoot=/home/codespace/.cache/JetBrains/Amper, compileDependencies=io.ktor:ktor-bom:3.2.3|io.ktor:ktor-server-core:3.2.3|io.ktor:ktor-server-html-builder:3.2.3|io.ktor:ktor-server-netty:3.2.3|io.ktor:ktor-server-status-pages:3.2.3|org.jetbrains.kotlin:kotlin-stdlib:2.2.21|org.jetbrains.kotlinx:dataframe:1.0.0-Beta4, runtimeDependencies=ch.qos.logback:logback-classic:1.5.22|io.ktor:ktor-bom:3.2.3|io.ktor:ktor-server-config-yaml:3.2.3|io.ktor:ktor-server-core:3.2.3|io.ktor:ktor-server-html-builder:3.2.3|io.ktor:ktor-server-netty:3.2.3|io.ktor:ktor-server-status-pages:3.2.3|org.jetbrains.kotlin:kotlin-stdlib:2.2.21|org.jetbrains.kotlinx:dataframe:1.0.0-Beta4, repositories=https://repo1.maven.org/maven2|https://maven.google.com|https://maven.pkg.jetbrains.space/public/p/compose/dev, resolvePlatform=jvm, resolveNativeTarget=, resolveWasmTarget=}
00:03.684 DEBUG :Library-book-search:resolveDependenciesJvm IncrementalCache          [inc] building ':Library-book-search:resolveDependenciesJvm'
00:04.035 DEBUG :Library-book-search:resolveDependenciesJvm IncrementalCache          [inc] Input values don't match recorded state in /workspaces/2850MiniProject/Library-book-search/build/incremental.state/Module_dependencies_graph__workspaces_2850MiniProj-47faff8352 -> rebuilding
  old: {dependencies=/workspaces/2850MiniProject/Library-book-search,ResolutionConfigPlain(scope=COMPILE, platforms=[JVM], repositories=[https://repo1.maven.org/maven2, https://maven.google.com, https://maven.pkg.jetbrains.space/public/p/compose/dev])|/workspaces/2850MiniProject/Library-book-search,ResolutionConfigPlain(scope=RUNTIME, platforms=[JVM], repositories=[https://repo1.maven.org/maven2, https://maven.google.com, https://maven.pkg.jetbrains.space/public/p/compose/dev])|/workspaces/2850MiniProject/Library-book-search,main|/workspaces/2850MiniProject/Library-book-search,main|/workspaces/2850MiniProject/Library-book-search,main|/workspaces/2850MiniProject/Library-book-search,main|/workspaces/2850MiniProject/Library-book-search,main|/workspaces/2850MiniProject/Library-book-search,main|/workspaces/2850MiniProject/Library-book-search,main|/workspaces/2850MiniProject/Library-book-search,main|/workspaces/2850MiniProject/Library-book-search,main|/workspaces/2850MiniProject/Library-book-search,main|/workspaces/2850MiniProject/Library-book-search,main|/workspaces/2850MiniProject/Library-book-search,main|/workspaces/2850MiniProject/Library-book-search,main|/workspaces/2850MiniProject/Library-book-search,main|io.ktor:ktor-server-core:3.2.3,false|io.ktor:ktor-server-status-pages:3.2.3,false|io.ktor:ktor-server-html-builder:3.2.3,false|io.ktor:ktor-server-netty:3.2.3,false|org.jetbrains.kotlin:kotlin-stdlib:2.2.21,false|io.ktor:ktor-bom:3.2.3,true|io.ktor:ktor-server-core:3.2.3,false|io.ktor:ktor-server-status-pages:3.2.3,false|io.ktor:ktor-server-html-builder:3.2.3,false|io.ktor:ktor-server-netty:3.2.3,false|io.ktor:ktor-server-config-yaml:3.2.3,false|ch.qos.logback:logback-classic:1.5.22,false|org.jetbrains.kotlin:kotlin-stdlib:2.2.21,false|io.ktor:ktor-bom:3.2.3,true, userCacheRoot=/home/codespace/.cache/JetBrains/Amper}
  new: {userCacheRoot=/home/codespace/.cache/JetBrains/Amper, dependencies=/workspaces/2850MiniProject/Library-book-search,ResolutionConfigPlain(scope=COMPILE, platforms=[JVM], repositories=[https://repo1.maven.org/maven2, https://maven.google.com, https://maven.pkg.jetbrains.space/public/p/compose/dev])|/workspaces/2850MiniProject/Library-book-search,ResolutionConfigPlain(scope=RUNTIME, platforms=[JVM], repositories=[https://repo1.maven.org/maven2, https://maven.google.com, https://maven.pkg.jetbrains.space/public/p/compose/dev])|/workspaces/2850MiniProject/Library-book-search,main|/workspaces/2850MiniProject/Library-book-search,main|/workspaces/2850MiniProject/Library-book-search,main|/workspaces/2850MiniProject/Library-book-search,main|/workspaces/2850MiniProject/Library-book-search,main|/workspaces/2850MiniProject/Library-book-search,main|/workspaces/2850MiniProject/Library-book-search,main|/workspaces/2850MiniProject/Library-book-search,main|/workspaces/2850MiniProject/Library-book-search,main|/workspaces/2850MiniProject/Library-book-search,main|/workspaces/2850MiniProject/Library-book-search,main|/workspaces/2850MiniProject/Library-book-search,main|/workspaces/2850MiniProject/Library-book-search,main|/workspaces/2850MiniProject/Library-book-search,main|/workspaces/2850MiniProject/Library-book-search,main|/workspaces/2850MiniProject/Library-book-search,main|io.ktor:ktor-server-core:3.2.3,false|io.ktor:ktor-server-status-pages:3.2.3,false|io.ktor:ktor-server-html-builder:3.2.3,false|io.ktor:ktor-server-netty:3.2.3,false|org.jetbrains.kotlinx:dataframe:1.0.0-Beta4,false|org.jetbrains.kotlin:kotlin-stdlib:2.2.21,false|io.ktor:ktor-bom:3.2.3,true|io.ktor:ktor-server-core:3.2.3,false|io.ktor:ktor-server-status-pages:3.2.3,false|io.ktor:ktor-server-html-builder:3.2.3,false|io.ktor:ktor-server-netty:3.2.3,false|io.ktor:ktor-server-config-yaml:3.2.3,false|ch.qos.logback:logback-classic:1.5.22,false|org.jetbrains.kotlinx:dataframe:1.0.0-Beta4,false|org.jetbrains.kotlin:kotlin-stdlib:2.2.21,false|io.ktor:ktor-bom:3.2.3,true}
00:04.037 DEBUG :Library-book-search:resolveDependenciesJvm IncrementalCache          [inc] building 'Module dependencies graph,/workspaces/2850MiniProject/Library-book-search,JVM,false,ResolutionConfigPlain(scope=COMPILE, platforms=[JVM], repositories=[https://repo1.maven.org/maven2]),false,true,NETWORK'
00:07.560 DEBUG :Library-book-search:resolveDependenciesJvm DependencyFileImpl        Downloaded https://repo1.maven.org/maven2/org/jetbrains/kotlinx/dataframe/1.0.0-Beta4/dataframe-1.0.0-Beta4.pom.sha512 for the dependency org.jetbrains.kotlinx:dataframe:1.0.0-Beta4
00:07.696 DEBUG :Library-book-search:resolveDependenciesJvm DependencyFileImpl        Downloaded https://repo1.maven.org/maven2/org/jetbrains/kotlinx/dataframe/1.0.0-Beta4/dataframe-1.0.0-Beta4.pom for the dependency org.jetbrains.kotlinx:dataframe:1.0.0-Beta4
00:08.131 DEBUG :Library-book-search:resolveDependenciesJvm DependencyFileImpl        Downloaded https://repo1.maven.org/maven2/org/jetbrains/kotlinx/dataframe/1.0.0-Beta4/dataframe-1.0.0-Beta4.module.sha512 for the dependency org.jetbrains.kotlinx:dataframe:1.0.0-Beta4
00:08.347 DEBUG :Library-book-search:resolveDependenciesJvm DependencyFileImpl        Downloaded https://repo1.maven.org/maven2/org/jetbrains/kotlinx/dataframe/1.0.0-Beta4/dataframe-1.0.0-Beta4.module for the dependency org.jetbrains.kotlinx:dataframe:1.0.0-Beta4
00:08.411 DEBUG :Library-book-search:resolveDependenciesJvm DependencyFileImpl        Downloaded https://repo1.maven.org/maven2/org/jetbrains/kotlinx/dataframe-core/1.0.0-Beta4/dataframe-core-1.0.0-Beta4.pom.sha512 for the dependency org.jetbrains.kotlinx:dataframe-core:1.0.0-Beta4
00:08.422 DEBUG :Library-book-search:resolveDependenciesJvm DependencyFileImpl        Downloaded https://repo1.maven.org/maven2/org/jetbrains/kotlinx/dataframe-csv/1.0.0-Beta4/dataframe-csv-1.0.0-Beta4.pom.sha512 for the dependency org.jetbrains.kotlinx:dataframe-csv:1.0.0-Beta4
00:08.451 DEBUG :Library-book-search:resolveDependenciesJvm DependencyFileImpl        Downloaded https://repo1.maven.org/maven2/org/jetbrains/kotlinx/dataframe-core/1.0.0-Beta4/dataframe-core-1.0.0-Beta4.pom for the dependency org.jetbrains.kotlinx:dataframe-core:1.0.0-Beta4
00:08.480 DEBUG :Library-book-search:resolveDependenciesJvm DependencyFileImpl        Downloaded https://repo1.maven.org/maven2/org/jetbrains/kotlinx/dataframe-csv/1.0.0-Beta4/dataframe-csv-1.0.0-Beta4.pom for the dependency org.jetbrains.kotlinx:dataframe-csv:1.0.0-Beta4
00:08.669 DEBUG :Library-book-search:resolveDependenciesJvm DependencyFileImpl        Downloaded https://repo1.maven.org/maven2/org/jetbrains/kotlinx/dataframe-excel/1.0.0-Beta4/dataframe-excel-1.0.0-Beta4.pom.sha512 for the dependency org.jetbrains.kotlinx:dataframe-excel:1.0.0-Beta4
00:08.674 DEBUG :Library-book-search:resolveDependenciesJvm DependencyFileImpl        Downloaded https://repo1.maven.org/maven2/org/jetbrains/kotlinx/dataframe-json/1.0.0-Beta4/dataframe-json-1.0.0-Beta4.pom.sha512 for the dependency org.jetbrains.kotlinx:dataframe-json:1.0.0-Beta4
00:08.697 DEBUG :Library-book-search:resolveDependenciesJvm DependencyFileImpl        Downloaded https://repo1.maven.org/maven2/org/jetbrains/kotlinx/dataframe-jdbc/1.0.0-Beta4/dataframe-jdbc-1.0.0-Beta4.pom.sha512 for the dependency org.jetbrains.kotlinx:dataframe-jdbc:1.0.0-Beta4
00:08.705 DEBUG :Library-book-search:resolveDependenciesJvm DependencyFileImpl        Downloaded https://repo1.maven.org/maven2/org/jetbrains/kotlinx/dataframe-arrow/1.0.0-Beta4/dataframe-arrow-1.0.0-Beta4.pom.sha512 for the dependency org.jetbrains.kotlinx:dataframe-arrow:1.0.0-Beta4
00:08.762 DEBUG :Library-book-search:resolveDependenciesJvm DependencyFileImpl        Downloaded https://repo1.maven.org/maven2/org/jetbrains/kotlinx/dataframe-json/1.0.0-Beta4/dataframe-json-1.0.0-Beta4.pom for the dependency org.jetbrains.kotlinx:dataframe-json:1.0.0-Beta4
00:08.774 DEBUG :Library-book-search:resolveDependenciesJvm DependencyFileImpl        Downloaded https://repo1.maven.org/maven2/org/jetbrains/kotlinx/dataframe-excel/1.0.0-Beta4/dataframe-excel-1.0.0-Beta4.pom for the dependency org.jetbrains.kotlinx:dataframe-excel:1.0.0-Beta4
00:08.781 DEBUG :Library-book-search:resolveDependenciesJvm DependencyFileImpl        Downloaded https://repo1.maven.org/maven2/org/jetbrains/kotlinx/dataframe-jdbc/1.0.0-Beta4/dataframe-jdbc-1.0.0-Beta4.pom for the dependency org.jetbrains.kotlinx:dataframe-jdbc:1.0.0-Beta4
00:08.792 DEBUG :Library-book-search:resolveDependenciesJvm DependencyFileImpl        Downloaded https://repo1.maven.org/maven2/org/jetbrains/kotlinx/dataframe-core/1.0.0-Beta4/dataframe-core-1.0.0-Beta4.module.sha512 for the dependency org.jetbrains.kotlinx:dataframe-core:1.0.0-Beta4
00:08.835 DEBUG :Library-book-search:resolveDependenciesJvm DependencyFileImpl        Downloaded https://repo1.maven.org/maven2/org/jetbrains/kotlinx/dataframe-core/1.0.0-Beta4/dataframe-core-1.0.0-Beta4.module for the dependency org.jetbrains.kotlinx:dataframe-core:1.0.0-Beta4
00:08.869 DEBUG :Library-book-search:resolveDependenciesJvm DependencyFileImpl        Downloaded https://repo1.maven.org/maven2/org/jetbrains/kotlinx/dataframe-arrow/1.0.0-Beta4/dataframe-arrow-1.0.0-Beta4.pom for the dependency org.jetbrains.kotlinx:dataframe-arrow:1.0.0-Beta4
00:08.906 DEBUG :Library-book-search:resolveDependenciesJvm DependencyFileImpl        Not found URL: https://repo1.maven.org/maven2/commons-io/commons-io/2.18.0/commons-io-2.18.0.pom.sha512
00:08.918 DEBUG :Library-book-search:resolveDependenciesJvm DependencyFileImpl        Downloaded https://repo1.maven.org/maven2/com/squareup/kotlinpoet/2.2.0/kotlinpoet-2.2.0.pom.sha512 for the dependency com.squareup:kotlinpoet:2.2.0
00:08.922 DEBUG :Library-book-search:resolveDependenciesJvm DependencyFileImpl        Downloaded https://repo1.maven.org/maven2/org/jetbrains/kotlinx/dataframe-csv/1.0.0-Beta4/dataframe-csv-1.0.0-Beta4.module.sha512 for the dependency org.jetbrains.kotlinx:dataframe-csv:1.0.0-Beta4
00:08.946 DEBUG :Library-book-search:resolveDependenciesJvm DependencyFileImpl        Downloaded https://repo1.maven.org/maven2/com/squareup/kotlinpoet/2.2.0/kotlinpoet-2.2.0.pom for the dependency com.squareup:kotlinpoet:2.2.0
00:08.978 DEBUG :Library-book-search:resolveDependenciesJvm DependencyFileImpl        Downloaded https://repo1.maven.org/maven2/org/jetbrains/kotlinx/dataframe-csv/1.0.0-Beta4/dataframe-csv-1.0.0-Beta4.module for the dependency org.jetbrains.kotlinx:dataframe-csv:1.0.0-Beta4
00:09.006 DEBUG :Library-book-search:resolveDependenciesJvm DependencyFileImpl        Downloaded https://repo1.maven.org/maven2/com/squareup/kotlinpoet/2.2.0/kotlinpoet-2.2.0.module.sha512 for the dependency com.squareup:kotlinpoet:2.2.0
00:09.049 DEBUG :Library-book-search:resolveDependenciesJvm DependencyFileImpl        Downloaded https://repo1.maven.org/maven2/org/jetbrains/kotlinx/dataframe-json/1.0.0-Beta4/dataframe-json-1.0.0-Beta4.module.sha512 for the dependency org.jetbrains.kotlinx:dataframe-json:1.0.0-Beta4
00:09.051 DEBUG :Library-book-search:resolveDependenciesJvm DependencyFileImpl        Downloaded https://repo1.maven.org/maven2/org/jetbrains/kotlinx/dataframe-jdbc/1.0.0-Beta4/dataframe-jdbc-1.0.0-Beta4.module.sha512 for the dependency org.jetbrains.kotlinx:dataframe-jdbc:1.0.0-Beta4
00:09.068 DEBUG :Library-book-search:resolveDependenciesJvm DependencyFileImpl        Downloaded https://repo1.maven.org/maven2/org/jetbrains/kotlinx/dataframe-excel/1.0.0-Beta4/dataframe-excel-1.0.0-Beta4.module.sha512 for the dependency org.jetbrains.kotlinx:dataframe-excel:1.0.0-Beta4
00:09.070 DEBUG :Library-book-search:resolveDependenciesJvm DependencyFileImpl        Not found URL: https://repo1.maven.org/maven2/org/jetbrains/kotlinx/kotlinx-datetime-jvm/0.7.1-0.6.x-compat/kotlinx-datetime-jvm-0.7.1-0.6.x-compat.pom.sha512
00:09.075 DEBUG :Library-book-search:resolveDependenciesJvm DependencyFileImpl        Downloaded https://repo1.maven.org/maven2/com/squareup/kotlinpoet/2.2.0/kotlinpoet-2.2.0.module for the dependency com.squareup:kotlinpoet:2.2.0
00:09.082 DEBUG :Library-book-search:resolveDependenciesJvm DependencyFileImpl        Downloaded https://repo1.maven.org/maven2/io/github/oshai/kotlin-logging/7.0.13/kotlin-logging-7.0.13.pom.sha512 for the dependency io.github.oshai:kotlin-logging:7.0.13
00:09.085 DEBUG :Library-book-search:resolveDependenciesJvm DependencyFileImpl        Not found URL: https://repo1.maven.org/maven2/org/apache/commons/commons-csv/1.14.1/commons-csv-1.14.1.pom.sha512
00:09.098 DEBUG :Library-book-search:resolveDependenciesJvm DependencyFileImpl        Downloaded https://repo1.maven.org/maven2/org/jetbrains/kotlinx/dataframe-json/1.0.0-Beta4/dataframe-json-1.0.0-Beta4.module for the dependency org.jetbrains.kotlinx:dataframe-json:1.0.0-Beta4
00:09.106 DEBUG :Library-book-search:resolveDependenciesJvm DependencyFileImpl        Downloaded https://repo1.maven.org/maven2/io/github/oshai/kotlin-logging/7.0.13/kotlin-logging-7.0.13.pom for the dependency io.github.oshai:kotlin-logging:7.0.13
00:09.110 DEBUG :Library-book-search:resolveDependenciesJvm DependencyFileImpl        Downloaded https://repo1.maven.org/maven2/com/squareup/kotlinpoet-jvm/2.2.0/kotlinpoet-jvm-2.2.0.pom.sha512 for the dependency com.squareup:kotlinpoet-jvm:2.2.0
00:09.135 DEBUG :Library-book-search:resolveDependenciesJvm DependencyFileImpl        Downloaded https://repo1.maven.org/maven2/com/squareup/kotlinpoet-jvm/2.2.0/kotlinpoet-jvm-2.2.0.pom for the dependency com.squareup:kotlinpoet-jvm:2.2.0
00:09.164 DEBUG :Library-book-search:resolveDependenciesJvm DependencyFileImpl        Downloaded https://repo1.maven.org/maven2/org/jetbrains/kotlinx/dataframe-arrow/1.0.0-Beta4/dataframe-arrow-1.0.0-Beta4.module.sha512 for the dependency org.jetbrains.kotlinx:dataframe-arrow:1.0.0-Beta4
00:09.164 DEBUG :Library-book-search:resolveDependenciesJvm DependencyFileImpl        Downloaded https://repo1.maven.org/maven2/org/jetbrains/kotlinx/kotlinx-serialization-json/1.9.0/kotlinx-serialization-json-1.9.0.pom.sha512 for the dependency org.jetbrains.kotlinx:kotlinx-serialization-json:1.9.0
00:09.172 DEBUG :Library-book-search:resolveDependenciesJvm DependencyFileImpl        Downloaded https://repo1.maven.org/maven2/ch/randelshofer/fastdoubleparser/2.0.1/fastdoubleparser-2.0.1.pom.sha512 for the dependency ch.randelshofer:fastdoubleparser:2.0.1
00:09.187 DEBUG :Library-book-search:resolveDependenciesJvm DependencyFileImpl        Downloaded https://repo1.maven.org/maven2/org/jetbrains/kotlinx/kotlinx-serialization-json/1.9.0/kotlinx-serialization-json-1.9.0.pom for the dependency org.jetbrains.kotlinx:kotlinx-serialization-json:1.9.0
00:09.208 DEBUG :Library-book-search:resolveDependenciesJvm DependencyFileImpl        Downloaded https://repo1.maven.org/maven2/ch/randelshofer/fastdoubleparser/2.0.1/fastdoubleparser-2.0.1.pom for the dependency ch.randelshofer:fastdoubleparser:2.0.1
00:09.210 DEBUG :Library-book-search:resolveDependenciesJvm DependencyFileImpl        Downloaded https://repo1.maven.org/maven2/com/squareup/kotlinpoet-jvm/2.2.0/kotlinpoet-jvm-2.2.0.module.sha512 for the dependency com.squareup:kotlinpoet-jvm:2.2.0
00:09.231 DEBUG :Library-book-search:resolveDependenciesJvm DependencyFileImpl        Downloaded https://repo1.maven.org/maven2/org/jetbrains/kotlinx/kotlinx-serialization-json/1.9.0/kotlinx-serialization-json-1.9.0.module.sha512 for the dependency org.jetbrains.kotlinx:kotlinx-serialization-json:1.9.0
00:09.232 DEBUG :Library-book-search:resolveDependenciesJvm DependencyFileImpl        Downloaded https://repo1.maven.org/maven2/org/jetbrains/kotlinx/dataframe-jdbc/1.0.0-Beta4/dataframe-jdbc-1.0.0-Beta4.module for the dependency org.jetbrains.kotlinx:dataframe-jdbc:1.0.0-Beta4
00:09.237 DEBUG :Library-book-search:resolveDependenciesJvm DependencyFileImpl        Downloaded https://repo1.maven.org/maven2/com/squareup/kotlinpoet-jvm/2.2.0/kotlinpoet-jvm-2.2.0.module for the dependency com.squareup:kotlinpoet-jvm:2.2.0
00:09.262 DEBUG :Library-book-search:resolveDependenciesJvm DependencyFileImpl        Downloaded https://repo1.maven.org/maven2/org/jetbrains/kotlinx/kotlinx-serialization-json/1.9.0/kotlinx-serialization-json-1.9.0.module for the dependency org.jetbrains.kotlinx:kotlinx-serialization-json:1.9.0
00:09.270 DEBUG :Library-book-search:resolveDependenciesJvm DependencyFileImpl        Downloaded https://repo1.maven.org/maven2/org/jetbrains/kotlinx/dataframe-excel/1.0.0-Beta4/dataframe-excel-1.0.0-Beta4.module for the dependency org.jetbrains.kotlinx:dataframe-excel:1.0.0-Beta4
00:09.278 DEBUG :Library-book-search:resolveDependenciesJvm DependencyFileImpl        Not found URL: https://maven.google.com/org/apache/commons/commons-csv/1.14.1/commons-csv-1.14.1.pom.sha512
00:09.284 DEBUG :Library-book-search:resolveDependenciesJvm DependencyFileImpl        Not found URL: https://maven.google.com/org/jetbrains/kotlinx/kotlinx-datetime-jvm/0.7.1-0.6.x-compat/kotlinx-datetime-jvm-0.7.1-0.6.x-compat.pom.sha512
00:09.289 DEBUG :Library-book-search:resolveDependenciesJvm DependencyFileImpl        Downloaded https://repo1.maven.org/maven2/io/github/oshai/kotlin-logging/7.0.13/kotlin-logging-7.0.13.module.sha512 for the dependency io.github.oshai:kotlin-logging:7.0.13
00:09.296 DEBUG :Library-book-search:resolveDependenciesJvm DependencyFileImpl        Downloaded https://repo1.maven.org/maven2/org/jetbrains/kotlinx/kotlinx-serialization-json-jvm/1.9.0/kotlinx-serialization-json-jvm-1.9.0.pom.sha512 for the dependency org.jetbrains.kotlinx:kotlinx-serialization-json-jvm:1.9.0
00:09.320 DEBUG :Library-book-search:resolveDependenciesJvm DependencyFileImpl        Downloaded https://repo1.maven.org/maven2/io/github/oshai/kotlin-logging/7.0.13/kotlin-logging-7.0.13.module for the dependency io.github.oshai:kotlin-logging:7.0.13
00:09.321 DEBUG :Library-book-search:resolveDependenciesJvm DependencyFileImpl        Downloaded https://repo1.maven.org/maven2/org/apache/poi/poi/5.5.0/poi-5.5.0.pom.sha512 for the dependency org.apache.poi:poi:5.5.0
00:09.324 DEBUG :Library-book-search:resolveDependenciesJvm DependencyFileImpl        Downloaded https://repo1.maven.org/maven2/org/jetbrains/kotlinx/kotlinx-serialization-json-jvm/1.9.0/kotlinx-serialization-json-jvm-1.9.0.pom for the dependency org.jetbrains.kotlinx:kotlinx-serialization-json-jvm:1.9.0
00:09.337 DEBUG :Library-book-search:resolveDependenciesJvm DependencyFileImpl        Not found URL: https://maven.google.com/commons-io/commons-io/2.18.0/commons-io-2.18.0.pom.sha512
00:09.345 DEBUG :Library-book-search:resolveDependenciesJvm DependencyFileImpl        Downloaded https://repo1.maven.org/maven2/org/apache/poi/poi/5.5.0/poi-5.5.0.pom for the dependency org.apache.poi:poi:5.5.0
00:09.349 DEBUG :Library-book-search:resolveDependenciesJvm DependencyFileImpl        Downloaded https://repo1.maven.org/maven2/org/jetbrains/kotlinx/dataframe-arrow/1.0.0-Beta4/dataframe-arrow-1.0.0-Beta4.module for the dependency org.jetbrains.kotlinx:dataframe-arrow:1.0.0-Beta4
00:09.361 DEBUG :Library-book-search:resolveDependenciesJvm DependencyFileImpl        Downloaded https://repo1.maven.org/maven2/org/jetbrains/kotlinx/kotlinx-serialization-json-jvm/1.9.0/kotlinx-serialization-json-jvm-1.9.0.module.sha512 for the dependency org.jetbrains.kotlinx:kotlinx-serialization-json-jvm:1.9.0
00:09.362 DEBUG :Library-book-search:resolveDependenciesJvm DependencyFileImpl        Downloaded https://repo1.maven.org/maven2/io/deephaven/deephaven-csv/0.18.0/deephaven-csv-0.18.0.pom.sha512 for the dependency io.deephaven:deephaven-csv:0.18.0
00:09.390 DEBUG :Library-book-search:resolveDependenciesJvm DependencyFileImpl        Downloaded https://repo1.maven.org/maven2/org/jetbrains/kotlinx/kotlinx-serialization-json-jvm/1.9.0/kotlinx-serialization-json-jvm-1.9.0.module for the dependency org.jetbrains.kotlinx:kotlinx-serialization-json-jvm:1.9.0
00:09.396 DEBUG :Library-book-search:resolveDependenciesJvm DependencyFileImpl        Downloaded https://repo1.maven.org/maven2/io/deephaven/deephaven-csv/0.18.0/deephaven-csv-0.18.0.pom for the dependency io.deephaven:deephaven-csv:0.18.0
00:09.412 DEBUG :Library-book-search:resolveDependenciesJvm DependencyFileImpl        Not found URL: https://maven.pkg.jetbrains.space/public/p/compose/dev/org/jetbrains/kotlinx/kotlinx-datetime-jvm/0.7.1-0.6.x-compat/kotlinx-datetime-jvm-0.7.1-0.6.x-compat.pom.sha512
00:09.432 DEBUG :Library-book-search:resolveDependenciesJvm DependencyFileImpl        Not found URL: https://maven.pkg.jetbrains.space/public/p/compose/dev/commons-io/commons-io/2.18.0/commons-io-2.18.0.pom.sha512
00:09.437 DEBUG :Library-book-search:resolveDependenciesJvm DependencyFileImpl        Not found URL: https://maven.pkg.jetbrains.space/public/p/compose/dev/org/apache/commons/commons-csv/1.14.1/commons-csv-1.14.1.pom.sha512
00:09.462 DEBUG :Library-book-search:resolveDependenciesJvm DependencyFileImpl        Downloaded https://repo1.maven.org/maven2/org/jetbrains/kotlinx/kotlinx-serialization-bom/1.9.0/kotlinx-serialization-bom-1.9.0.pom.sha512 for the dependency org.jetbrains.kotlinx:kotlinx-serialization-bom:1.9.0
00:09.483 DEBUG :Library-book-search:resolveDependenciesJvm DependencyFileImpl        Downloaded https://repo1.maven.org/maven2/org/apache/poi/poi-ooxml/5.5.0/poi-ooxml-5.5.0.pom.sha512 for the dependency org.apache.poi:poi-ooxml:5.5.0
00:09.515 DEBUG :Library-book-search:resolveDependenciesJvm DependencyFileImpl        Not found URL: https://repo1.maven.org/maven2/commons-io/commons-io/2.18.0/commons-io-2.18.0.pom.sha256
00:09.578 DEBUG :Library-book-search:resolveDependenciesJvm DependencyFileImpl        Not found URL: https://repo1.maven.org/maven2/org/apache/commons/commons-compress/1.28.0/commons-compress-1.28.0.pom.sha512
00:09.586 DEBUG :Library-book-search:resolveDependenciesJvm DependencyFileImpl        Not found URL: https://repo1.maven.org/maven2/org/apache/arrow/arrow-vector/18.3.0/arrow-vector-18.3.0.pom.sha512
00:09.599 DEBUG :Library-book-search:resolveDependenciesJvm DependencyFileImpl        Not found URL: https://repo1.maven.org/maven2/org/apache/arrow/arrow-format/18.3.0/arrow-format-18.3.0.pom.sha512
00:09.599 DEBUG :Library-book-search:resolveDependenciesJvm DependencyFileImpl        Downloaded https://repo1.maven.org/maven2/org/jetbrains/kotlinx/kotlinx-serialization-bom/1.9.0/kotlinx-serialization-bom-1.9.0.pom for the dependency org.jetbrains.kotlinx:kotlinx-serialization-bom:1.9.0
00:09.602 DEBUG :Library-book-search:resolveDependenciesJvm DependencyFileImpl        Not found URL: https://repo1.maven.org/maven2/org/apache/arrow/arrow-dataset/18.3.0/arrow-dataset-18.3.0.pom.sha512
00:09.609 DEBUG :Library-book-search:resolveDependenciesJvm DependencyFileImpl        Downloaded https://repo1.maven.org/maven2/org/apache/poi/poi-ooxml/5.5.0/poi-ooxml-5.5.0.pom for the dependency org.apache.poi:poi-ooxml:5.5.0
00:09.630 DEBUG :Library-book-search:resolveDependenciesJvm DependencyFileImpl        Not found URL: https://repo1.maven.org/maven2/org/apache/arrow/arrow-memory-unsafe/18.3.0/arrow-memory-unsafe-18.3.0.pom.sha512
00:09.665 DEBUG :Library-book-search:resolveDependenciesJvm DependencyFileImpl        Not found URL: https://maven.google.com/org/apache/commons/commons-compress/1.28.0/commons-compress-1.28.0.pom.sha512
00:09.681 DEBUG :Library-book-search:resolveDependenciesJvm DependencyFileImpl        Downloaded https://repo1.maven.org/maven2/io/github/oshai/kotlin-logging-jvm/7.0.13/kotlin-logging-jvm-7.0.13.pom.sha512 for the dependency io.github.oshai:kotlin-logging-jvm:7.0.13
00:09.691 DEBUG :Library-book-search:resolveDependenciesJvm DependencyFileImpl        Not found URL: https://repo1.maven.org/maven2/org/jetbrains/kotlinx/kotlinx-datetime-jvm/0.7.1-0.6.x-compat/kotlinx-datetime-jvm-0.7.1-0.6.x-compat.pom.sha256
00:09.700 DEBUG :Library-book-search:resolveDependenciesJvm DependencyFileImpl        Not found URL: https://maven.google.com/org/apache/arrow/arrow-vector/18.3.0/arrow-vector-18.3.0.pom.sha512
00:09.704 DEBUG :Library-book-search:resolveDependenciesJvm DependencyFileImpl        Not found URL: https://maven.google.com/commons-io/commons-io/2.18.0/commons-io-2.18.0.pom.sha256
00:09.708 DEBUG :Library-book-search:resolveDependenciesJvm DependencyFileImpl        Not found URL: https://maven.pkg.jetbrains.space/public/p/compose/dev/org/apache/commons/commons-compress/1.28.0/commons-compress-1.28.0.pom.sha512
00:09.709 DEBUG :Library-book-search:resolveDependenciesJvm DependencyFileImpl        Not found URL: https://repo1.maven.org/maven2/org/apache/logging/log4j/log4j-bom/2.24.3/log4j-bom-2.24.3.pom.sha512
00:09.711 DEBUG :Library-book-search:resolveDependenciesJvm DependencyFileImpl        Not found URL: https://maven.google.com/org/apache/arrow/arrow-format/18.3.0/arrow-format-18.3.0.pom.sha512
00:09.724 DEBUG :Library-book-search:resolveDependenciesJvm DependencyFileImpl        Downloaded https://repo1.maven.org/maven2/io/github/oshai/kotlin-logging-jvm/7.0.13/kotlin-logging-jvm-7.0.13.pom for the dependency io.github.oshai:kotlin-logging-jvm:7.0.13
00:09.734 DEBUG :Library-book-search:resolveDependenciesJvm DependencyFileImpl        Not found URL: https://maven.pkg.jetbrains.space/public/p/compose/dev/commons-io/commons-io/2.18.0/commons-io-2.18.0.pom.sha256
00:09.735 DEBUG :Library-book-search:resolveDependenciesJvm DependencyFileImpl        Not found URL: https://maven.pkg.jetbrains.space/public/p/compose/dev/org/apache/arrow/arrow-vector/18.3.0/arrow-vector-18.3.0.pom.sha512
00:09.742 DEBUG :Library-book-search:resolveDependenciesJvm DependencyFileImpl        Not found URL: https://maven.google.com/org/apache/arrow/arrow-dataset/18.3.0/arrow-dataset-18.3.0.pom.sha512
00:09.750 DEBUG :Library-book-search:resolveDependenciesJvm DependencyFileImpl        Not found URL: https://maven.pkg.jetbrains.space/public/p/compose/dev/org/apache/arrow/arrow-format/18.3.0/arrow-format-18.3.0.pom.sha512
00:09.754 DEBUG :Library-book-search:resolveDependenciesJvm DependencyFileImpl        Downloaded https://repo1.maven.org/maven2/commons-io/commons-io/2.18.0/commons-io-2.18.0.pom.sha1 for the dependency commons-io:commons-io:2.18.0
00:09.755 DEBUG :Library-book-search:resolveDependenciesJvm DependencyFileImpl        Not found URL: https://repo1.maven.org/maven2/org/apache/commons/commons-csv/1.14.1/commons-csv-1.14.1.pom.sha256
00:09.763 DEBUG :Library-book-search:resolveDependenciesJvm DependencyFileImpl        Downloaded https://repo1.maven.org/maven2/io/deephaven/deephaven-csv/0.18.0/deephaven-csv-0.18.0.module.sha512 for the dependency io.deephaven:deephaven-csv:0.18.0
00:09.778 DEBUG :Library-book-search:resolveDependenciesJvm DependencyFileImpl        Not found URL: https://maven.pkg.jetbrains.space/public/p/compose/dev/org/apache/arrow/arrow-dataset/18.3.0/arrow-dataset-18.3.0.pom.sha512
00:09.781 DEBUG :Library-book-search:resolveDependenciesJvm DependencyFileImpl        Not found URL: https://maven.google.com/org/apache/arrow/arrow-memory-unsafe/18.3.0/arrow-memory-unsafe-18.3.0.pom.sha512
00:09.784 DEBUG :Library-book-search:resolveDependenciesJvm DependencyFileImpl        Downloaded https://repo1.maven.org/maven2/commons-io/commons-io/2.18.0/commons-io-2.18.0.pom for the dependency commons-io:commons-io:2.18.0
00:09.798 DEBUG :Library-book-search:resolveDependenciesJvm DependencyFileImpl        Downloaded https://repo1.maven.org/maven2/io/deephaven/deephaven-csv/0.18.0/deephaven-csv-0.18.0.module for the dependency io.deephaven:deephaven-csv:0.18.0
00:09.807 DEBUG :Library-book-search:resolveDependenciesJvm DependencyFileImpl        Not found URL: https://maven.google.com/org/apache/logging/log4j/log4j-bom/2.24.3/log4j-bom-2.24.3.pom.sha512
00:09.811 DEBUG :Library-book-search:resolveDependenciesJvm DependencyFileImpl        Not found URL: https://maven.pkg.jetbrains.space/public/p/compose/dev/org/apache/arrow/arrow-memory-unsafe/18.3.0/arrow-memory-unsafe-18.3.0.pom.sha512
00:09.821 DEBUG :Library-book-search:resolveDependenciesJvm DependencyFileImpl        Not found URL: https://maven.google.com/org/jetbrains/kotlinx/kotlinx-datetime-jvm/0.7.1-0.6.x-compat/kotlinx-datetime-jvm-0.7.1-0.6.x-compat.pom.sha256
00:09.822 DEBUG :Library-book-search:resolveDependenciesJvm DependencyFileImpl        Not found URL: https://maven.google.com/org/apache/commons/commons-csv/1.14.1/commons-csv-1.14.1.pom.sha256
00:09.833 DEBUG :Library-book-search:resolveDependenciesJvm DependencyFileImpl        Not found URL: https://maven.pkg.jetbrains.space/public/p/compose/dev/org/apache/logging/log4j/log4j-bom/2.24.3/log4j-bom-2.24.3.pom.sha512
00:09.850 DEBUG :Library-book-search:resolveDependenciesJvm DependencyFileImpl        Not found URL: https://maven.pkg.jetbrains.space/public/p/compose/dev/org/apache/commons/commons-csv/1.14.1/commons-csv-1.14.1.pom.sha256
00:09.851 DEBUG :Library-book-search:resolveDependenciesJvm DependencyFileImpl        Not found URL: https://repo1.maven.org/maven2/org/apache/commons/commons-parent/78/commons-parent-78.pom.sha512
00:09.853 DEBUG :Library-book-search:resolveDependenciesJvm DependencyFileImpl        Not found URL: https://maven.pkg.jetbrains.space/public/p/compose/dev/org/jetbrains/kotlinx/kotlinx-datetime-jvm/0.7.1-0.6.x-compat/kotlinx-datetime-jvm-0.7.1-0.6.x-compat.pom.sha256
00:09.869 DEBUG :Library-book-search:resolveDependenciesJvm DependencyFileImpl        Downloaded https://repo1.maven.org/maven2/org/apache/commons/commons-csv/1.14.1/commons-csv-1.14.1.pom.sha1 for the dependency org.apache.commons:commons-csv:1.14.1
00:09.875 DEBUG :Library-book-search:resolveDependenciesJvm DependencyFileImpl        Downloaded https://repo1.maven.org/maven2/org/jetbrains/kotlinx/kotlinx-datetime-jvm/0.7.1-0.6.x-compat/kotlinx-datetime-jvm-0.7.1-0.6.x-compat.pom.sha1 for the dependency org.jetbrains.kotlinx:kotlinx-datetime-jvm:0.7.1-0.6.x-compat
00:09.893 DEBUG :Library-book-search:resolveDependenciesJvm DependencyFileImpl        Downloaded https://repo1.maven.org/maven2/org/apache/commons/commons-csv/1.14.1/commons-csv-1.14.1.pom for the dependency org.apache.commons:commons-csv:1.14.1
00:09.901 DEBUG :Library-book-search:resolveDependenciesJvm DependencyFileImpl        Downloaded https://repo1.maven.org/maven2/org/jetbrains/kotlinx/kotlinx-datetime-jvm/0.7.1-0.6.x-compat/kotlinx-datetime-jvm-0.7.1-0.6.x-compat.pom for the dependency org.jetbrains.kotlinx:kotlinx-datetime-jvm:0.7.1-0.6.x-compat
00:09.929 DEBUG :Library-book-search:resolveDependenciesJvm DependencyFileImpl        Not found URL: https://repo1.maven.org/maven2/org/apache/commons/commons-compress/1.28.0/commons-compress-1.28.0.pom.sha256
00:09.929 DEBUG :Library-book-search:resolveDependenciesJvm DependencyFileImpl        Not found URL: https://maven.google.com/org/apache/commons/commons-parent/78/commons-parent-78.pom.sha512
00:09.955 DEBUG :Library-book-search:resolveDependenciesJvm DependencyFileImpl        Not found URL: https://maven.pkg.jetbrains.space/public/p/compose/dev/org/apache/commons/commons-parent/78/commons-parent-78.pom.sha512
00:09.974 DEBUG :Library-book-search:resolveDependenciesJvm DependencyFileImpl        Not found URL: https://repo1.maven.org/maven2/org/apache/arrow/arrow-vector/18.3.0/arrow-vector-18.3.0.pom.sha256
00:09.978 DEBUG :Library-book-search:resolveDependenciesJvm DependencyFileImpl        Not found URL: https://repo1.maven.org/maven2/org/apache/commons/commons-parent/78/commons-parent-78.pom.sha256
00:09.990 DEBUG :Library-book-search:resolveDependenciesJvm DependencyFileImpl        Not found URL: https://repo1.maven.org/maven2/org/apache/arrow/arrow-format/18.3.0/arrow-format-18.3.0.pom.sha256
00:09.997 DEBUG :Library-book-search:resolveDependenciesJvm DependencyFileImpl        Not found URL: https://maven.google.com/org/apache/commons/commons-compress/1.28.0/commons-compress-1.28.0.pom.sha256
00:10.008 DEBUG :Library-book-search:resolveDependenciesJvm DependencyFileImpl        Not found URL: https://repo1.maven.org/maven2/org/apache/arrow/arrow-dataset/18.3.0/arrow-dataset-18.3.0.pom.sha256
00:10.022 DEBUG :Library-book-search:resolveDependenciesJvm DependencyFileImpl        Not found URL: https://maven.pkg.jetbrains.space/public/p/compose/dev/org/apache/commons/commons-compress/1.28.0/commons-compress-1.28.0.pom.sha256
00:10.039 DEBUG :Library-book-search:resolveDependenciesJvm DependencyFileImpl        Not found URL: https://maven.google.com/org/apache/arrow/arrow-vector/18.3.0/arrow-vector-18.3.0.pom.sha256
00:10.044 DEBUG :Library-book-search:resolveDependenciesJvm DependencyFileImpl        Downloaded https://repo1.maven.org/maven2/org/apache/commons/commons-compress/1.28.0/commons-compress-1.28.0.pom.sha1 for the dependency org.apache.commons:commons-compress:1.28.0
00:10.046 DEBUG :Library-book-search:resolveDependenciesJvm DependencyFileImpl        Downloaded https://repo1.maven.org/maven2/io/github/oshai/kotlin-logging-jvm/7.0.13/kotlin-logging-jvm-7.0.13.module.sha512 for the dependency io.github.oshai:kotlin-logging-jvm:7.0.13
00:10.054 DEBUG :Library-book-search:resolveDependenciesJvm DependencyFileImpl        Not found URL: https://repo1.maven.org/maven2/org/apache/arrow/arrow-memory-unsafe/18.3.0/arrow-memory-unsafe-18.3.0.pom.sha256
00:10.065 DEBUG :Library-book-search:resolveDependenciesJvm DependencyFileImpl        Downloaded https://repo1.maven.org/maven2/io/github/oshai/kotlin-logging-jvm/7.0.13/kotlin-logging-jvm-7.0.13.module for the dependency io.github.oshai:kotlin-logging-jvm:7.0.13
00:10.070 DEBUG :Library-book-search:resolveDependenciesJvm DependencyFileImpl        Not found URL: https://maven.pkg.jetbrains.space/public/p/compose/dev/org/apache/arrow/arrow-vector/18.3.0/arrow-vector-18.3.0.pom.sha256
00:10.073 DEBUG :Library-book-search:resolveDependenciesJvm DependencyFileImpl        Not found URL: https://repo1.maven.org/maven2/org/apache/logging/log4j/log4j-bom/2.24.3/log4j-bom-2.24.3.pom.sha256
00:10.074 DEBUG :Library-book-search:resolveDependenciesJvm DependencyFileImpl        Downloaded https://repo1.maven.org/maven2/org/apache/commons/commons-compress/1.28.0/commons-compress-1.28.0.pom for the dependency org.apache.commons:commons-compress:1.28.0
00:10.094 DEBUG :Library-book-search:resolveDependenciesJvm DependencyFileImpl        Downloaded https://repo1.maven.org/maven2/org/apache/arrow/arrow-vector/18.3.0/arrow-vector-18.3.0.pom.sha1 for the dependency org.apache.arrow:arrow-vector:18.3.0
00:10.096 DEBUG :Library-book-search:resolveDependenciesJvm DependencyFileImpl        Not found URL: https://repo1.maven.org/maven2/org/apache/commons/commons-parent/85/commons-parent-85.pom.sha512
00:10.098 DEBUG :Library-book-search:resolveDependenciesJvm DependencyFileImpl        Not found URL: https://maven.google.com/org/apache/arrow/arrow-format/18.3.0/arrow-format-18.3.0.pom.sha256
00:10.112 DEBUG :Library-book-search:resolveDependenciesJvm DependencyFileImpl        Not found URL: https://maven.google.com/org/apache/commons/commons-parent/78/commons-parent-78.pom.sha256
00:10.119 DEBUG :Library-book-search:resolveDependenciesJvm DependencyFileImpl        Downloaded https://repo1.maven.org/maven2/org/apache/arrow/arrow-vector/18.3.0/arrow-vector-18.3.0.pom for the dependency org.apache.arrow:arrow-vector:18.3.0
00:10.120 DEBUG :Library-book-search:resolveDependenciesJvm DependencyFileImpl        Not found URL: https://maven.google.com/org/apache/arrow/arrow-dataset/18.3.0/arrow-dataset-18.3.0.pom.sha256
00:10.125 DEBUG :Library-book-search:resolveDependenciesJvm DependencyFileImpl        Not found URL: https://maven.pkg.jetbrains.space/public/p/compose/dev/org/apache/arrow/arrow-format/18.3.0/arrow-format-18.3.0.pom.sha256
00:10.137 DEBUG :Library-book-search:resolveDependenciesJvm DependencyFileImpl        Not found URL: https://maven.google.com/org/apache/arrow/arrow-memory-unsafe/18.3.0/arrow-memory-unsafe-18.3.0.pom.sha256
00:10.143 DEBUG :Library-book-search:resolveDependenciesJvm DependencyFileImpl        Not found URL: https://maven.pkg.jetbrains.space/public/p/compose/dev/org/apache/commons/commons-parent/78/commons-parent-78.pom.sha256
00:10.146 DEBUG :Library-book-search:resolveDependenciesJvm DependencyFileImpl        Not found URL: https://repo1.maven.org/maven2/org/jetbrains/kotlinx/kotlinx-datetime-jvm/0.7.1-0.6.x-compat/kotlinx-datetime-jvm-0.7.1-0.6.x-compat.module.sha512
00:10.147 DEBUG :Library-book-search:resolveDependenciesJvm DependencyFileImpl        Not found URL: https://maven.pkg.jetbrains.space/public/p/compose/dev/org/apache/arrow/arrow-dataset/18.3.0/arrow-dataset-18.3.0.pom.sha256
00:10.157 DEBUG :Library-book-search:resolveDependenciesJvm DependencyFileImpl        Downloaded https://repo1.maven.org/maven2/org/apache/arrow/arrow-format/18.3.0/arrow-format-18.3.0.pom.sha1 for the dependency org.apache.arrow:arrow-format:18.3.0
00:10.162 DEBUG :Library-book-search:resolveDependenciesJvm DependencyFileImpl        Downloaded https://repo1.maven.org/maven2/org/apache/commons/commons-parent/78/commons-parent-78.pom.sha1 for the dependency org.apache.commons:commons-parent:78
00:10.163 DEBUG :Library-book-search:resolveDependenciesJvm DependencyFileImpl        Not found URL: https://maven.google.com/org/apache/logging/log4j/log4j-bom/2.24.3/log4j-bom-2.24.3.pom.sha256
00:10.165 DEBUG :Library-book-search:resolveDependenciesJvm DependencyFileImpl        Not found URL: https://maven.pkg.jetbrains.space/public/p/compose/dev/org/apache/arrow/arrow-memory-unsafe/18.3.0/arrow-memory-unsafe-18.3.0.pom.sha256
00:10.184 DEBUG :Library-book-search:resolveDependenciesJvm DependencyFileImpl        Not found URL: https://maven.google.com/org/apache/commons/commons-parent/85/commons-parent-85.pom.sha512
00:10.185 DEBUG :Library-book-search:resolveDependenciesJvm DependencyFileImpl        Downloaded https://repo1.maven.org/maven2/org/apache/arrow/arrow-format/18.3.0/arrow-format-18.3.0.pom for the dependency org.apache.arrow:arrow-format:18.3.0
00:10.191 DEBUG :Library-book-search:resolveDependenciesJvm DependencyFileImpl        Not found URL: https://maven.pkg.jetbrains.space/public/p/compose/dev/org/apache/logging/log4j/log4j-bom/2.24.3/log4j-bom-2.24.3.pom.sha256
00:10.199 DEBUG :Library-book-search:resolveDependenciesJvm DependencyFileImpl        Downloaded https://repo1.maven.org/maven2/org/apache/commons/commons-parent/78/commons-parent-78.pom for the dependency org.apache.commons:commons-parent:78
00:10.212 DEBUG :Library-book-search:resolveDependenciesJvm DependencyFileImpl        Downloaded https://repo1.maven.org/maven2/org/apache/logging/log4j/log4j-bom/2.24.3/log4j-bom-2.24.3.pom.sha1 for the dependency org.apache.logging.log4j:log4j-bom:2.24.3
00:10.214 DEBUG :Library-book-search:resolveDependenciesJvm DependencyFileImpl        Not found URL: https://maven.pkg.jetbrains.space/public/p/compose/dev/org/apache/commons/commons-parent/85/commons-parent-85.pom.sha512
00:10.237 DEBUG :Library-book-search:resolveDependenciesJvm DependencyFileImpl        Downloaded https://repo1.maven.org/maven2/org/apache/logging/log4j/log4j-bom/2.24.3/log4j-bom-2.24.3.pom for the dependency org.apache.logging.log4j:log4j-bom:2.24.3
00:10.262 DEBUG :Library-book-search:resolveDependenciesJvm DependencyFileImpl        Not found URL: https://maven.google.com/org/jetbrains/kotlinx/kotlinx-datetime-jvm/0.7.1-0.6.x-compat/kotlinx-datetime-jvm-0.7.1-0.6.x-compat.module.sha512
00:10.286 DEBUG :Library-book-search:resolveDependenciesJvm DependencyFileImpl        Not found URL: https://maven.pkg.jetbrains.space/public/p/compose/dev/org/jetbrains/kotlinx/kotlinx-datetime-jvm/0.7.1-0.6.x-compat/kotlinx-datetime-jvm-0.7.1-0.6.x-compat.module.sha512
00:10.339 DEBUG :Library-book-search:resolveDependenciesJvm DependencyFileImpl        Downloaded https://repo1.maven.org/maven2/org/apache/arrow/arrow-dataset/18.3.0/arrow-dataset-18.3.0.pom.sha1 for the dependency org.apache.arrow:arrow-dataset:18.3.0
00:10.348 DEBUG :Library-book-search:resolveDependenciesJvm DependencyFileImpl        Downloaded https://repo1.maven.org/maven2/org/apache/arrow/arrow-memory-unsafe/18.3.0/arrow-memory-unsafe-18.3.0.pom.sha1 for the dependency org.apache.arrow:arrow-memory-unsafe:18.3.0
00:10.359 DEBUG :Library-book-search:resolveDependenciesJvm DependencyFileImpl        Downloaded https://repo1.maven.org/maven2/org/apache/arrow/arrow-dataset/18.3.0/arrow-dataset-18.3.0.pom for the dependency org.apache.arrow:arrow-dataset:18.3.0
00:10.374 DEBUG :Library-book-search:resolveDependenciesJvm DependencyFileImpl        Not found URL: https://repo1.maven.org/maven2/org/apache/arrow/arrow-java-root/18.3.0/arrow-java-root-18.3.0.pom.sha512
00:10.376 DEBUG :Library-book-search:resolveDependenciesJvm DependencyFileImpl        Not found URL: https://repo1.maven.org/maven2/org/apache/commons/commons-parent/85/commons-parent-85.pom.sha256
00:10.377 DEBUG :Library-book-search:resolveDependenciesJvm DependencyFileImpl        Downloaded https://repo1.maven.org/maven2/org/apache/arrow/arrow-memory-unsafe/18.3.0/arrow-memory-unsafe-18.3.0.pom for the dependency org.apache.arrow:arrow-memory-unsafe:18.3.0
00:10.439 DEBUG :Library-book-search:resolveDependenciesJvm DependencyFileImpl        Not found URL: https://maven.google.com/org/apache/arrow/arrow-java-root/18.3.0/arrow-java-root-18.3.0.pom.sha512
00:10.446 DEBUG :Library-book-search:resolveDependenciesJvm DependencyFileImpl        Not found URL: https://maven.google.com/org/apache/commons/commons-parent/85/commons-parent-85.pom.sha256
00:10.467 DEBUG :Library-book-search:resolveDependenciesJvm DependencyFileImpl        Not found URL: https://maven.pkg.jetbrains.space/public/p/compose/dev/org/apache/arrow/arrow-java-root/18.3.0/arrow-java-root-18.3.0.pom.sha512
00:10.472 DEBUG :Library-book-search:resolveDependenciesJvm DependencyFileImpl        Not found URL: https://maven.pkg.jetbrains.space/public/p/compose/dev/org/apache/commons/commons-parent/85/commons-parent-85.pom.sha256
00:10.489 DEBUG :Library-book-search:resolveDependenciesJvm DependencyFileImpl        Not found URL: https://repo1.maven.org/maven2/org/apache/apache/33/apache-33.pom.sha512
00:10.491 DEBUG :Library-book-search:resolveDependenciesJvm DependencyFileImpl        Downloaded https://repo1.maven.org/maven2/org/apache/commons/commons-parent/85/commons-parent-85.pom.sha1 for the dependency org.apache.commons:commons-parent:85
00:10.504 DEBUG :Library-book-search:resolveDependenciesJvm DependencyFileImpl        Not found URL: https://repo1.maven.org/maven2/org/apache/logging/logging-parent/11.3.0/logging-parent-11.3.0.pom.sha512
00:10.506 DEBUG :Library-book-search:resolveDependenciesJvm DependencyFileImpl        Not found URL: https://repo1.maven.org/maven2/org/jetbrains/kotlinx/kotlinx-datetime-jvm/0.7.1-0.6.x-compat/kotlinx-datetime-jvm-0.7.1-0.6.x-compat.module.sha256
00:10.514 DEBUG :Library-book-search:resolveDependenciesJvm DependencyFileImpl        Downloaded https://repo1.maven.org/maven2/org/apache/commons/commons-parent/85/commons-parent-85.pom for the dependency org.apache.commons:commons-parent:85
00:10.551 DEBUG :Library-book-search:resolveDependenciesJvm DependencyFileImpl        Not found URL: https://maven.google.com/org/apache/apache/33/apache-33.pom.sha512
00:10.561 DEBUG :Library-book-search:resolveDependenciesJvm DependencyFileImpl        Not found URL: https://maven.google.com/org/apache/logging/logging-parent/11.3.0/logging-parent-11.3.0.pom.sha512
00:10.584 DEBUG :Library-book-search:resolveDependenciesJvm DependencyFileImpl        Not found URL: https://maven.pkg.jetbrains.space/public/p/compose/dev/org/apache/apache/33/apache-33.pom.sha512
00:10.589 DEBUG :Library-book-search:resolveDependenciesJvm DependencyFileImpl        Not found URL: https://maven.pkg.jetbrains.space/public/p/compose/dev/org/apache/logging/logging-parent/11.3.0/logging-parent-11.3.0.pom.sha512
00:10.589 DEBUG :Library-book-search:resolveDependenciesJvm DependencyFileImpl        Not found URL: https://repo1.maven.org/maven2/org/apache/apache/35/apache-35.pom.sha512
00:10.629 DEBUG :Library-book-search:resolveDependenciesJvm DependencyFileImpl        Not found URL: https://maven.google.com/org/jetbrains/kotlinx/kotlinx-datetime-jvm/0.7.1-0.6.x-compat/kotlinx-datetime-jvm-0.7.1-0.6.x-compat.module.sha256
00:10.659 DEBUG :Library-book-search:resolveDependenciesJvm DependencyFileImpl        Not found URL: https://maven.google.com/org/apache/apache/35/apache-35.pom.sha512
00:10.662 DEBUG :Library-book-search:resolveDependenciesJvm DependencyFileImpl        Not found URL: https://maven.pkg.jetbrains.space/public/p/compose/dev/org/jetbrains/kotlinx/kotlinx-datetime-jvm/0.7.1-0.6.x-compat/kotlinx-datetime-jvm-0.7.1-0.6.x-compat.module.sha256
00:10.668 DEBUG :Library-book-search:resolveDependenciesJvm DependencyFileImpl        Not found URL: https://repo1.maven.org/maven2/org/apache/arrow/arrow-memory/18.3.0/arrow-memory-18.3.0.pom.sha512
00:10.683 DEBUG :Library-book-search:resolveDependenciesJvm DependencyFileImpl        Downloaded https://repo1.maven.org/maven2/org/jetbrains/kotlinx/kotlinx-datetime-jvm/0.7.1-0.6.x-compat/kotlinx-datetime-jvm-0.7.1-0.6.x-compat.module.sha1 for the dependency org.jetbrains.kotlinx:kotlinx-datetime-jvm:0.7.1-0.6.x-compat
00:10.683 DEBUG :Library-book-search:resolveDependenciesJvm DependencyFileImpl        Not found URL: https://repo1.maven.org/maven2/org/apache/arrow/arrow-java-root/18.3.0/arrow-java-root-18.3.0.pom.sha256
00:10.687 DEBUG :Library-book-search:resolveDependenciesJvm DependencyFileImpl        Not found URL: https://maven.pkg.jetbrains.space/public/p/compose/dev/org/apache/apache/35/apache-35.pom.sha512
00:10.707 DEBUG :Library-book-search:resolveDependenciesJvm DependencyFileImpl        Downloaded https://repo1.maven.org/maven2/org/jetbrains/kotlinx/kotlinx-datetime-jvm/0.7.1-0.6.x-compat/kotlinx-datetime-jvm-0.7.1-0.6.x-compat.module for the dependency org.jetbrains.kotlinx:kotlinx-datetime-jvm:0.7.1-0.6.x-compat
00:10.721 DEBUG :Library-book-search:resolveDependenciesJvm DependencyFileImpl        Not found URL: https://repo1.maven.org/maven2/org/apache/apache/35/apache-35.pom.sha256
00:10.745 DEBUG :Library-book-search:resolveDependenciesJvm DependencyFileImpl        Not found URL: https://maven.google.com/org/apache/arrow/arrow-memory/18.3.0/arrow-memory-18.3.0.pom.sha512
00:10.764 DEBUG :Library-book-search:resolveDependenciesJvm DependencyFileImpl        Not found URL: https://maven.google.com/org/apache/arrow/arrow-java-root/18.3.0/arrow-java-root-18.3.0.pom.sha256
00:10.770 DEBUG :Library-book-search:resolveDependenciesJvm DependencyFileImpl        Not found URL: https://maven.pkg.jetbrains.space/public/p/compose/dev/org/apache/arrow/arrow-memory/18.3.0/arrow-memory-18.3.0.pom.sha512
00:10.780 DEBUG :Library-book-search:resolveDependenciesJvm DependencyFileImpl        Not found URL: https://repo1.maven.org/maven2/org/apache/apache/33/apache-33.pom.sha256
00:10.786 DEBUG :Library-book-search:resolveDependenciesJvm DependencyFileImpl        Not found URL: https://repo1.maven.org/maven2/org/apache/logging/logging-parent/11.3.0/logging-parent-11.3.0.pom.sha256
00:10.789 DEBUG :Library-book-search:resolveDependenciesJvm DependencyFileImpl        Not found URL: https://maven.pkg.jetbrains.space/public/p/compose/dev/org/apache/arrow/arrow-java-root/18.3.0/arrow-java-root-18.3.0.pom.sha256
00:10.791 DEBUG :Library-book-search:resolveDependenciesJvm DependencyFileImpl        Not found URL: https://maven.google.com/org/apache/apache/35/apache-35.pom.sha256
00:10.807 DEBUG :Library-book-search:resolveDependenciesJvm DependencyFileImpl        Downloaded https://repo1.maven.org/maven2/org/apache/arrow/arrow-java-root/18.3.0/arrow-java-root-18.3.0.pom.sha1 for the dependency org.apache.arrow:arrow-java-root:18.3.0
00:10.817 DEBUG :Library-book-search:resolveDependenciesJvm DependencyFileImpl        Not found URL: https://maven.pkg.jetbrains.space/public/p/compose/dev/org/apache/apache/35/apache-35.pom.sha256
00:10.829 DEBUG :Library-book-search:resolveDependenciesJvm DependencyFileImpl        Downloaded https://repo1.maven.org/maven2/org/apache/arrow/arrow-java-root/18.3.0/arrow-java-root-18.3.0.pom for the dependency org.apache.arrow:arrow-java-root:18.3.0
00:10.853 DEBUG :Library-book-search:resolveDependenciesJvm DependencyFileImpl        Downloaded https://repo1.maven.org/maven2/org/apache/apache/35/apache-35.pom.sha1 for the dependency org.apache:apache:35
00:10.863 DEBUG :Library-book-search:resolveDependenciesJvm DependencyFileImpl        Not found URL: https://maven.google.com/org/apache/apache/33/apache-33.pom.sha256
00:10.878 DEBUG :Library-book-search:resolveDependenciesJvm DependencyFileImpl        Downloaded https://repo1.maven.org/maven2/org/apache/apache/35/apache-35.pom for the dependency org.apache:apache:35
00:10.882 DEBUG :Library-book-search:resolveDependenciesJvm DependencyFileImpl        Not found URL: https://maven.google.com/org/apache/logging/logging-parent/11.3.0/logging-parent-11.3.0.pom.sha256
00:10.897 DEBUG :Library-book-search:resolveDependenciesJvm DependencyFileImpl        Not found URL: https://maven.pkg.jetbrains.space/public/p/compose/dev/org/apache/apache/33/apache-33.pom.sha256
00:10.915 DEBUG :Library-book-search:resolveDependenciesJvm DependencyFileImpl        Not found URL: https://maven.pkg.jetbrains.space/public/p/compose/dev/org/apache/logging/logging-parent/11.3.0/logging-parent-11.3.0.pom.sha256
00:10.924 DEBUG :Library-book-search:resolveDependenciesJvm DependencyFileImpl        Downloaded https://repo1.maven.org/maven2/org/apache/apache/33/apache-33.pom.sha1 for the dependency org.apache:apache:33
00:10.926 DEBUG :Library-book-search:resolveDependenciesJvm DependencyFileImpl        Downloaded https://repo1.maven.org/maven2/org/junit/junit-bom/5.13.1/junit-bom-5.13.1.pom.sha512 for the dependency org.junit:junit-bom:5.13.1
00:10.934 DEBUG :Library-book-search:resolveDependenciesJvm DependencyFileImpl        Downloaded https://repo1.maven.org/maven2/org/apache/logging/logging-parent/11.3.0/logging-parent-11.3.0.pom.sha1 for the dependency org.apache.logging:logging-parent:11.3.0
00:10.947 DEBUG :Library-book-search:resolveDependenciesJvm DependencyFileImpl        Downloaded https://repo1.maven.org/maven2/org/apache/apache/33/apache-33.pom for the dependency org.apache:apache:33
00:10.948 DEBUG :Library-book-search:resolveDependenciesJvm DependencyFileImpl        Downloaded https://repo1.maven.org/maven2/org/junit/junit-bom/5.13.1/junit-bom-5.13.1.pom for the dependency org.junit:junit-bom:5.13.1
00:10.965 DEBUG :Library-book-search:resolveDependenciesJvm DependencyFileImpl        Downloaded https://repo1.maven.org/maven2/org/apache/logging/logging-parent/11.3.0/logging-parent-11.3.0.pom for the dependency org.apache.logging:logging-parent:11.3.0
00:11.005 DEBUG :Library-book-search:resolveDependenciesJvm DependencyFileImpl        Not found URL: https://repo1.maven.org/maven2/org/apache/arrow/arrow-memory/18.3.0/arrow-memory-18.3.0.pom.sha256
00:11.032 DEBUG :Library-book-search:resolveDependenciesJvm DependencyFileImpl        Not found URL: https://repo1.maven.org/maven2/org/apache/commons/commons-math3/3.6.1/commons-math3-3.6.1.pom.sha512
00:11.075 DEBUG :Library-book-search:resolveDependenciesJvm DependencyFileImpl        Not found URL: https://repo1.maven.org/maven2/org/apache/apache/34/apache-34.pom.sha512
00:11.093 DEBUG :Library-book-search:resolveDependenciesJvm DependencyFileImpl        Not found URL: https://maven.google.com/org/apache/arrow/arrow-memory/18.3.0/arrow-memory-18.3.0.pom.sha256
00:11.108 DEBUG :Library-book-search:resolveDependenciesJvm DependencyFileImpl        Not found URL: https://maven.google.com/org/apache/commons/commons-math3/3.6.1/commons-math3-3.6.1.pom.sha512
00:11.131 DEBUG :Library-book-search:resolveDependenciesJvm DependencyFileImpl        Not found URL: https://repo1.maven.org/maven2/org/apache/commons/commons-lang3/3.18.0/commons-lang3-3.18.0.pom.sha512
00:11.147 DEBUG :Library-book-search:resolveDependenciesJvm DependencyFileImpl        Not found URL: https://maven.pkg.jetbrains.space/public/p/compose/dev/org/apache/arrow/arrow-memory/18.3.0/arrow-memory-18.3.0.pom.sha256
00:11.157 DEBUG :Library-book-search:resolveDependenciesJvm DependencyFileImpl        Not found URL: https://maven.pkg.jetbrains.space/public/p/compose/dev/org/apache/commons/commons-math3/3.6.1/commons-math3-3.6.1.pom.sha512
00:11.177 DEBUG :Library-book-search:resolveDependenciesJvm DependencyFileImpl        Downloaded https://repo1.maven.org/maven2/org/apache/arrow/arrow-memory/18.3.0/arrow-memory-18.3.0.pom.sha1 for the dependency org.apache.arrow:arrow-memory:18.3.0
00:11.203 DEBUG :Library-book-search:resolveDependenciesJvm DependencyFileImpl        Not found URL: https://maven.google.com/org/apache/apache/34/apache-34.pom.sha512
00:11.207 DEBUG :Library-book-search:resolveDependenciesJvm DependencyFileImpl        Downloaded https://repo1.maven.org/maven2/org/apache/xmlbeans/xmlbeans/5.3.0/xmlbeans-5.3.0.pom.sha512 for the dependency org.apache.xmlbeans:xmlbeans:5.3.0
00:11.210 DEBUG :Library-book-search:resolveDependenciesJvm DependencyFileImpl        Not found URL: https://repo1.maven.org/maven2/commons-codec/commons-codec/1.19.0/commons-codec-1.19.0.pom.sha512
00:11.213 DEBUG :Library-book-search:resolveDependenciesJvm DependencyFileImpl        Not found URL: https://repo1.maven.org/maven2/org/apache/commons/commons-math3/3.6.1/commons-math3-3.6.1.pom.sha256
00:11.215 DEBUG :Library-book-search:resolveDependenciesJvm DependencyFileImpl        Not found URL: https://maven.google.com/org/apache/commons/commons-lang3/3.18.0/commons-lang3-3.18.0.pom.sha512
00:11.223 DEBUG :Library-book-search:resolveDependenciesJvm DependencyFileImpl        Not found URL: https://repo1.maven.org/maven2/org/apache/logging/log4j/log4j-api/2.24.3/log4j-api-2.24.3.pom.sha512
00:11.225 DEBUG :Library-book-search:resolveDependenciesJvm DependencyFileImpl        Downloaded https://repo1.maven.org/maven2/org/apache/arrow/arrow-memory/18.3.0/arrow-memory-18.3.0.pom for the dependency org.apache.arrow:arrow-memory:18.3.0
00:11.234 DEBUG :Library-book-search:resolveDependenciesJvm DependencyFileImpl        Downloaded https://repo1.maven.org/maven2/org/apache/xmlbeans/xmlbeans/5.3.0/xmlbeans-5.3.0.pom for the dependency org.apache.xmlbeans:xmlbeans:5.3.0
00:11.238 DEBUG :Library-book-search:resolveDependenciesJvm DependencyFileImpl        Not found URL: https://maven.pkg.jetbrains.space/public/p/compose/dev/org/apache/apache/34/apache-34.pom.sha512
00:11.247 DEBUG :Library-book-search:resolveDependenciesJvm DependencyFileImpl        Not found URL: https://repo1.maven.org/maven2/org/apache/commons/commons-collections4/4.5.0/commons-collections4-4.5.0.pom.sha512
00:11.257 DEBUG :Library-book-search:resolveDependenciesJvm DependencyFileImpl        Not found URL: https://maven.pkg.jetbrains.space/public/p/compose/dev/org/apache/commons/commons-lang3/3.18.0/commons-lang3-3.18.0.pom.sha512
00:11.263 DEBUG :Library-book-search:resolveDependenciesJvm DependencyFileImpl        Downloaded https://repo1.maven.org/maven2/org/apache/poi/poi-ooxml-lite/5.5.0/poi-ooxml-lite-5.5.0.pom.sha512 for the dependency org.apache.poi:poi-ooxml-lite:5.5.0
00:11.277 DEBUG :Library-book-search:resolveDependenciesJvm DependencyFileImpl        Not found URL: https://maven.google.com/org/apache/commons/commons-math3/3.6.1/commons-math3-3.6.1.pom.sha256
00:11.286 DEBUG :Library-book-search:resolveDependenciesJvm DependencyFileImpl        Downloaded https://repo1.maven.org/maven2/org/apache/poi/poi-ooxml-lite/5.5.0/poi-ooxml-lite-5.5.0.pom for the dependency org.apache.poi:poi-ooxml-lite:5.5.0
00:11.286 DEBUG :Library-book-search:resolveDependenciesJvm DependencyFileImpl        Not found URL: https://repo1.maven.org/maven2/org/apache/apache/34/apache-34.pom.sha256
00:11.296 DEBUG :Library-book-search:resolveDependenciesJvm DependencyFileImpl        Not found URL: https://repo1.maven.org/maven2/com/github/virtuald/curvesapi/1.08/curvesapi-1.08.pom.sha512
00:11.301 DEBUG :Library-book-search:resolveDependenciesJvm DependencyFileImpl        Not found URL: https://maven.google.com/org/apache/logging/log4j/log4j-api/2.24.3/log4j-api-2.24.3.pom.sha512
00:11.302 DEBUG :Library-book-search:resolveDependenciesJvm DependencyFileImpl        Not found URL: https://repo1.maven.org/maven2/org/apache/commons/commons-lang3/3.18.0/commons-lang3-3.18.0.pom.sha256
00:11.306 DEBUG :Library-book-search:resolveDependenciesJvm DependencyFileImpl        Not found URL: https://maven.pkg.jetbrains.space/public/p/compose/dev/org/apache/commons/commons-math3/3.6.1/commons-math3-3.6.1.pom.sha256
00:11.328 DEBUG :Library-book-search:resolveDependenciesJvm DependencyFileImpl        Not found URL: https://maven.google.com/org/apache/commons/commons-collections4/4.5.0/commons-collections4-4.5.0.pom.sha512
00:11.329 DEBUG :Library-book-search:resolveDependenciesJvm DependencyFileImpl        Downloaded https://repo1.maven.org/maven2/org/apache/commons/commons-math3/3.6.1/commons-math3-3.6.1.pom.sha1 for the dependency org.apache.commons:commons-math3:3.6.1
00:11.331 DEBUG :Library-book-search:resolveDependenciesJvm DependencyFileImpl        Not found URL: https://maven.pkg.jetbrains.space/public/p/compose/dev/org/apache/logging/log4j/log4j-api/2.24.3/log4j-api-2.24.3.pom.sha512
00:11.355 DEBUG :Library-book-search:resolveDependenciesJvm DependencyFileImpl        Downloaded https://repo1.maven.org/maven2/org/apache/commons/commons-math3/3.6.1/commons-math3-3.6.1.pom for the dependency org.apache.commons:commons-math3:3.6.1
00:11.358 DEBUG :Library-book-search:resolveDependenciesJvm DependencyFileImpl        Not found URL: https://maven.pkg.jetbrains.space/public/p/compose/dev/org/apache/commons/commons-collections4/4.5.0/commons-collections4-4.5.0.pom.sha512
00:11.361 DEBUG :Library-book-search:resolveDependenciesJvm DependencyFileImpl        Not found URL: https://maven.google.com/com/github/virtuald/curvesapi/1.08/curvesapi-1.08.pom.sha512
00:11.366 DEBUG :Library-book-search:resolveDependenciesJvm DependencyFileImpl        Not found URL: https://maven.google.com/org/apache/apache/34/apache-34.pom.sha256
00:11.387 DEBUG :Library-book-search:resolveDependenciesJvm DependencyFileImpl        Not found URL: https://maven.pkg.jetbrains.space/public/p/compose/dev/com/github/virtuald/curvesapi/1.08/curvesapi-1.08.pom.sha512
00:11.393 DEBUG :Library-book-search:resolveDependenciesJvm DependencyFileImpl        Not found URL: https://maven.pkg.jetbrains.space/public/p/compose/dev/org/apache/apache/34/apache-34.pom.sha256
00:11.400 DEBUG :Library-book-search:resolveDependenciesJvm DependencyFileImpl        Not found URL: https://maven.google.com/org/apache/commons/commons-lang3/3.18.0/commons-lang3-3.18.0.pom.sha256
00:11.408 DEBUG :Library-book-search:resolveDependenciesJvm DependencyFileImpl        Not found URL: https://repo1.maven.org/maven2/org/apache/commons/commons-parent/39/commons-parent-39.pom.sha512
00:11.411 DEBUG :Library-book-search:resolveDependenciesJvm DependencyFileImpl        Downloaded https://repo1.maven.org/maven2/org/apache/apache/34/apache-34.pom.sha1 for the dependency org.apache:apache:34
00:11.420 DEBUG :Library-book-search:resolveDependenciesJvm DependencyFileImpl        Not found URL: https://maven.google.com/commons-codec/commons-codec/1.19.0/commons-codec-1.19.0.pom.sha512
00:11.425 DEBUG :Library-book-search:resolveDependenciesJvm DependencyFileImpl        Not found URL: https://maven.pkg.jetbrains.space/public/p/compose/dev/org/apache/commons/commons-lang3/3.18.0/commons-lang3-3.18.0.pom.sha256
00:11.432 DEBUG :Library-book-search:resolveDependenciesJvm DependencyFileImpl        Downloaded https://repo1.maven.org/maven2/org/apache/apache/34/apache-34.pom for the dependency org.apache:apache:34
00:11.445 DEBUG :Library-book-search:resolveDependenciesJvm DependencyFileImpl        Not found URL: https://maven.pkg.jetbrains.space/public/p/compose/dev/commons-codec/commons-codec/1.19.0/commons-codec-1.19.0.pom.sha512
00:11.447 DEBUG :Library-book-search:resolveDependenciesJvm DependencyFileImpl        Downloaded https://repo1.maven.org/maven2/org/apache/commons/commons-lang3/3.18.0/commons-lang3-3.18.0.pom.sha1 for the dependency org.apache.commons:commons-lang3:3.18.0
00:11.474 DEBUG :Library-book-search:resolveDependenciesJvm DependencyFileImpl        Downloaded https://repo1.maven.org/maven2/org/apache/commons/commons-lang3/3.18.0/commons-lang3-3.18.0.pom for the dependency org.apache.commons:commons-lang3:3.18.0
00:11.498 DEBUG :Library-book-search:resolveDependenciesJvm DependencyFileImpl        Not found URL: https://maven.google.com/org/apache/commons/commons-parent/39/commons-parent-39.pom.sha512
00:11.519 DEBUG :Library-book-search:resolveDependenciesJvm DependencyFileImpl        Not found URL: https://repo1.maven.org/maven2/com/zaxxer/SparseBitSet/1.3/SparseBitSet-1.3.pom.sha512
00:11.525 DEBUG :Library-book-search:resolveDependenciesJvm DependencyFileImpl        Not found URL: https://maven.pkg.jetbrains.space/public/p/compose/dev/org/apache/commons/commons-parent/39/commons-parent-39.pom.sha512
00:11.555 DEBUG :Library-book-search:resolveDependenciesJvm DependencyFileImpl        Not found URL: https://repo1.maven.org/maven2/org/apache/commons/commons-parent/39/commons-parent-39.pom.sha256
00:11.562 DEBUG :Library-book-search:resolveDependenciesJvm DependencyFileImpl        Not found URL: https://repo1.maven.org/maven2/org/apache/logging/log4j/log4j-api/2.24.3/log4j-api-2.24.3.pom.sha256
00:11.593 DEBUG :Library-book-search:resolveDependenciesJvm DependencyFileImpl        Not found URL: https://maven.google.com/com/zaxxer/SparseBitSet/1.3/SparseBitSet-1.3.pom.sha512
00:11.596 DEBUG :Library-book-search:resolveDependenciesJvm DependencyFileImpl        Not found URL: https://repo1.maven.org/maven2/org/apache/commons/commons-collections4/4.5.0/commons-collections4-4.5.0.pom.sha256
00:11.604 DEBUG :Library-book-search:resolveDependenciesJvm DependencyFileImpl        Not found URL: https://repo1.maven.org/maven2/com/github/virtuald/curvesapi/1.08/curvesapi-1.08.pom.sha256
00:11.619 DEBUG :Library-book-search:resolveDependenciesJvm DependencyFileImpl        Not found URL: https://maven.pkg.jetbrains.space/public/p/compose/dev/com/zaxxer/SparseBitSet/1.3/SparseBitSet-1.3.pom.sha512
00:11.633 DEBUG :Library-book-search:resolveDependenciesJvm DependencyFileImpl        Not found URL: https://maven.google.com/org/apache/commons/commons-parent/39/commons-parent-39.pom.sha256
00:11.642 DEBUG :Library-book-search:resolveDependenciesJvm DependencyFileImpl        Not found URL: https://maven.google.com/org/apache/logging/log4j/log4j-api/2.24.3/log4j-api-2.24.3.pom.sha256
00:11.658 DEBUG :Library-book-search:resolveDependenciesJvm DependencyFileImpl        Not found URL: https://maven.pkg.jetbrains.space/public/p/compose/dev/org/apache/commons/commons-parent/39/commons-parent-39.pom.sha256
00:11.667 DEBUG :Library-book-search:resolveDependenciesJvm DependencyFileImpl        Not found URL: https://maven.pkg.jetbrains.space/public/p/compose/dev/org/apache/logging/log4j/log4j-api/2.24.3/log4j-api-2.24.3.pom.sha256
00:11.673 DEBUG :Library-book-search:resolveDependenciesJvm DependencyFileImpl        Not found URL: https://repo1.maven.org/maven2/org/apache/arrow/arrow-bom/18.3.0/arrow-bom-18.3.0.pom.sha512
00:11.673 DEBUG :Library-book-search:resolveDependenciesJvm DependencyFileImpl        Not found URL: https://maven.google.com/org/apache/commons/commons-collections4/4.5.0/commons-collections4-4.5.0.pom.sha256
00:11.677 DEBUG :Library-book-search:resolveDependenciesJvm DependencyFileImpl        Not found URL: https://maven.google.com/com/github/virtuald/curvesapi/1.08/curvesapi-1.08.pom.sha256
00:11.681 DEBUG :Library-book-search:resolveDependenciesJvm DependencyFileImpl        Downloaded https://repo1.maven.org/maven2/org/apache/commons/commons-parent/39/commons-parent-39.pom.sha1 for the dependency org.apache.commons:commons-parent:39
00:11.681 DEBUG :Library-book-search:resolveDependenciesJvm DependencyFileImpl        Not found URL: https://repo1.maven.org/maven2/commons-codec/commons-codec/1.19.0/commons-codec-1.19.0.pom.sha256
00:11.690 DEBUG :Library-book-search:resolveDependenciesJvm DependencyFileImpl        Downloaded https://repo1.maven.org/maven2/org/apache/logging/log4j/log4j-api/2.24.3/log4j-api-2.24.3.pom.sha1 for the dependency org.apache.logging.log4j:log4j-api:2.24.3
00:11.704 DEBUG :Library-book-search:resolveDependenciesJvm DependencyFileImpl        Not found URL: https://maven.pkg.jetbrains.space/public/p/compose/dev/org/apache/commons/commons-collections4/4.5.0/commons-collections4-4.5.0.pom.sha256
00:11.704 DEBUG :Library-book-search:resolveDependenciesJvm DependencyFileImpl        Not found URL: https://maven.pkg.jetbrains.space/public/p/compose/dev/com/github/virtuald/curvesapi/1.08/curvesapi-1.08.pom.sha256
00:11.709 DEBUG :Library-book-search:resolveDependenciesJvm DependencyFileImpl        Downloaded https://repo1.maven.org/maven2/org/apache/commons/commons-parent/39/commons-parent-39.pom for the dependency org.apache.commons:commons-parent:39
00:11.709 DEBUG :Library-book-search:resolveDependenciesJvm DependencyFileImpl        Downloaded https://repo1.maven.org/maven2/org/apache/logging/log4j/log4j-api/2.24.3/log4j-api-2.24.3.pom for the dependency org.apache.logging.log4j:log4j-api:2.24.3
00:11.710 DEBUG :Library-book-search:resolveDependenciesJvm DependencyFileImpl        Not found URL: https://repo1.maven.org/maven2/org/apache/logging/log4j/log4j-bom/2.24.2/log4j-bom-2.24.2.pom.sha512
00:11.723 DEBUG :Library-book-search:resolveDependenciesJvm DependencyFileImpl        Downloaded https://repo1.maven.org/maven2/org/apache/commons/commons-collections4/4.5.0/commons-collections4-4.5.0.pom.sha1 for the dependency org.apache.commons:commons-collections4:4.5.0
00:11.727 DEBUG :Library-book-search:resolveDependenciesJvm DependencyFileImpl        Downloaded https://repo1.maven.org/maven2/com/github/virtuald/curvesapi/1.08/curvesapi-1.08.pom.sha1 for the dependency com.github.virtuald:curvesapi:1.08
00:11.740 DEBUG :Library-book-search:resolveDependenciesJvm DependencyFileImpl        Not found URL: https://maven.google.com/org/apache/arrow/arrow-bom/18.3.0/arrow-bom-18.3.0.pom.sha512
00:11.746 DEBUG :Library-book-search:resolveDependenciesJvm DependencyFileImpl        Downloaded https://repo1.maven.org/maven2/org/apache/commons/commons-collections4/4.5.0/commons-collections4-4.5.0.pom for the dependency org.apache.commons:commons-collections4:4.5.0
00:11.751 DEBUG :Library-book-search:resolveDependenciesJvm DependencyFileImpl        Downloaded https://repo1.maven.org/maven2/com/github/virtuald/curvesapi/1.08/curvesapi-1.08.pom for the dependency com.github.virtuald:curvesapi:1.08
00:11.759 DEBUG :Library-book-search:resolveDependenciesJvm DependencyFileImpl        Not found URL: https://maven.google.com/commons-codec/commons-codec/1.19.0/commons-codec-1.19.0.pom.sha256
00:11.768 DEBUG :Library-book-search:resolveDependenciesJvm DependencyFileImpl        Not found URL: https://maven.pkg.jetbrains.space/public/p/compose/dev/org/apache/arrow/arrow-bom/18.3.0/arrow-bom-18.3.0.pom.sha512
00:11.775 DEBUG :Library-book-search:resolveDependenciesJvm DependencyFileImpl        Not found URL: https://maven.google.com/org/apache/logging/log4j/log4j-bom/2.24.2/log4j-bom-2.24.2.pom.sha512
00:11.777 DEBUG :Library-book-search:resolveDependenciesJvm DependencyFileImpl        Not found URL: https://repo1.maven.org/maven2/org/apache/apache/16/apache-16.pom.sha512
00:11.785 DEBUG :Library-book-search:resolveDependenciesJvm DependencyFileImpl        Not found URL: https://maven.pkg.jetbrains.space/public/p/compose/dev/commons-codec/commons-codec/1.19.0/commons-codec-1.19.0.pom.sha256
00:11.799 DEBUG :Library-book-search:resolveDependenciesJvm DependencyFileImpl        Not found URL: https://maven.pkg.jetbrains.space/public/p/compose/dev/org/apache/logging/log4j/log4j-bom/2.24.2/log4j-bom-2.24.2.pom.sha512
00:11.804 DEBUG :Library-book-search:resolveDependenciesJvm DependencyFileImpl        Downloaded https://repo1.maven.org/maven2/commons-codec/commons-codec/1.19.0/commons-codec-1.19.0.pom.sha1 for the dependency commons-codec:commons-codec:1.19.0
00:11.824 DEBUG :Library-book-search:resolveDependenciesJvm DependencyFileImpl        Downloaded https://repo1.maven.org/maven2/commons-codec/commons-codec/1.19.0/commons-codec-1.19.0.pom for the dependency commons-codec:commons-codec:1.19.0
00:11.873 DEBUG :Library-book-search:resolveDependenciesJvm DependencyFileImpl        Not found URL: https://maven.google.com/org/apache/apache/16/apache-16.pom.sha512
00:11.899 DEBUG :Library-book-search:resolveDependenciesJvm DependencyFileImpl        Not found URL: https://maven.pkg.jetbrains.space/public/p/compose/dev/org/apache/apache/16/apache-16.pom.sha512
00:11.917 DEBUG :Library-book-search:resolveDependenciesJvm DependencyFileImpl        Not found URL: https://repo1.maven.org/maven2/org/apache/apache/16/apache-16.pom.sha256
00:11.921 DEBUG :Library-book-search:resolveDependenciesJvm DependencyFileImpl        Not found URL: https://repo1.maven.org/maven2/com/zaxxer/SparseBitSet/1.3/SparseBitSet-1.3.pom.sha256
00:11.946 DEBUG :Library-book-search:resolveDependenciesJvm DependencyFileImpl        Not found URL: https://maven.google.com/org/apache/apache/16/apache-16.pom.sha256
00:11.973 DEBUG :Library-book-search:resolveDependenciesJvm DependencyFileImpl        Not found URL: https://maven.pkg.jetbrains.space/public/p/compose/dev/org/apache/apache/16/apache-16.pom.sha256
00:11.983 DEBUG :Library-book-search:resolveDependenciesJvm DependencyFileImpl        Not found URL: https://repo1.maven.org/maven2/org/apache/commons/commons-parent/81/commons-parent-81.pom.sha512
00:11.992 DEBUG :Library-book-search:resolveDependenciesJvm DependencyFileImpl        Downloaded https://repo1.maven.org/maven2/org/apache/apache/16/apache-16.pom.sha1 for the dependency org.apache:apache:16
00:11.994 DEBUG :Library-book-search:resolveDependenciesJvm DependencyFileImpl        Not found URL: https://maven.google.com/com/zaxxer/SparseBitSet/1.3/SparseBitSet-1.3.pom.sha256
00:11.997 DEBUG :Library-book-search:resolveDependenciesJvm DependencyFileImpl        Not found URL: https://repo1.maven.org/maven2/org/apache/arrow/arrow-bom/18.3.0/arrow-bom-18.3.0.pom.sha256
00:12.014 DEBUG :Library-book-search:resolveDependenciesJvm DependencyFileImpl        Downloaded https://repo1.maven.org/maven2/org/apache/apache/16/apache-16.pom for the dependency org.apache:apache:16
00:12.020 DEBUG :Library-book-search:resolveDependenciesJvm DependencyFileImpl        Not found URL: https://maven.pkg.jetbrains.space/public/p/compose/dev/com/zaxxer/SparseBitSet/1.3/SparseBitSet-1.3.pom.sha256
00:12.038 DEBUG :Library-book-search:resolveDependenciesJvm DependencyFileImpl        Downloaded https://repo1.maven.org/maven2/com/zaxxer/SparseBitSet/1.3/SparseBitSet-1.3.pom.sha1 for the dependency com.zaxxer:SparseBitSet:1.3
00:12.058 DEBUG :Library-book-search:resolveDependenciesJvm DependencyFileImpl        Downloaded https://repo1.maven.org/maven2/com/zaxxer/SparseBitSet/1.3/SparseBitSet-1.3.pom for the dependency com.zaxxer:SparseBitSet:1.3
00:12.064 DEBUG :Library-book-search:resolveDependenciesJvm DependencyFileImpl        Not found URL: https://maven.google.com/org/apache/commons/commons-parent/81/commons-parent-81.pom.sha512
00:12.075 DEBUG :Library-book-search:resolveDependenciesJvm DependencyFileImpl        Not found URL: https://repo1.maven.org/maven2/org/apache/logging/log4j/log4j-bom/2.24.2/log4j-bom-2.24.2.pom.sha256
00:12.078 DEBUG :Library-book-search:resolveDependenciesJvm DependencyFileImpl        Not found URL: https://maven.google.com/org/apache/arrow/arrow-bom/18.3.0/arrow-bom-18.3.0.pom.sha256
00:12.090 DEBUG :Library-book-search:resolveDependenciesJvm DependencyFileImpl        Not found URL: https://maven.pkg.jetbrains.space/public/p/compose/dev/org/apache/commons/commons-parent/81/commons-parent-81.pom.sha512
00:12.105 DEBUG :Library-book-search:resolveDependenciesJvm DependencyFileImpl        Not found URL: https://maven.pkg.jetbrains.space/public/p/compose/dev/org/apache/arrow/arrow-bom/18.3.0/arrow-bom-18.3.0.pom.sha256
00:12.109 DEBUG :Library-book-search:resolveDependenciesJvm DependencyFileImpl        Not found URL: https://repo1.maven.org/maven2/org/apache/commons/commons-parent/81/commons-parent-81.pom.sha256
00:12.131 DEBUG :Library-book-search:resolveDependenciesJvm DependencyFileImpl        Not found URL: https://maven.google.com/org/apache/logging/log4j/log4j-bom/2.24.2/log4j-bom-2.24.2.pom.sha256
00:12.136 DEBUG :Library-book-search:resolveDependenciesJvm DependencyFileImpl        Downloaded https://repo1.maven.org/maven2/org/apache/arrow/arrow-bom/18.3.0/arrow-bom-18.3.0.pom.sha1 for the dependency org.apache.arrow:arrow-bom:18.3.0
00:12.156 DEBUG :Library-book-search:resolveDependenciesJvm DependencyFileImpl        Downloaded https://repo1.maven.org/maven2/org/apache/arrow/arrow-bom/18.3.0/arrow-bom-18.3.0.pom for the dependency org.apache.arrow:arrow-bom:18.3.0
00:12.161 DEBUG :Library-book-search:resolveDependenciesJvm DependencyFileImpl        Not found URL: https://maven.pkg.jetbrains.space/public/p/compose/dev/org/apache/logging/log4j/log4j-bom/2.24.2/log4j-bom-2.24.2.pom.sha256
00:12.178 DEBUG :Library-book-search:resolveDependenciesJvm DependencyFileImpl        Not found URL: https://maven.google.com/org/apache/commons/commons-parent/81/commons-parent-81.pom.sha256
00:12.199 DEBUG :Library-book-search:resolveDependenciesJvm DependencyFileImpl        Downloaded https://repo1.maven.org/maven2/org/apache/logging/log4j/log4j-bom/2.24.2/log4j-bom-2.24.2.pom.sha1 for the dependency org.apache.logging.log4j:log4j-bom:2.24.2
00:12.202 DEBUG :Library-book-search:resolveDependenciesJvm DependencyFileImpl        Not found URL: https://repo1.maven.org/maven2/org/apache/logging/log4j/log4j/2.24.3/log4j-2.24.3.pom.sha512
00:12.234 DEBUG :Library-book-search:resolveDependenciesJvm DependencyFileImpl        Not found URL: https://maven.pkg.jetbrains.space/public/p/compose/dev/org/apache/commons/commons-parent/81/commons-parent-81.pom.sha256
00:12.244 DEBUG :Library-book-search:resolveDependenciesJvm DependencyFileImpl        Downloaded https://repo1.maven.org/maven2/org/apache/logging/log4j/log4j-bom/2.24.2/log4j-bom-2.24.2.pom for the dependency org.apache.logging.log4j:log4j-bom:2.24.2
00:12.257 DEBUG :Library-book-search:resolveDependenciesJvm DependencyFileImpl        Not found URL: https://repo1.maven.org/maven2/org/sonatype/oss/oss-parent/7/oss-parent-7.pom.sha512
00:12.264 DEBUG :Library-book-search:resolveDependenciesJvm DependencyFileImpl        Downloaded https://repo1.maven.org/maven2/org/apache/commons/commons-parent/81/commons-parent-81.pom.sha1 for the dependency org.apache.commons:commons-parent:81
00:12.268 DEBUG :Library-book-search:resolveDependenciesJvm DependencyFileImpl        Not found URL: https://maven.google.com/org/apache/logging/log4j/log4j/2.24.3/log4j-2.24.3.pom.sha512
00:12.285 DEBUG :Library-book-search:resolveDependenciesJvm DependencyFileImpl        Not found URL: https://maven.google.com/org/sonatype/oss/oss-parent/7/oss-parent-7.pom.sha512
00:12.300 DEBUG :Library-book-search:resolveDependenciesJvm DependencyFileImpl        Downloaded https://repo1.maven.org/maven2/org/apache/commons/commons-parent/81/commons-parent-81.pom for the dependency org.apache.commons:commons-parent:81
00:12.313 DEBUG :Library-book-search:resolveDependenciesJvm DependencyFileImpl        Not found URL: https://maven.pkg.jetbrains.space/public/p/compose/dev/org/sonatype/oss/oss-parent/7/oss-parent-7.pom.sha512
00:12.371 DEBUG :Library-book-search:resolveDependenciesJvm DependencyFileImpl        Downloaded https://repo1.maven.org/maven2/org/junit/junit-bom/5.11.4/junit-bom-5.11.4.pom.sha512 for the dependency org.junit:junit-bom:5.11.4
00:12.393 DEBUG :Library-book-search:resolveDependenciesJvm DependencyFileImpl        Downloaded https://repo1.maven.org/maven2/org/junit/junit-bom/5.11.4/junit-bom-5.11.4.pom for the dependency org.junit:junit-bom:5.11.4
00:12.495 DEBUG :Library-book-search:resolveDependenciesJvm DependencyFileImpl        Not found URL: https://repo1.maven.org/maven2/org/sonatype/oss/oss-parent/7/oss-parent-7.pom.sha256
00:12.507 DEBUG :Library-book-search:resolveDependenciesJvm DependencyFileImpl        Not found URL: https://repo1.maven.org/maven2/com/fasterxml/jackson/jackson-bom/2.18.3/jackson-bom-2.18.3.pom.sha512
00:12.566 DEBUG :Library-book-search:resolveDependenciesJvm DependencyFileImpl        Not found URL: https://maven.google.com/com/fasterxml/jackson/jackson-bom/2.18.3/jackson-bom-2.18.3.pom.sha512
00:12.569 DEBUG :Library-book-search:resolveDependenciesJvm DependencyFileImpl        Not found URL: https://maven.google.com/org/sonatype/oss/oss-parent/7/oss-parent-7.pom.sha256
00:12.592 DEBUG :Library-book-search:resolveDependenciesJvm DependencyFileImpl        Not found URL: https://maven.pkg.jetbrains.space/public/p/compose/dev/com/fasterxml/jackson/jackson-bom/2.18.3/jackson-bom-2.18.3.pom.sha512
00:12.596 DEBUG :Library-book-search:resolveDependenciesJvm DependencyFileImpl        Not found URL: https://maven.pkg.jetbrains.space/public/p/compose/dev/org/sonatype/oss/oss-parent/7/oss-parent-7.pom.sha256
00:12.613 DEBUG :Library-book-search:resolveDependenciesJvm DependencyFileImpl        Downloaded https://repo1.maven.org/maven2/org/sonatype/oss/oss-parent/7/oss-parent-7.pom.sha1 for the dependency org.sonatype.oss:oss-parent:7
00:12.632 DEBUG :Library-book-search:resolveDependenciesJvm DependencyFileImpl        Downloaded https://repo1.maven.org/maven2/org/sonatype/oss/oss-parent/7/oss-parent-7.pom for the dependency org.sonatype.oss:oss-parent:7
00:12.817 DEBUG :Library-book-search:resolveDependenciesJvm DependencyFileImpl        Not found URL: https://repo1.maven.org/maven2/com/fasterxml/jackson/jackson-bom/2.18.3/jackson-bom-2.18.3.pom.sha256
00:12.879 DEBUG :Library-book-search:resolveDependenciesJvm DependencyFileImpl        Not found URL: https://maven.google.com/com/fasterxml/jackson/jackson-bom/2.18.3/jackson-bom-2.18.3.pom.sha256
00:12.916 DEBUG :Library-book-search:resolveDependenciesJvm DependencyFileImpl        Not found URL: https://maven.pkg.jetbrains.space/public/p/compose/dev/com/fasterxml/jackson/jackson-bom/2.18.3/jackson-bom-2.18.3.pom.sha256
00:12.946 DEBUG :Library-book-search:resolveDependenciesJvm DependencyFileImpl        Downloaded https://repo1.maven.org/maven2/com/fasterxml/jackson/jackson-bom/2.18.3/jackson-bom-2.18.3.pom.sha1 for the dependency com.fasterxml.jackson:jackson-bom:2.18.3
00:12.979 DEBUG :Library-book-search:resolveDependenciesJvm DependencyFileImpl        Downloaded https://repo1.maven.org/maven2/com/fasterxml/jackson/jackson-bom/2.18.3/jackson-bom-2.18.3.pom for the dependency com.fasterxml.jackson:jackson-bom:2.18.3
00:13.267 DEBUG :Library-book-search:resolveDependenciesJvm DependencyFileImpl        Not found URL: https://repo1.maven.org/maven2/com/fasterxml/jackson/jackson-parent/2.18.1/jackson-parent-2.18.1.pom.sha512
00:13.337 DEBUG :Library-book-search:resolveDependenciesJvm DependencyFileImpl        Not found URL: https://maven.google.com/com/fasterxml/jackson/jackson-parent/2.18.1/jackson-parent-2.18.1.pom.sha512
00:13.366 DEBUG :Library-book-search:resolveDependenciesJvm DependencyFileImpl        Not found URL: https://maven.pkg.jetbrains.space/public/p/compose/dev/com/fasterxml/jackson/jackson-parent/2.18.1/jackson-parent-2.18.1.pom.sha512
00:13.608 DEBUG :Library-book-search:resolveDependenciesJvm DependencyFileImpl        Not found URL: https://repo1.maven.org/maven2/com/fasterxml/jackson/jackson-parent/2.18.1/jackson-parent-2.18.1.pom.sha256
00:13.868 DEBUG :Library-book-search:resolveDependenciesJvm DependencyFileImpl        Not found URL: https://maven.google.com/com/fasterxml/jackson/jackson-parent/2.18.1/jackson-parent-2.18.1.pom.sha256
00:13.894 DEBUG :Library-book-search:resolveDependenciesJvm DependencyFileImpl        Not found URL: https://maven.pkg.jetbrains.space/public/p/compose/dev/com/fasterxml/jackson/jackson-parent/2.18.1/jackson-parent-2.18.1.pom.sha256
00:13.913 DEBUG :Library-book-search:resolveDependenciesJvm DependencyFileImpl        Downloaded https://repo1.maven.org/maven2/com/fasterxml/jackson/jackson-parent/2.18.1/jackson-parent-2.18.1.pom.sha1 for the dependency com.fasterxml.jackson:jackson-parent:2.18.1
00:13.933 DEBUG :Library-book-search:resolveDependenciesJvm DependencyFileImpl        Downloaded https://repo1.maven.org/maven2/com/fasterxml/jackson/jackson-parent/2.18.1/jackson-parent-2.18.1.pom for the dependency com.fasterxml.jackson:jackson-parent:2.18.1
00:14.169 DEBUG :Library-book-search:resolveDependenciesJvm DependencyFileImpl        Not found URL: https://repo1.maven.org/maven2/com/fasterxml/oss-parent/61/oss-parent-61.pom.sha512
00:14.230 DEBUG :Library-book-search:resolveDependenciesJvm DependencyFileImpl        Not found URL: https://maven.google.com/com/fasterxml/oss-parent/61/oss-parent-61.pom.sha512
00:14.256 DEBUG :Library-book-search:resolveDependenciesJvm DependencyFileImpl        Not found URL: https://maven.pkg.jetbrains.space/public/p/compose/dev/com/fasterxml/oss-parent/61/oss-parent-61.pom.sha512
00:14.476 DEBUG :Library-book-search:resolveDependenciesJvm DependencyFileImpl        Not found URL: https://repo1.maven.org/maven2/com/fasterxml/oss-parent/61/oss-parent-61.pom.sha256
00:14.522 DEBUG :Library-book-search:resolveDependenciesJvm DependencyFileImpl        Not found URL: https://maven.google.com/com/fasterxml/oss-parent/61/oss-parent-61.pom.sha256
00:14.548 DEBUG :Library-book-search:resolveDependenciesJvm DependencyFileImpl        Not found URL: https://maven.pkg.jetbrains.space/public/p/compose/dev/com/fasterxml/oss-parent/61/oss-parent-61.pom.sha256
00:14.564 DEBUG :Library-book-search:resolveDependenciesJvm DependencyFileImpl        Downloaded https://repo1.maven.org/maven2/com/fasterxml/oss-parent/61/oss-parent-61.pom.sha1 for the dependency com.fasterxml:oss-parent:61
00:14.583 DEBUG :Library-book-search:resolveDependenciesJvm DependencyFileImpl        Downloaded https://repo1.maven.org/maven2/com/fasterxml/oss-parent/61/oss-parent-61.pom for the dependency com.fasterxml:oss-parent:61
00:14.803 DEBUG :Library-book-search:resolveDependenciesJvm DependencyFileImpl        Not found URL: https://repo1.maven.org/maven2/com/google/guava/guava-bom/33.4.8-jre/guava-bom-33.4.8-jre.pom.sha512
00:14.871 DEBUG :Library-book-search:resolveDependenciesJvm DependencyFileImpl        Not found URL: https://maven.google.com/com/google/guava/guava-bom/33.4.8-jre/guava-bom-33.4.8-jre.pom.sha512
00:14.896 DEBUG :Library-book-search:resolveDependenciesJvm DependencyFileImpl        Not found URL: https://maven.pkg.jetbrains.space/public/p/compose/dev/com/google/guava/guava-bom/33.4.8-jre/guava-bom-33.4.8-jre.pom.sha512
00:15.121 DEBUG :Library-book-search:resolveDependenciesJvm DependencyFileImpl        Not found URL: https://repo1.maven.org/maven2/com/google/guava/guava-bom/33.4.8-jre/guava-bom-33.4.8-jre.pom.sha256
00:15.196 DEBUG :Library-book-search:resolveDependenciesJvm DependencyFileImpl        Not found URL: https://maven.google.com/com/google/guava/guava-bom/33.4.8-jre/guava-bom-33.4.8-jre.pom.sha256
00:15.221 DEBUG :Library-book-search:resolveDependenciesJvm DependencyFileImpl        Not found URL: https://maven.pkg.jetbrains.space/public/p/compose/dev/com/google/guava/guava-bom/33.4.8-jre/guava-bom-33.4.8-jre.pom.sha256
00:15.240 DEBUG :Library-book-search:resolveDependenciesJvm DependencyFileImpl        Downloaded https://repo1.maven.org/maven2/com/google/guava/guava-bom/33.4.8-jre/guava-bom-33.4.8-jre.pom.sha1 for the dependency com.google.guava:guava-bom:33.4.8-jre
00:15.272 DEBUG :Library-book-search:resolveDependenciesJvm DependencyFileImpl        Downloaded https://repo1.maven.org/maven2/com/google/guava/guava-bom/33.4.8-jre/guava-bom-33.4.8-jre.pom for the dependency com.google.guava:guava-bom:33.4.8-jre
00:15.527 DEBUG :Library-book-search:resolveDependenciesJvm DependencyFileImpl        Not found URL: https://repo1.maven.org/maven2/io/netty/netty-bom/4.1.119.Final/netty-bom-4.1.119.Final.pom.sha512
00:15.605 DEBUG :Library-book-search:resolveDependenciesJvm DependencyFileImpl        Not found URL: https://maven.google.com/io/netty/netty-bom/4.1.119.Final/netty-bom-4.1.119.Final.pom.sha512
00:15.632 DEBUG :Library-book-search:resolveDependenciesJvm DependencyFileImpl        Not found URL: https://maven.pkg.jetbrains.space/public/p/compose/dev/io/netty/netty-bom/4.1.119.Final/netty-bom-4.1.119.Final.pom.sha512
00:15.864 DEBUG :Library-book-search:resolveDependenciesJvm DependencyFileImpl        Not found URL: https://repo1.maven.org/maven2/io/netty/netty-bom/4.1.119.Final/netty-bom-4.1.119.Final.pom.sha256
00:15.930 DEBUG :Library-book-search:resolveDependenciesJvm DependencyFileImpl        Not found URL: https://maven.google.com/io/netty/netty-bom/4.1.119.Final/netty-bom-4.1.119.Final.pom.sha256
00:15.954 DEBUG :Library-book-search:resolveDependenciesJvm DependencyFileImpl        Not found URL: https://maven.pkg.jetbrains.space/public/p/compose/dev/io/netty/netty-bom/4.1.119.Final/netty-bom-4.1.119.Final.pom.sha256
00:15.972 DEBUG :Library-book-search:resolveDependenciesJvm DependencyFileImpl        Downloaded https://repo1.maven.org/maven2/io/netty/netty-bom/4.1.119.Final/netty-bom-4.1.119.Final.pom.sha1 for the dependency io.netty:netty-bom:4.1.119.Final
00:15.989 DEBUG :Library-book-search:resolveDependenciesJvm DependencyFileImpl        Downloaded https://repo1.maven.org/maven2/io/netty/netty-bom/4.1.119.Final/netty-bom-4.1.119.Final.pom for the dependency io.netty:netty-bom:4.1.119.Final
00:16.365 DEBUG :Library-book-search:resolveDependenciesJvm DependencyFileImpl        Downloaded https://repo1.maven.org/maven2/io/grpc/grpc-bom/1.71.0/grpc-bom-1.71.0.pom.sha512 for the dependency io.grpc:grpc-bom:1.71.0
00:16.382 DEBUG :Library-book-search:resolveDependenciesJvm DependencyFileImpl        Downloaded https://repo1.maven.org/maven2/io/grpc/grpc-bom/1.71.0/grpc-bom-1.71.0.pom for the dependency io.grpc:grpc-bom:1.71.0
00:16.586 DEBUG :Library-book-search:resolveDependenciesJvm DependencyFileImpl        Not found URL: https://repo1.maven.org/maven2/com/google/protobuf/protobuf-bom/4.30.2/protobuf-bom-4.30.2.pom.sha512
00:16.688 DEBUG :Library-book-search:resolveDependenciesJvm DependencyFileImpl        Not found URL: https://maven.google.com/com/google/protobuf/protobuf-bom/4.30.2/protobuf-bom-4.30.2.pom.sha512
00:16.711 DEBUG :Library-book-search:resolveDependenciesJvm DependencyFileImpl        Not found URL: https://maven.pkg.jetbrains.space/public/p/compose/dev/com/google/protobuf/protobuf-bom/4.30.2/protobuf-bom-4.30.2.pom.sha512
00:16.916 DEBUG :Library-book-search:resolveDependenciesJvm DependencyFileImpl        Not found URL: https://repo1.maven.org/maven2/com/google/protobuf/protobuf-bom/4.30.2/protobuf-bom-4.30.2.pom.sha256
00:16.989 DEBUG :Library-book-search:resolveDependenciesJvm DependencyFileImpl        Not found URL: https://maven.google.com/com/google/protobuf/protobuf-bom/4.30.2/protobuf-bom-4.30.2.pom.sha256
00:17.015 DEBUG :Library-book-search:resolveDependenciesJvm DependencyFileImpl        Not found URL: https://maven.pkg.jetbrains.space/public/p/compose/dev/com/google/protobuf/protobuf-bom/4.30.2/protobuf-bom-4.30.2.pom.sha256
00:17.032 DEBUG :Library-book-search:resolveDependenciesJvm DependencyFileImpl        Downloaded https://repo1.maven.org/maven2/com/google/protobuf/protobuf-bom/4.30.2/protobuf-bom-4.30.2.pom.sha1 for the dependency com.google.protobuf:protobuf-bom:4.30.2
00:17.052 DEBUG :Library-book-search:resolveDependenciesJvm DependencyFileImpl        Downloaded https://repo1.maven.org/maven2/com/google/protobuf/protobuf-bom/4.30.2/protobuf-bom-4.30.2.pom for the dependency com.google.protobuf:protobuf-bom:4.30.2
00:17.088 DEBUG :Library-book-search:resolveDependenciesJvm DependencyFileImpl        Downloaded https://repo1.maven.org/maven2/org/mockito/mockito-bom/5.17.0/mockito-bom-5.17.0.pom.sha512 for the dependency org.mockito:mockito-bom:5.17.0
00:17.108 DEBUG :Library-book-search:resolveDependenciesJvm DependencyFileImpl        Downloaded https://repo1.maven.org/maven2/org/mockito/mockito-bom/5.17.0/mockito-bom-5.17.0.pom for the dependency org.mockito:mockito-bom:5.17.0
00:17.334 DEBUG :Library-book-search:resolveDependenciesJvm DependencyFileImpl        Not found URL: https://repo1.maven.org/maven2/com/fasterxml/jackson/core/jackson-annotations/2.18.3/jackson-annotations-2.18.3.pom.sha512
00:17.336 DEBUG :Library-book-search:resolveDependenciesJvm DependencyFileImpl        Not found URL: https://repo1.maven.org/maven2/com/fasterxml/jackson/core/jackson-core/2.18.3/jackson-core-2.18.3.pom.sha512
00:17.356 DEBUG :Library-book-search:resolveDependenciesJvm DependencyFileImpl        Not found URL: https://repo1.maven.org/maven2/com/fasterxml/jackson/datatype/jackson-datatype-jsr310/2.18.3/jackson-datatype-jsr310-2.18.3.pom.sha512
00:17.361 DEBUG :Library-book-search:resolveDependenciesJvm DependencyFileImpl        Not found URL: https://repo1.maven.org/maven2/org/apache/arrow/arrow-c-data/18.3.0/arrow-c-data-18.3.0.pom.sha512
00:17.372 DEBUG :Library-book-search:resolveDependenciesJvm DependencyFileImpl        Not found URL: https://repo1.maven.org/maven2/com/fasterxml/jackson/core/jackson-databind/2.18.3/jackson-databind-2.18.3.pom.sha512
00:17.374 DEBUG :Library-book-search:resolveDependenciesJvm DependencyFileImpl        Not found URL: https://repo1.maven.org/maven2/org/apache/arrow/arrow-memory-core/18.3.0/arrow-memory-core-18.3.0.pom.sha512
00:17.391 DEBUG :Library-book-search:resolveDependenciesJvm DependencyFileImpl        Not found URL: https://maven.google.com/com/fasterxml/jackson/core/jackson-core/2.18.3/jackson-core-2.18.3.pom.sha512
00:17.411 DEBUG :Library-book-search:resolveDependenciesJvm DependencyFileImpl        Not found URL: https://maven.google.com/com/fasterxml/jackson/datatype/jackson-datatype-jsr310/2.18.3/jackson-datatype-jsr310-2.18.3.pom.sha512
00:17.417 DEBUG :Library-book-search:resolveDependenciesJvm DependencyFileImpl        Not found URL: https://maven.pkg.jetbrains.space/public/p/compose/dev/com/fasterxml/jackson/core/jackson-core/2.18.3/jackson-core-2.18.3.pom.sha512
00:17.435 DEBUG :Library-book-search:resolveDependenciesJvm DependencyFileImpl        Not found URL: https://maven.pkg.jetbrains.space/public/p/compose/dev/com/fasterxml/jackson/datatype/jackson-datatype-jsr310/2.18.3/jackson-datatype-jsr310-2.18.3.pom.sha512
00:17.445 DEBUG :Library-book-search:resolveDependenciesJvm DependencyFileImpl        Not found URL: https://maven.google.com/org/apache/arrow/arrow-c-data/18.3.0/arrow-c-data-18.3.0.pom.sha512
00:17.446 DEBUG :Library-book-search:resolveDependenciesJvm DependencyFileImpl        Not found URL: https://maven.google.com/com/fasterxml/jackson/core/jackson-databind/2.18.3/jackson-databind-2.18.3.pom.sha512
00:17.448 DEBUG :Library-book-search:resolveDependenciesJvm DependencyFileImpl        Not found URL: https://repo1.maven.org/maven2/com/google/flatbuffers/flatbuffers-java/25.2.10/flatbuffers-java-25.2.10.pom.sha512
00:17.454 DEBUG :Library-book-search:resolveDependenciesJvm DependencyFileImpl        Not found URL: https://maven.google.com/org/apache/arrow/arrow-memory-core/18.3.0/arrow-memory-core-18.3.0.pom.sha512
00:17.464 DEBUG :Library-book-search:resolveDependenciesJvm DependencyFileImpl        Not found URL: https://maven.google.com/com/fasterxml/jackson/core/jackson-annotations/2.18.3/jackson-annotations-2.18.3.pom.sha512
00:17.469 DEBUG :Library-book-search:resolveDependenciesJvm DependencyFileImpl        Not found URL: https://maven.pkg.jetbrains.space/public/p/compose/dev/org/apache/arrow/arrow-c-data/18.3.0/arrow-c-data-18.3.0.pom.sha512
00:17.470 DEBUG :Library-book-search:resolveDependenciesJvm DependencyFileImpl        Not found URL: https://maven.pkg.jetbrains.space/public/p/compose/dev/com/fasterxml/jackson/core/jackson-databind/2.18.3/jackson-databind-2.18.3.pom.sha512
00:17.480 DEBUG :Library-book-search:resolveDependenciesJvm DependencyFileImpl        Not found URL: https://maven.pkg.jetbrains.space/public/p/compose/dev/org/apache/arrow/arrow-memory-core/18.3.0/arrow-memory-core-18.3.0.pom.sha512
00:17.486 DEBUG :Library-book-search:resolveDependenciesJvm DependencyFileImpl        Not found URL: https://maven.pkg.jetbrains.space/public/p/compose/dev/com/fasterxml/jackson/core/jackson-annotations/2.18.3/jackson-annotations-2.18.3.pom.sha512
00:17.516 DEBUG :Library-book-search:resolveDependenciesJvm DependencyFileImpl        Not found URL: https://maven.google.com/com/google/flatbuffers/flatbuffers-java/25.2.10/flatbuffers-java-25.2.10.pom.sha512
00:17.542 DEBUG :Library-book-search:resolveDependenciesJvm DependencyFileImpl        Not found URL: https://maven.pkg.jetbrains.space/public/p/compose/dev/com/google/flatbuffers/flatbuffers-java/25.2.10/flatbuffers-java-25.2.10.pom.sha512
00:17.635 DEBUG :Library-book-search:resolveDependenciesJvm DependencyFileImpl        Not found URL: https://repo1.maven.org/maven2/com/fasterxml/jackson/core/jackson-core/2.18.3/jackson-core-2.18.3.pom.sha256
00:17.643 DEBUG :Library-book-search:resolveDependenciesJvm DependencyFileImpl        Not found URL: https://repo1.maven.org/maven2/com/fasterxml/jackson/datatype/jackson-datatype-jsr310/2.18.3/jackson-datatype-jsr310-2.18.3.pom.sha256
00:17.683 DEBUG :Library-book-search:resolveDependenciesJvm DependencyFileImpl        Not found URL: https://maven.google.com/com/fasterxml/jackson/core/jackson-core/2.18.3/jackson-core-2.18.3.pom.sha256
00:17.690 DEBUG :Library-book-search:resolveDependenciesJvm DependencyFileImpl        Not found URL: https://repo1.maven.org/maven2/org/apache/arrow/arrow-memory-core/18.3.0/arrow-memory-core-18.3.0.pom.sha256
00:17.693 DEBUG :Library-book-search:resolveDependenciesJvm DependencyFileImpl        Not found URL: https://repo1.maven.org/maven2/com/fasterxml/jackson/core/jackson-databind/2.18.3/jackson-databind-2.18.3.pom.sha256
00:17.698 DEBUG :Library-book-search:resolveDependenciesJvm DependencyFileImpl        Not found URL: https://repo1.maven.org/maven2/org/apache/arrow/arrow-c-data/18.3.0/arrow-c-data-18.3.0.pom.sha256
00:17.708 DEBUG :Library-book-search:resolveDependenciesJvm DependencyFileImpl        Not found URL: https://maven.pkg.jetbrains.space/public/p/compose/dev/com/fasterxml/jackson/core/jackson-core/2.18.3/jackson-core-2.18.3.pom.sha256
00:17.712 DEBUG :Library-book-search:resolveDependenciesJvm DependencyFileImpl        Not found URL: https://maven.google.com/com/fasterxml/jackson/datatype/jackson-datatype-jsr310/2.18.3/jackson-datatype-jsr310-2.18.3.pom.sha256
00:17.728 DEBUG :Library-book-search:resolveDependenciesJvm DependencyFileImpl        Downloaded https://repo1.maven.org/maven2/com/fasterxml/jackson/core/jackson-core/2.18.3/jackson-core-2.18.3.pom.sha1 for the dependency com.fasterxml.jackson.core:jackson-core:2.18.3
00:17.738 DEBUG :Library-book-search:resolveDependenciesJvm DependencyFileImpl        Not found URL: https://maven.pkg.jetbrains.space/public/p/compose/dev/com/fasterxml/jackson/datatype/jackson-datatype-jsr310/2.18.3/jackson-datatype-jsr310-2.18.3.pom.sha256
00:17.747 DEBUG :Library-book-search:resolveDependenciesJvm DependencyFileImpl        Downloaded https://repo1.maven.org/maven2/com/fasterxml/jackson/core/jackson-core/2.18.3/jackson-core-2.18.3.pom for the dependency com.fasterxml.jackson.core:jackson-core:2.18.3
00:17.754 DEBUG :Library-book-search:resolveDependenciesJvm DependencyFileImpl        Not found URL: https://maven.google.com/com/fasterxml/jackson/core/jackson-databind/2.18.3/jackson-databind-2.18.3.pom.sha256
00:17.754 DEBUG :Library-book-search:resolveDependenciesJvm DependencyFileImpl        Downloaded https://repo1.maven.org/maven2/com/fasterxml/jackson/datatype/jackson-datatype-jsr310/2.18.3/jackson-datatype-jsr310-2.18.3.pom.sha1 for the dependency com.fasterxml.jackson.datatype:jackson-datatype-jsr310:2.18.3
00:17.758 DEBUG :Library-book-search:resolveDependenciesJvm DependencyFileImpl        Not found URL: https://repo1.maven.org/maven2/com/fasterxml/jackson/core/jackson-annotations/2.18.3/jackson-annotations-2.18.3.pom.sha256
00:17.759 DEBUG :Library-book-search:resolveDependenciesJvm DependencyFileImpl        Not found URL: https://maven.google.com/org/apache/arrow/arrow-memory-core/18.3.0/arrow-memory-core-18.3.0.pom.sha256
00:17.767 DEBUG :Library-book-search:resolveDependenciesJvm DependencyFileImpl        Not found URL: https://repo1.maven.org/maven2/com/google/flatbuffers/flatbuffers-java/25.2.10/flatbuffers-java-25.2.10.pom.sha256
00:17.776 DEBUG :Library-book-search:resolveDependenciesJvm DependencyFileImpl        Not found URL: https://maven.google.com/org/apache/arrow/arrow-c-data/18.3.0/arrow-c-data-18.3.0.pom.sha256
00:17.777 DEBUG :Library-book-search:resolveDependenciesJvm DependencyFileImpl        Downloaded https://repo1.maven.org/maven2/com/fasterxml/jackson/datatype/jackson-datatype-jsr310/2.18.3/jackson-datatype-jsr310-2.18.3.pom for the dependency com.fasterxml.jackson.datatype:jackson-datatype-jsr310:2.18.3
00:17.782 DEBUG :Library-book-search:resolveDependenciesJvm DependencyFileImpl        Not found URL: https://maven.pkg.jetbrains.space/public/p/compose/dev/com/fasterxml/jackson/core/jackson-databind/2.18.3/jackson-databind-2.18.3.pom.sha256
00:17.784 DEBUG :Library-book-search:resolveDependenciesJvm DependencyFileImpl        Not found URL: https://maven.pkg.jetbrains.space/public/p/compose/dev/org/apache/arrow/arrow-memory-core/18.3.0/arrow-memory-core-18.3.0.pom.sha256
00:17.799 DEBUG :Library-book-search:resolveDependenciesJvm DependencyFileImpl        Downloaded https://repo1.maven.org/maven2/com/fasterxml/jackson/core/jackson-databind/2.18.3/jackson-databind-2.18.3.pom.sha1 for the dependency com.fasterxml.jackson.core:jackson-databind:2.18.3
00:17.801 DEBUG :Library-book-search:resolveDependenciesJvm DependencyFileImpl        Not found URL: https://maven.pkg.jetbrains.space/public/p/compose/dev/org/apache/arrow/arrow-c-data/18.3.0/arrow-c-data-18.3.0.pom.sha256
00:17.803 DEBUG :Library-book-search:resolveDependenciesJvm DependencyFileImpl        Downloaded https://repo1.maven.org/maven2/org/apache/arrow/arrow-memory-core/18.3.0/arrow-memory-core-18.3.0.pom.sha1 for the dependency org.apache.arrow:arrow-memory-core:18.3.0
00:17.816 DEBUG :Library-book-search:resolveDependenciesJvm DependencyFileImpl        Downloaded https://repo1.maven.org/maven2/com/fasterxml/jackson/core/jackson-databind/2.18.3/jackson-databind-2.18.3.pom for the dependency com.fasterxml.jackson.core:jackson-databind:2.18.3
00:17.824 DEBUG :Library-book-search:resolveDependenciesJvm DependencyFileImpl        Downloaded https://repo1.maven.org/maven2/org/apache/arrow/arrow-memory-core/18.3.0/arrow-memory-core-18.3.0.pom for the dependency org.apache.arrow:arrow-memory-core:18.3.0
00:17.836 DEBUG :Library-book-search:resolveDependenciesJvm DependencyFileImpl        Not found URL: https://maven.google.com/com/fasterxml/jackson/core/jackson-annotations/2.18.3/jackson-annotations-2.18.3.pom.sha256
00:17.846 DEBUG :Library-book-search:resolveDependenciesJvm DependencyFileImpl        Not found URL: https://maven.google.com/com/google/flatbuffers/flatbuffers-java/25.2.10/flatbuffers-java-25.2.10.pom.sha256
00:17.867 DEBUG :Library-book-search:resolveDependenciesJvm DependencyFileImpl        Not found URL: https://maven.pkg.jetbrains.space/public/p/compose/dev/com/fasterxml/jackson/core/jackson-annotations/2.18.3/jackson-annotations-2.18.3.pom.sha256
00:17.871 DEBUG :Library-book-search:resolveDependenciesJvm DependencyFileImpl        Not found URL: https://maven.pkg.jetbrains.space/public/p/compose/dev/com/google/flatbuffers/flatbuffers-java/25.2.10/flatbuffers-java-25.2.10.pom.sha256
00:17.885 DEBUG :Library-book-search:resolveDependenciesJvm DependencyFileImpl        Downloaded https://repo1.maven.org/maven2/com/fasterxml/jackson/core/jackson-annotations/2.18.3/jackson-annotations-2.18.3.pom.sha1 for the dependency com.fasterxml.jackson.core:jackson-annotations:2.18.3
00:17.902 DEBUG :Library-book-search:resolveDependenciesJvm DependencyFileImpl        Downloaded https://repo1.maven.org/maven2/com/google/flatbuffers/flatbuffers-java/25.2.10/flatbuffers-java-25.2.10.pom.sha1 for the dependency com.google.flatbuffers:flatbuffers-java:25.2.10
00:17.903 DEBUG :Library-book-search:resolveDependenciesJvm DependencyFileImpl        Downloaded https://repo1.maven.org/maven2/com/fasterxml/jackson/core/jackson-annotations/2.18.3/jackson-annotations-2.18.3.pom for the dependency com.fasterxml.jackson.core:jackson-annotations:2.18.3
00:17.920 DEBUG :Library-book-search:resolveDependenciesJvm DependencyFileImpl        Downloaded https://repo1.maven.org/maven2/com/google/flatbuffers/flatbuffers-java/25.2.10/flatbuffers-java-25.2.10.pom for the dependency com.google.flatbuffers:flatbuffers-java:25.2.10
00:17.972 DEBUG :Library-book-search:resolveDependenciesJvm DependencyFileImpl        Downloaded https://repo1.maven.org/maven2/org/apache/arrow/arrow-c-data/18.3.0/arrow-c-data-18.3.0.pom.sha1 for the dependency org.apache.arrow:arrow-c-data:18.3.0
00:17.975 DEBUG :Library-book-search:resolveDependenciesJvm DependencyFileImpl        Not found URL: https://repo1.maven.org/maven2/com/fasterxml/jackson/core/jackson-core/2.18.3/jackson-core-2.18.3.module.sha512
00:17.979 DEBUG :Library-book-search:resolveDependenciesJvm DependencyFileImpl        Not found URL: https://repo1.maven.org/maven2/com/fasterxml/jackson/datatype/jackson-datatype-jsr310/2.18.3/jackson-datatype-jsr310-2.18.3.module.sha512
00:17.991 DEBUG :Library-book-search:resolveDependenciesJvm DependencyFileImpl        Downloaded https://repo1.maven.org/maven2/org/apache/arrow/arrow-c-data/18.3.0/arrow-c-data-18.3.0.pom for the dependency org.apache.arrow:arrow-c-data:18.3.0
00:18.031 DEBUG :Library-book-search:resolveDependenciesJvm DependencyFileImpl        Not found URL: https://maven.google.com/com/fasterxml/jackson/core/jackson-core/2.18.3/jackson-core-2.18.3.module.sha512
00:18.051 DEBUG :Library-book-search:resolveDependenciesJvm DependencyFileImpl        Not found URL: https://maven.google.com/com/fasterxml/jackson/datatype/jackson-datatype-jsr310/2.18.3/jackson-datatype-jsr310-2.18.3.module.sha512
00:18.053 DEBUG :Library-book-search:resolveDependenciesJvm DependencyFileImpl        Not found URL: https://repo1.maven.org/maven2/com/fasterxml/jackson/core/jackson-databind/2.18.3/jackson-databind-2.18.3.module.sha512
00:18.058 DEBUG :Library-book-search:resolveDependenciesJvm DependencyFileImpl        Not found URL: https://maven.pkg.jetbrains.space/public/p/compose/dev/com/fasterxml/jackson/core/jackson-core/2.18.3/jackson-core-2.18.3.module.sha512
00:18.077 DEBUG :Library-book-search:resolveDependenciesJvm DependencyFileImpl        Not found URL: https://maven.pkg.jetbrains.space/public/p/compose/dev/com/fasterxml/jackson/datatype/jackson-datatype-jsr310/2.18.3/jackson-datatype-jsr310-2.18.3.module.sha512
00:18.108 DEBUG :Library-book-search:resolveDependenciesJvm DependencyFileImpl        Not found URL: https://maven.google.com/com/fasterxml/jackson/core/jackson-databind/2.18.3/jackson-databind-2.18.3.module.sha512
00:18.121 DEBUG :Library-book-search:resolveDependenciesJvm DependencyFileImpl        Not found URL: https://repo1.maven.org/maven2/com/fasterxml/jackson/core/jackson-annotations/2.18.3/jackson-annotations-2.18.3.module.sha512
00:18.133 DEBUG :Library-book-search:resolveDependenciesJvm DependencyFileImpl        Not found URL: https://maven.pkg.jetbrains.space/public/p/compose/dev/com/fasterxml/jackson/core/jackson-databind/2.18.3/jackson-databind-2.18.3.module.sha512
00:18.177 DEBUG :Library-book-search:resolveDependenciesJvm DependencyFileImpl        Not found URL: https://maven.google.com/com/fasterxml/jackson/core/jackson-annotations/2.18.3/jackson-annotations-2.18.3.module.sha512
00:18.203 DEBUG :Library-book-search:resolveDependenciesJvm DependencyFileImpl        Not found URL: https://maven.pkg.jetbrains.space/public/p/compose/dev/com/fasterxml/jackson/core/jackson-annotations/2.18.3/jackson-annotations-2.18.3.module.sha512
00:18.290 DEBUG :Library-book-search:resolveDependenciesJvm DependencyFileImpl        Not found URL: https://repo1.maven.org/maven2/com/fasterxml/jackson/datatype/jackson-datatype-jsr310/2.18.3/jackson-datatype-jsr310-2.18.3.module.sha256
00:18.315 DEBUG :Library-book-search:resolveDependenciesJvm DependencyFileImpl        Not found URL: https://repo1.maven.org/maven2/com/fasterxml/jackson/core/jackson-core/2.18.3/jackson-core-2.18.3.module.sha256
00:18.355 DEBUG :Library-book-search:resolveDependenciesJvm DependencyFileImpl        Not found URL: https://maven.google.com/com/fasterxml/jackson/datatype/jackson-datatype-jsr310/2.18.3/jackson-datatype-jsr310-2.18.3.module.sha256
00:18.381 DEBUG :Library-book-search:resolveDependenciesJvm DependencyFileImpl        Not found URL: https://maven.pkg.jetbrains.space/public/p/compose/dev/com/fasterxml/jackson/datatype/jackson-datatype-jsr310/2.18.3/jackson-datatype-jsr310-2.18.3.module.sha256
00:18.389 DEBUG :Library-book-search:resolveDependenciesJvm DependencyFileImpl        Not found URL: https://maven.google.com/com/fasterxml/jackson/core/jackson-core/2.18.3/jackson-core-2.18.3.module.sha256
00:18.392 DEBUG :Library-book-search:resolveDependenciesJvm DependencyFileImpl        Not found URL: https://repo1.maven.org/maven2/com/fasterxml/jackson/core/jackson-databind/2.18.3/jackson-databind-2.18.3.module.sha256
00:18.400 DEBUG :Library-book-search:resolveDependenciesJvm DependencyFileImpl        Downloaded https://repo1.maven.org/maven2/com/fasterxml/jackson/datatype/jackson-datatype-jsr310/2.18.3/jackson-datatype-jsr310-2.18.3.module.sha1 for the dependency com.fasterxml.jackson.datatype:jackson-datatype-jsr310:2.18.3
00:18.414 DEBUG :Library-book-search:resolveDependenciesJvm DependencyFileImpl        Not found URL: https://maven.pkg.jetbrains.space/public/p/compose/dev/com/fasterxml/jackson/core/jackson-core/2.18.3/jackson-core-2.18.3.module.sha256
00:18.416 DEBUG :Library-book-search:resolveDependenciesJvm DependencyFileImpl        Downloaded https://repo1.maven.org/maven2/com/fasterxml/jackson/datatype/jackson-datatype-jsr310/2.18.3/jackson-datatype-jsr310-2.18.3.module for the dependency com.fasterxml.jackson.datatype:jackson-datatype-jsr310:2.18.3
00:18.435 DEBUG :Library-book-search:resolveDependenciesJvm DependencyFileImpl        Downloaded https://repo1.maven.org/maven2/com/fasterxml/jackson/core/jackson-core/2.18.3/jackson-core-2.18.3.module.sha1 for the dependency com.fasterxml.jackson.core:jackson-core:2.18.3
00:18.437 DEBUG :Library-book-search:resolveDependenciesJvm DependencyFileImpl        Not found URL: https://repo1.maven.org/maven2/com/fasterxml/jackson/core/jackson-annotations/2.18.3/jackson-annotations-2.18.3.module.sha256
00:18.450 DEBUG :Library-book-search:resolveDependenciesJvm DependencyFileImpl        Not found URL: https://maven.google.com/com/fasterxml/jackson/core/jackson-databind/2.18.3/jackson-databind-2.18.3.module.sha256
00:18.452 DEBUG :Library-book-search:resolveDependenciesJvm DependencyFileImpl        Downloaded https://repo1.maven.org/maven2/com/fasterxml/jackson/core/jackson-core/2.18.3/jackson-core-2.18.3.module for the dependency com.fasterxml.jackson.core:jackson-core:2.18.3
00:18.475 DEBUG :Library-book-search:resolveDependenciesJvm DependencyFileImpl        Not found URL: https://maven.pkg.jetbrains.space/public/p/compose/dev/com/fasterxml/jackson/core/jackson-databind/2.18.3/jackson-databind-2.18.3.module.sha256
00:18.493 DEBUG :Library-book-search:resolveDependenciesJvm DependencyFileImpl        Downloaded https://repo1.maven.org/maven2/com/fasterxml/jackson/core/jackson-databind/2.18.3/jackson-databind-2.18.3.module.sha1 for the dependency com.fasterxml.jackson.core:jackson-databind:2.18.3
00:18.499 DEBUG :Library-book-search:resolveDependenciesJvm DependencyFileImpl        Not found URL: https://maven.google.com/com/fasterxml/jackson/core/jackson-annotations/2.18.3/jackson-annotations-2.18.3.module.sha256
00:18.511 DEBUG :Library-book-search:resolveDependenciesJvm DependencyFileImpl        Downloaded https://repo1.maven.org/maven2/com/fasterxml/jackson/core/jackson-databind/2.18.3/jackson-databind-2.18.3.module for the dependency com.fasterxml.jackson.core:jackson-databind:2.18.3
00:18.522 DEBUG :Library-book-search:resolveDependenciesJvm DependencyFileImpl        Not found URL: https://maven.pkg.jetbrains.space/public/p/compose/dev/com/fasterxml/jackson/core/jackson-annotations/2.18.3/jackson-annotations-2.18.3.module.sha256
00:18.540 DEBUG :Library-book-search:resolveDependenciesJvm DependencyFileImpl        Downloaded https://repo1.maven.org/maven2/com/fasterxml/jackson/core/jackson-annotations/2.18.3/jackson-annotations-2.18.3.module.sha1 for the dependency com.fasterxml.jackson.core:jackson-annotations:2.18.3
00:18.557 DEBUG :Library-book-search:resolveDependenciesJvm DependencyFileImpl        Downloaded https://repo1.maven.org/maven2/com/fasterxml/jackson/core/jackson-annotations/2.18.3/jackson-annotations-2.18.3.module for the dependency com.fasterxml.jackson.core:jackson-annotations:2.18.3
00:18.619 DEBUG :Library-book-search:resolveDependenciesJvm DependencyFileImpl        Not found URL: https://repo1.maven.org/maven2/org/apache/logging/log4j/log4j/2.24.3/log4j-2.24.3.pom.sha512
00:18.633 DEBUG :Library-book-search:resolveDependenciesJvm DependencyFileImpl        Downloaded https://repo1.maven.org/maven2/org/jetbrains/kotlinx/kotlinx-serialization-core/1.9.0/kotlinx-serialization-core-1.9.0.pom.sha512 for the dependency org.jetbrains.kotlinx:kotlinx-serialization-core:1.9.0
00:18.652 DEBUG :Library-book-search:resolveDependenciesJvm DependencyFileImpl        Not found URL: https://maven.google.com/org/apache/logging/log4j/log4j/2.24.3/log4j-2.24.3.pom.sha512
00:18.655 DEBUG :Library-book-search:resolveDependenciesJvm DependencyFileImpl        Downloaded https://repo1.maven.org/maven2/org/jetbrains/kotlinx/kotlinx-serialization-core/1.9.0/kotlinx-serialization-core-1.9.0.pom for the dependency org.jetbrains.kotlinx:kotlinx-serialization-core:1.9.0
00:18.677 DEBUG :Library-book-search:resolveDependenciesJvm DependencyFileImpl        Downloaded https://repo1.maven.org/maven2/org/jetbrains/kotlinx/kotlinx-serialization-core/1.9.0/kotlinx-serialization-core-1.9.0.module.sha512 for the dependency org.jetbrains.kotlinx:kotlinx-serialization-core:1.9.0
00:18.677 DEBUG :Library-book-search:resolveDependenciesJvm DependencyFileImpl        Not found URL: https://maven.pkg.jetbrains.space/public/p/compose/dev/org/apache/logging/log4j/log4j/2.24.3/log4j-2.24.3.pom.sha512
00:18.694 DEBUG :Library-book-search:resolveDependenciesJvm DependencyFileImpl        Downloaded https://repo1.maven.org/maven2/org/jetbrains/kotlinx/kotlinx-serialization-core/1.9.0/kotlinx-serialization-core-1.9.0.module for the dependency org.jetbrains.kotlinx:kotlinx-serialization-core:1.9.0
00:18.728 DEBUG :Library-book-search:resolveDependenciesJvm DependencyFileImpl        Downloaded https://repo1.maven.org/maven2/org/jetbrains/kotlinx/kotlinx-serialization-core-jvm/1.9.0/kotlinx-serialization-core-jvm-1.9.0.pom.sha512 for the dependency org.jetbrains.kotlinx:kotlinx-serialization-core-jvm:1.9.0
00:18.747 DEBUG :Library-book-search:resolveDependenciesJvm DependencyFileImpl        Downloaded https://repo1.maven.org/maven2/org/jetbrains/kotlinx/kotlinx-serialization-core-jvm/1.9.0/kotlinx-serialization-core-jvm-1.9.0.pom for the dependency org.jetbrains.kotlinx:kotlinx-serialization-core-jvm:1.9.0
00:18.777 DEBUG :Library-book-search:resolveDependenciesJvm DependencyFileImpl        Downloaded https://repo1.maven.org/maven2/org/jetbrains/kotlinx/kotlinx-serialization-core-jvm/1.9.0/kotlinx-serialization-core-jvm-1.9.0.module.sha512 for the dependency org.jetbrains.kotlinx:kotlinx-serialization-core-jvm:1.9.0
00:18.795 DEBUG :Library-book-search:resolveDependenciesJvm DependencyFileImpl        Downloaded https://repo1.maven.org/maven2/org/jetbrains/kotlinx/kotlinx-serialization-core-jvm/1.9.0/kotlinx-serialization-core-jvm-1.9.0.module for the dependency org.jetbrains.kotlinx:kotlinx-serialization-core-jvm:1.9.0
00:18.803 DEBUG :Library-book-search:resolveDependenciesJvm DependencyFileImpl        Not found URL: https://repo1.maven.org/maven2/commons-io/commons-io/2.20.0/commons-io-2.20.0.pom.sha512
00:18.806 DEBUG :Library-book-search:resolveDependenciesJvm DependencyFileImpl        Not found URL: https://repo1.maven.org/maven2/org/jetbrains/kotlin/kotlin-reflect/2.2.21/kotlin-reflect-2.2.21.pom.sha512
00:18.863 DEBUG :Library-book-search:resolveDependenciesJvm DependencyFileImpl        Not found URL: https://maven.google.com/commons-io/commons-io/2.20.0/commons-io-2.20.0.pom.sha512
00:18.885 DEBUG :Library-book-search:resolveDependenciesJvm DependencyFileImpl        Not found URL: https://repo1.maven.org/maven2/org/apache/logging/log4j/log4j/2.24.3/log4j-2.24.3.pom.sha256
00:18.886 DEBUG :Library-book-search:resolveDependenciesJvm DependencyFileImpl        Not found URL: https://maven.google.com/org/jetbrains/kotlin/kotlin-reflect/2.2.21/kotlin-reflect-2.2.21.pom.sha512
00:18.887 DEBUG :Library-book-search:resolveDependenciesJvm DependencyFileImpl        Not found URL: https://maven.pkg.jetbrains.space/public/p/compose/dev/commons-io/commons-io/2.20.0/commons-io-2.20.0.pom.sha512
00:18.912 DEBUG :Library-book-search:resolveDependenciesJvm DependencyFileImpl        Not found URL: https://maven.pkg.jetbrains.space/public/p/compose/dev/org/jetbrains/kotlin/kotlin-reflect/2.2.21/kotlin-reflect-2.2.21.pom.sha512
00:18.954 DEBUG :Library-book-search:resolveDependenciesJvm DependencyFileImpl        Not found URL: https://maven.google.com/org/apache/logging/log4j/log4j/2.24.3/log4j-2.24.3.pom.sha256
00:18.979 DEBUG :Library-book-search:resolveDependenciesJvm DependencyFileImpl        Not found URL: https://maven.pkg.jetbrains.space/public/p/compose/dev/org/apache/logging/log4j/log4j/2.24.3/log4j-2.24.3.pom.sha256
00:18.998 DEBUG :Library-book-search:resolveDependenciesJvm DependencyFileImpl        Downloaded https://repo1.maven.org/maven2/org/apache/logging/log4j/log4j/2.24.3/log4j-2.24.3.pom.sha1 for the dependency org.apache.logging.log4j:log4j:2.24.3
00:19.016 DEBUG :Library-book-search:resolveDependenciesJvm DependencyFileImpl        Downloaded https://repo1.maven.org/maven2/org/apache/logging/log4j/log4j/2.24.3/log4j-2.24.3.pom for the dependency org.apache.logging.log4j:log4j:2.24.3
00:19.079 DEBUG :Library-book-search:resolveDependenciesJvm DependencyFileImpl        Downloaded https://repo1.maven.org/maven2/org/apache/groovy/groovy-bom/4.0.23/groovy-bom-4.0.23.pom.sha512 for the dependency org.apache.groovy:groovy-bom:4.0.23
00:19.105 DEBUG :Library-book-search:resolveDependenciesJvm DependencyFileImpl        Downloaded https://repo1.maven.org/maven2/org/apache/groovy/groovy-bom/4.0.23/groovy-bom-4.0.23.pom for the dependency org.apache.groovy:groovy-bom:4.0.23
00:19.128 DEBUG :Library-book-search:resolveDependenciesJvm DependencyFileImpl        Not found URL: https://repo1.maven.org/maven2/commons-io/commons-io/2.20.0/commons-io-2.20.0.pom.sha256
00:19.150 DEBUG :Library-book-search:resolveDependenciesJvm DependencyFileImpl        Not found URL: https://repo1.maven.org/maven2/org/jetbrains/kotlin/kotlin-reflect/2.2.21/kotlin-reflect-2.2.21.pom.sha256
00:19.171 DEBUG :Library-book-search:resolveDependenciesJvm DependencyFileImpl        Not found URL: https://repo1.maven.org/maven2/com/fasterxml/jackson/jackson-bom/2.17.2/jackson-bom-2.17.2.pom.sha512
00:19.222 DEBUG :Library-book-search:resolveDependenciesJvm DependencyFileImpl        Not found URL: https://maven.google.com/org/jetbrains/kotlin/kotlin-reflect/2.2.21/kotlin-reflect-2.2.21.pom.sha256
00:19.234 DEBUG :Library-book-search:resolveDependenciesJvm DependencyFileImpl        Not found URL: https://maven.google.com/commons-io/commons-io/2.20.0/commons-io-2.20.0.pom.sha256
00:19.250 DEBUG :Library-book-search:resolveDependenciesJvm DependencyFileImpl        Not found URL: https://maven.pkg.jetbrains.space/public/p/compose/dev/org/jetbrains/kotlin/kotlin-reflect/2.2.21/kotlin-reflect-2.2.21.pom.sha256
00:19.260 DEBUG :Library-book-search:resolveDependenciesJvm DependencyFileImpl        Not found URL: https://maven.google.com/com/fasterxml/jackson/jackson-bom/2.17.2/jackson-bom-2.17.2.pom.sha512
00:19.261 DEBUG :Library-book-search:resolveDependenciesJvm DependencyFileImpl        Not found URL: https://maven.pkg.jetbrains.space/public/p/compose/dev/commons-io/commons-io/2.20.0/commons-io-2.20.0.pom.sha256
00:19.268 DEBUG :Library-book-search:resolveDependenciesJvm DependencyFileImpl        Downloaded https://repo1.maven.org/maven2/org/jetbrains/kotlin/kotlin-reflect/2.2.21/kotlin-reflect-2.2.21.pom.sha1 for the dependency org.jetbrains.kotlin:kotlin-reflect:2.2.21
00:19.283 DEBUG :Library-book-search:resolveDependenciesJvm DependencyFileImpl        Downloaded https://repo1.maven.org/maven2/commons-io/commons-io/2.20.0/commons-io-2.20.0.pom.sha1 for the dependency commons-io:commons-io:2.20.0
00:19.285 DEBUG :Library-book-search:resolveDependenciesJvm DependencyFileImpl        Not found URL: https://maven.pkg.jetbrains.space/public/p/compose/dev/com/fasterxml/jackson/jackson-bom/2.17.2/jackson-bom-2.17.2.pom.sha512
00:19.291 DEBUG :Library-book-search:resolveDependenciesJvm DependencyFileImpl        Downloaded https://repo1.maven.org/maven2/org/jetbrains/kotlin/kotlin-reflect/2.2.21/kotlin-reflect-2.2.21.pom for the dependency org.jetbrains.kotlin:kotlin-reflect:2.2.21
00:19.311 DEBUG :Library-book-search:resolveDependenciesJvm DependencyFileImpl        Downloaded https://repo1.maven.org/maven2/commons-io/commons-io/2.20.0/commons-io-2.20.0.pom for the dependency commons-io:commons-io:2.20.0
00:19.337 DEBUG :Library-book-search:resolveDependenciesJvm DependencyFileImpl        Not found URL: https://repo1.maven.org/maven2/com/fasterxml/jackson/jackson-bom/2.17.2/jackson-bom-2.17.2.pom.sha256
00:19.403 DEBUG :Library-book-search:resolveDependenciesJvm DependencyFileImpl        Not found URL: https://maven.google.com/com/fasterxml/jackson/jackson-bom/2.17.2/jackson-bom-2.17.2.pom.sha256
00:19.456 DEBUG :Library-book-search:resolveDependenciesJvm DependencyFileImpl        Not found URL: https://maven.pkg.jetbrains.space/public/p/compose/dev/com/fasterxml/jackson/jackson-bom/2.17.2/jackson-bom-2.17.2.pom.sha256
00:19.472 DEBUG :Library-book-search:resolveDependenciesJvm DependencyFileImpl        Downloaded https://repo1.maven.org/maven2/com/fasterxml/jackson/jackson-bom/2.17.2/jackson-bom-2.17.2.pom.sha1 for the dependency com.fasterxml.jackson:jackson-bom:2.17.2
00:19.489 DEBUG :Library-book-search:resolveDependenciesJvm DependencyFileImpl        Downloaded https://repo1.maven.org/maven2/com/fasterxml/jackson/jackson-bom/2.17.2/jackson-bom-2.17.2.pom for the dependency com.fasterxml.jackson:jackson-bom:2.17.2
00:19.543 DEBUG :Library-book-search:resolveDependenciesJvm DependencyFileImpl        Not found URL: https://repo1.maven.org/maven2/com/fasterxml/jackson/jackson-parent/2.17/jackson-parent-2.17.pom.sha512
00:19.601 DEBUG :Library-book-search:resolveDependenciesJvm DependencyFileImpl        Not found URL: https://maven.google.com/com/fasterxml/jackson/jackson-parent/2.17/jackson-parent-2.17.pom.sha512
00:19.627 DEBUG :Library-book-search:resolveDependenciesJvm DependencyFileImpl        Not found URL: https://maven.pkg.jetbrains.space/public/p/compose/dev/com/fasterxml/jackson/jackson-parent/2.17/jackson-parent-2.17.pom.sha512
00:19.649 DEBUG :Library-book-search:resolveDependenciesJvm DependencyFileImpl        Not found URL: https://repo1.maven.org/maven2/com/fasterxml/jackson/jackson-parent/2.17/jackson-parent-2.17.pom.sha256
00:19.699 DEBUG :Library-book-search:resolveDependenciesJvm DependencyFileImpl        Not found URL: https://maven.google.com/com/fasterxml/jackson/jackson-parent/2.17/jackson-parent-2.17.pom.sha256
00:19.726 DEBUG :Library-book-search:resolveDependenciesJvm DependencyFileImpl        Not found URL: https://maven.pkg.jetbrains.space/public/p/compose/dev/com/fasterxml/jackson/jackson-parent/2.17/jackson-parent-2.17.pom.sha256
00:19.748 DEBUG :Library-book-search:resolveDependenciesJvm DependencyFileImpl        Downloaded https://repo1.maven.org/maven2/com/fasterxml/jackson/jackson-parent/2.17/jackson-parent-2.17.pom.sha1 for the dependency com.fasterxml.jackson:jackson-parent:2.17
00:19.763 DEBUG :Library-book-search:resolveDependenciesJvm DependencyFileImpl        Downloaded https://repo1.maven.org/maven2/com/fasterxml/jackson/jackson-parent/2.17/jackson-parent-2.17.pom for the dependency com.fasterxml.jackson:jackson-parent:2.17
00:19.787 DEBUG :Library-book-search:resolveDependenciesJvm DependencyFileImpl        Not found URL: https://repo1.maven.org/maven2/com/fasterxml/oss-parent/58/oss-parent-58.pom.sha512
00:19.844 DEBUG :Library-book-search:resolveDependenciesJvm DependencyFileImpl        Not found URL: https://maven.google.com/com/fasterxml/oss-parent/58/oss-parent-58.pom.sha512
00:19.869 DEBUG :Library-book-search:resolveDependenciesJvm DependencyFileImpl        Not found URL: https://maven.pkg.jetbrains.space/public/p/compose/dev/com/fasterxml/oss-parent/58/oss-parent-58.pom.sha512
00:19.915 DEBUG :Library-book-search:resolveDependenciesJvm DependencyFileImpl        Not found URL: https://repo1.maven.org/maven2/com/fasterxml/oss-parent/58/oss-parent-58.pom.sha256
00:19.944 DEBUG :Library-book-search:resolveDependenciesJvm DependencyFileImpl        Not found URL: https://maven.google.com/com/fasterxml/oss-parent/58/oss-parent-58.pom.sha256
00:19.969 DEBUG :Library-book-search:resolveDependenciesJvm DependencyFileImpl        Not found URL: https://maven.pkg.jetbrains.space/public/p/compose/dev/com/fasterxml/oss-parent/58/oss-parent-58.pom.sha256
00:19.989 DEBUG :Library-book-search:resolveDependenciesJvm DependencyFileImpl        Downloaded https://repo1.maven.org/maven2/com/fasterxml/oss-parent/58/oss-parent-58.pom.sha1 for the dependency com.fasterxml:oss-parent:58
00:20.008 DEBUG :Library-book-search:resolveDependenciesJvm DependencyFileImpl        Downloaded https://repo1.maven.org/maven2/com/fasterxml/oss-parent/58/oss-parent-58.pom for the dependency com.fasterxml:oss-parent:58
00:20.048 DEBUG :Library-book-search:resolveDependenciesJvm DependencyFileImpl        Not found URL: https://repo1.maven.org/maven2/jakarta/platform/jakarta.jakartaee-bom/9.1.0/jakarta.jakartaee-bom-9.1.0.pom.sha512
00:20.123 DEBUG :Library-book-search:resolveDependenciesJvm DependencyFileImpl        Not found URL: https://maven.google.com/jakarta/platform/jakarta.jakartaee-bom/9.1.0/jakarta.jakartaee-bom-9.1.0.pom.sha512
00:20.153 DEBUG :Library-book-search:resolveDependenciesJvm DependencyFileImpl        Not found URL: https://maven.pkg.jetbrains.space/public/p/compose/dev/jakarta/platform/jakarta.jakartaee-bom/9.1.0/jakarta.jakartaee-bom-9.1.0.pom.sha512
00:20.174 DEBUG :Library-book-search:resolveDependenciesJvm DependencyFileImpl        Not found URL: https://repo1.maven.org/maven2/jakarta/platform/jakarta.jakartaee-bom/9.1.0/jakarta.jakartaee-bom-9.1.0.pom.sha256
00:20.259 DEBUG :Library-book-search:resolveDependenciesJvm DependencyFileImpl        Not found URL: https://maven.google.com/jakarta/platform/jakarta.jakartaee-bom/9.1.0/jakarta.jakartaee-bom-9.1.0.pom.sha256
00:20.309 DEBUG :Library-book-search:resolveDependenciesJvm DependencyFileImpl        Not found URL: https://maven.pkg.jetbrains.space/public/p/compose/dev/jakarta/platform/jakarta.jakartaee-bom/9.1.0/jakarta.jakartaee-bom-9.1.0.pom.sha256
00:20.329 DEBUG :Library-book-search:resolveDependenciesJvm DependencyFileImpl        Downloaded https://repo1.maven.org/maven2/jakarta/platform/jakarta.jakartaee-bom/9.1.0/jakarta.jakartaee-bom-9.1.0.pom.sha1 for the dependency jakarta.platform:jakarta.jakartaee-bom:9.1.0
00:20.349 DEBUG :Library-book-search:resolveDependenciesJvm DependencyFileImpl        Downloaded https://repo1.maven.org/maven2/jakarta/platform/jakarta.jakartaee-bom/9.1.0/jakarta.jakartaee-bom-9.1.0.pom for the dependency jakarta.platform:jakarta.jakartaee-bom:9.1.0
00:20.397 DEBUG :Library-book-search:resolveDependenciesJvm DependencyFileImpl        Not found URL: https://repo1.maven.org/maven2/jakarta/platform/jakartaee-api-parent/9.1.0/jakartaee-api-parent-9.1.0.pom.sha512
00:20.466 DEBUG :Library-book-search:resolveDependenciesJvm DependencyFileImpl        Not found URL: https://maven.google.com/jakarta/platform/jakartaee-api-parent/9.1.0/jakartaee-api-parent-9.1.0.pom.sha512
00:20.491 DEBUG :Library-book-search:resolveDependenciesJvm DependencyFileImpl        Not found URL: https://maven.pkg.jetbrains.space/public/p/compose/dev/jakarta/platform/jakartaee-api-parent/9.1.0/jakartaee-api-parent-9.1.0.pom.sha512
00:20.531 DEBUG :Library-book-search:resolveDependenciesJvm DependencyFileImpl        Not found URL: https://repo1.maven.org/maven2/jakarta/platform/jakartaee-api-parent/9.1.0/jakartaee-api-parent-9.1.0.pom.sha256
00:20.708 DEBUG :Library-book-search:resolveDependenciesJvm DependencyFileImpl        Not found URL: https://maven.google.com/jakarta/platform/jakartaee-api-parent/9.1.0/jakartaee-api-parent-9.1.0.pom.sha256
00:20.735 DEBUG :Library-book-search:resolveDependenciesJvm DependencyFileImpl        Not found URL: https://maven.pkg.jetbrains.space/public/p/compose/dev/jakarta/platform/jakartaee-api-parent/9.1.0/jakartaee-api-parent-9.1.0.pom.sha256
00:20.756 DEBUG :Library-book-search:resolveDependenciesJvm DependencyFileImpl        Downloaded https://repo1.maven.org/maven2/jakarta/platform/jakartaee-api-parent/9.1.0/jakartaee-api-parent-9.1.0.pom.sha1 for the dependency jakarta.platform:jakartaee-api-parent:9.1.0
00:20.778 DEBUG :Library-book-search:resolveDependenciesJvm DependencyFileImpl        Downloaded https://repo1.maven.org/maven2/jakarta/platform/jakartaee-api-parent/9.1.0/jakartaee-api-parent-9.1.0.pom for the dependency jakarta.platform:jakartaee-api-parent:9.1.0
00:20.829 DEBUG :Library-book-search:resolveDependenciesJvm DependencyFileImpl        Not found URL: https://repo1.maven.org/maven2/org/eclipse/ee4j/project/1.0.7/project-1.0.7.pom.sha512
00:20.902 DEBUG :Library-book-search:resolveDependenciesJvm DependencyFileImpl        Not found URL: https://maven.google.com/org/eclipse/ee4j/project/1.0.7/project-1.0.7.pom.sha512
00:20.928 DEBUG :Library-book-search:resolveDependenciesJvm DependencyFileImpl        Not found URL: https://maven.pkg.jetbrains.space/public/p/compose/dev/org/eclipse/ee4j/project/1.0.7/project-1.0.7.pom.sha512
00:20.959 DEBUG :Library-book-search:resolveDependenciesJvm DependencyFileImpl        Not found URL: https://repo1.maven.org/maven2/org/eclipse/ee4j/project/1.0.7/project-1.0.7.pom.sha256
00:21.005 DEBUG :Library-book-search:resolveDependenciesJvm DependencyFileImpl        Not found URL: https://maven.google.com/org/eclipse/ee4j/project/1.0.7/project-1.0.7.pom.sha256
00:21.056 DEBUG :Library-book-search:resolveDependenciesJvm DependencyFileImpl        Not found URL: https://maven.pkg.jetbrains.space/public/p/compose/dev/org/eclipse/ee4j/project/1.0.7/project-1.0.7.pom.sha256
00:21.074 DEBUG :Library-book-search:resolveDependenciesJvm DependencyFileImpl        Downloaded https://repo1.maven.org/maven2/org/eclipse/ee4j/project/1.0.7/project-1.0.7.pom.sha1 for the dependency org.eclipse.ee4j:project:1.0.7
00:21.092 DEBUG :Library-book-search:resolveDependenciesJvm DependencyFileImpl        Downloaded https://repo1.maven.org/maven2/org/eclipse/ee4j/project/1.0.7/project-1.0.7.pom for the dependency org.eclipse.ee4j:project:1.0.7
00:21.119 DEBUG :Library-book-search:resolveDependenciesJvm DependencyFileImpl        Downloaded https://repo1.maven.org/maven2/org/junit/junit-bom/5.10.3/junit-bom-5.10.3.pom.sha512 for the dependency org.junit:junit-bom:5.10.3
00:21.139 DEBUG :Library-book-search:resolveDependenciesJvm DependencyFileImpl        Downloaded https://repo1.maven.org/maven2/org/junit/junit-bom/5.10.3/junit-bom-5.10.3.pom for the dependency org.junit:junit-bom:5.10.3
00:21.319 DEBUG :Library-book-search:resolveDependenciesJvm DependencyFileImpl        Downloaded https://repo1.maven.org/maven2/org/mockito/mockito-bom/4.11.0/mockito-bom-4.11.0.pom.sha512 for the dependency org.mockito:mockito-bom:4.11.0
00:21.337 DEBUG :Library-book-search:resolveDependenciesJvm DependencyFileImpl        Downloaded https://repo1.maven.org/maven2/org/mockito/mockito-bom/4.11.0/mockito-bom-4.11.0.pom for the dependency org.mockito:mockito-bom:4.11.0
00:21.377 DEBUG :Library-book-search:resolveDependenciesJvm DependencyFileImpl        Not found URL: https://repo1.maven.org/maven2/org/springframework/spring-framework-bom/5.3.39/spring-framework-bom-5.3.39.pom.sha512
00:21.442 DEBUG :Library-book-search:resolveDependenciesJvm DependencyFileImpl        Not found URL: https://maven.google.com/org/springframework/spring-framework-bom/5.3.39/spring-framework-bom-5.3.39.pom.sha512
00:21.465 DEBUG :Library-book-search:resolveDependenciesJvm DependencyFileImpl        Not found URL: https://maven.pkg.jetbrains.space/public/p/compose/dev/org/springframework/spring-framework-bom/5.3.39/spring-framework-bom-5.3.39.pom.sha512
00:21.503 DEBUG :Library-book-search:resolveDependenciesJvm DependencyFileImpl        Not found URL: https://repo1.maven.org/maven2/org/springframework/spring-framework-bom/5.3.39/spring-framework-bom-5.3.39.pom.sha256
00:21.574 DEBUG :Library-book-search:resolveDependenciesJvm DependencyFileImpl        Not found URL: https://maven.google.com/org/springframework/spring-framework-bom/5.3.39/spring-framework-bom-5.3.39.pom.sha256
00:21.601 DEBUG :Library-book-search:resolveDependenciesJvm DependencyFileImpl        Not found URL: https://maven.pkg.jetbrains.space/public/p/compose/dev/org/springframework/spring-framework-bom/5.3.39/spring-framework-bom-5.3.39.pom.sha256
00:21.620 DEBUG :Library-book-search:resolveDependenciesJvm DependencyFileImpl        Downloaded https://repo1.maven.org/maven2/org/springframework/spring-framework-bom/5.3.39/spring-framework-bom-5.3.39.pom.sha1 for the dependency org.springframework:spring-framework-bom:5.3.39
00:21.636 DEBUG :Library-book-search:resolveDependenciesJvm DependencyFileImpl        Downloaded https://repo1.maven.org/maven2/org/springframework/spring-framework-bom/5.3.39/spring-framework-bom-5.3.39.pom for the dependency org.springframework:spring-framework-bom:5.3.39
00:21.905 DEBUG :Library-book-search:resolveDependenciesJvm DependencyFileImpl        Downloaded https://repo1.maven.org/maven2/org/jetbrains/kotlinx/dataframe-excel/1.0.0-Beta4/dataframe-excel-1.0.0-Beta4.jar for the dependency org.jetbrains.kotlinx:dataframe-excel:1.0.0-Beta4
00:21.965 DEBUG :Library-book-search:resolveDependenciesJvm DependencyFileImpl        Downloaded https://repo1.maven.org/maven2/io/github/oshai/kotlin-logging-jvm/7.0.13/kotlin-logging-jvm-7.0.13.jar for the dependency io.github.oshai:kotlin-logging-jvm:7.0.13
00:21.967 DEBUG :Library-book-search:resolveDependenciesJvm DependencyFileImpl        Downloaded https://repo1.maven.org/maven2/org/jetbrains/kotlinx/dataframe/1.0.0-Beta4/dataframe-1.0.0-Beta4.jar for the dependency org.jetbrains.kotlinx:dataframe:1.0.0-Beta4
00:21.968 DEBUG :Library-book-search:resolveDependenciesJvm DependencyFileImpl        Downloaded https://repo1.maven.org/maven2/org/jetbrains/kotlinx/dataframe-json/1.0.0-Beta4/dataframe-json-1.0.0-Beta4.jar for the dependency org.jetbrains.kotlinx:dataframe-json:1.0.0-Beta4
00:22.012 DEBUG :Library-book-search:resolveDependenciesJvm DependencyFileImpl        Downloaded https://repo1.maven.org/maven2/org/jetbrains/kotlinx/dataframe-jdbc/1.0.0-Beta4/dataframe-jdbc-1.0.0-Beta4.jar for the dependency org.jetbrains.kotlinx:dataframe-jdbc:1.0.0-Beta4
00:22.071 DEBUG :Library-book-search:resolveDependenciesJvm DependencyFileImpl        Not found URL: https://repo1.maven.org/maven2/org/apache/commons/commons-compress/1.28.0/commons-compress-1.28.0.jar.sha512
00:22.102 DEBUG :Library-book-search:resolveDependenciesJvm DependencyFileImpl        Downloaded https://repo1.maven.org/maven2/org/jetbrains/kotlinx/dataframe-arrow/1.0.0-Beta4/dataframe-arrow-1.0.0-Beta4.jar for the dependency org.jetbrains.kotlinx:dataframe-arrow:1.0.0-Beta4
00:22.119 DEBUG :Library-book-search:resolveDependenciesJvm DependencyFileImpl        Downloaded https://repo1.maven.org/maven2/org/jetbrains/kotlinx/dataframe-csv/1.0.0-Beta4/dataframe-csv-1.0.0-Beta4.jar for the dependency org.jetbrains.kotlinx:dataframe-csv:1.0.0-Beta4
00:22.119 DEBUG :Library-book-search:resolveDependenciesJvm DependencyFileImpl        Downloaded https://repo1.maven.org/maven2/com/squareup/kotlinpoet-jvm/2.2.0/kotlinpoet-jvm-2.2.0.jar for the dependency com.squareup:kotlinpoet-jvm:2.2.0
00:22.126 DEBUG :Library-book-search:resolveDependenciesJvm DependencyFileImpl        Downloaded https://repo1.maven.org/maven2/io/deephaven/deephaven-csv/0.18.0/deephaven-csv-0.18.0.jar for the dependency io.deephaven:deephaven-csv:0.18.0
00:22.152 DEBUG :Library-book-search:resolveDependenciesJvm DependencyFileImpl        Downloaded https://repo1.maven.org/maven2/com/fasterxml/jackson/core/jackson-core/2.18.3/jackson-core-2.18.3.jar for the dependency com.fasterxml.jackson.core:jackson-core:2.18.3
00:22.166 DEBUG :Library-book-search:resolveDependenciesJvm DependencyFileImpl        Downloaded https://repo1.maven.org/maven2/org/jetbrains/kotlinx/kotlinx-datetime-jvm/0.7.1-0.6.x-compat/kotlinx-datetime-jvm-0.7.1-0.6.x-compat.jar for the dependency org.jetbrains.kotlinx:kotlinx-datetime-jvm:0.7.1-0.6.x-compat
00:22.177 DEBUG :Library-book-search:resolveDependenciesJvm DependencyFileImpl        Downloaded https://repo1.maven.org/maven2/com/fasterxml/jackson/core/jackson-annotations/2.18.3/jackson-annotations-2.18.3.jar for the dependency com.fasterxml.jackson.core:jackson-annotations:2.18.3
00:22.199 DEBUG :Library-book-search:resolveDependenciesJvm DependencyFileImpl        Downloaded https://repo1.maven.org/maven2/org/jetbrains/kotlinx/kotlinx-serialization-json-jvm/1.9.0/kotlinx-serialization-json-jvm-1.9.0.jar for the dependency org.jetbrains.kotlinx:kotlinx-serialization-json-jvm:1.9.0
00:22.206 DEBUG :Library-book-search:resolveDependenciesJvm DependencyFileImpl        Downloaded https://repo1.maven.org/maven2/com/fasterxml/jackson/core/jackson-databind/2.18.3/jackson-databind-2.18.3.jar for the dependency com.fasterxml.jackson.core:jackson-databind:2.18.3
00:22.207 DEBUG :Library-book-search:resolveDependenciesJvm DependencyFileImpl        Downloaded https://repo1.maven.org/maven2/org/jetbrains/kotlinx/kotlinx-serialization-core-jvm/1.9.0/kotlinx-serialization-core-jvm-1.9.0.jar for the dependency org.jetbrains.kotlinx:kotlinx-serialization-core-jvm:1.9.0
00:22.207 DEBUG :Library-book-search:resolveDependenciesJvm DependencyFileImpl        Not found URL: https://repo1.maven.org/maven2/org/apache/commons/commons-lang3/3.18.0/commons-lang3-3.18.0.jar.sha512
00:22.209 DEBUG :Library-book-search:resolveDependenciesJvm DependencyFileImpl        Downloaded https://repo1.maven.org/maven2/org/jetbrains/kotlinx/dataframe-core/1.0.0-Beta4/dataframe-core-1.0.0-Beta4.jar for the dependency org.jetbrains.kotlinx:dataframe-core:1.0.0-Beta4
00:22.236 DEBUG :Library-book-search:resolveDependenciesJvm DependencyFileImpl        Not found URL: https://repo1.maven.org/maven2/commons-io/commons-io/2.20.0/commons-io-2.20.0.jar.sha512
00:22.268 DEBUG :Library-book-search:resolveDependenciesJvm DependencyFileImpl        Downloaded https://repo1.maven.org/maven2/ch/randelshofer/fastdoubleparser/2.0.1/fastdoubleparser-2.0.1.jar.sha512 for the dependency ch.randelshofer:fastdoubleparser:2.0.1
00:22.346 DEBUG :Library-book-search:resolveDependenciesJvm DependencyFileImpl        Downloaded https://repo1.maven.org/maven2/org/apache/xmlbeans/xmlbeans/5.3.0/xmlbeans-5.3.0.jar.sha512 for the dependency org.apache.xmlbeans:xmlbeans:5.3.0
00:22.351 DEBUG :Library-book-search:resolveDependenciesJvm DependencyFileImpl        Not found URL: https://repo1.maven.org/maven2/com/zaxxer/SparseBitSet/1.3/SparseBitSet-1.3.jar.sha512
00:22.352 DEBUG :Library-book-search:resolveDependenciesJvm DependencyFileImpl        Not found URL: https://repo1.maven.org/maven2/org/apache/arrow/arrow-memory-unsafe/18.3.0/arrow-memory-unsafe-18.3.0.jar.sha512
00:22.367 DEBUG :Library-book-search:resolveDependenciesJvm DependencyFileImpl        Not found URL: https://repo1.maven.org/maven2/org/apache/commons/commons-math3/3.6.1/commons-math3-3.6.1.jar.sha512
00:22.368 DEBUG :Library-book-search:resolveDependenciesJvm DependencyFileImpl        Downloaded https://repo1.maven.org/maven2/org/apache/poi/poi-ooxml-lite/5.5.0/poi-ooxml-lite-5.5.0.jar.sha512 for the dependency org.apache.poi:poi-ooxml-lite:5.5.0
00:22.377 DEBUG :Library-book-search:resolveDependenciesJvm DependencyFileImpl        Downloaded https://repo1.maven.org/maven2/org/apache/poi/poi/5.5.0/poi-5.5.0.jar.sha512 for the dependency org.apache.poi:poi:5.5.0
00:22.409 DEBUG :Library-book-search:resolveDependenciesJvm DependencyFileImpl        Not found URL: https://repo1.maven.org/maven2/org/jetbrains/kotlin/kotlin-reflect/2.2.21/kotlin-reflect-2.2.21.jar.sha512
00:22.411 DEBUG :Library-book-search:resolveDependenciesJvm DependencyFileImpl        Not found URL: https://repo1.maven.org/maven2/org/apache/arrow/arrow-dataset/18.3.0/arrow-dataset-18.3.0.jar.sha512
00:22.441 DEBUG :Library-book-search:resolveDependenciesJvm DependencyFileImpl        Not found URL: https://repo1.maven.org/maven2/org/apache/arrow/arrow-format/18.3.0/arrow-format-18.3.0.jar.sha512
00:22.442 DEBUG :Library-book-search:resolveDependenciesJvm DependencyFileImpl        Not found URL: https://repo1.maven.org/maven2/org/apache/commons/commons-csv/1.14.1/commons-csv-1.14.1.jar.sha512
00:22.443 DEBUG :Library-book-search:resolveDependenciesJvm DependencyFileImpl        Downloaded https://repo1.maven.org/maven2/org/apache/poi/poi-ooxml/5.5.0/poi-ooxml-5.5.0.jar.sha512 for the dependency org.apache.poi:poi-ooxml:5.5.0
00:22.444 DEBUG :Library-book-search:resolveDependenciesJvm DependencyFileImpl        Not found URL: https://repo1.maven.org/maven2/com/github/virtuald/curvesapi/1.08/curvesapi-1.08.jar.sha512
00:22.509 DEBUG :Library-book-search:resolveDependenciesJvm DependencyFileImpl        Not found URL: https://maven.google.com/org/apache/commons/commons-compress/1.28.0/commons-compress-1.28.0.jar.sha512
00:22.511 DEBUG :Library-book-search:resolveDependenciesJvm DependencyFileImpl        Not found URL: https://maven.google.com/com/fasterxml/jackson/datatype/jackson-datatype-jsr310/2.18.3/jackson-datatype-jsr310-2.18.3.jar
00:22.513 DEBUG :Library-book-search:resolveDependenciesJvm DependencyFileImpl        Not found URL: https://repo1.maven.org/maven2/com/google/flatbuffers/flatbuffers-java/25.2.10/flatbuffers-java-25.2.10.jar.sha512
00:22.522 DEBUG :Library-book-search:resolveDependenciesJvm DependencyFileImpl        Not found URL: https://maven.google.com/org/apache/commons/commons-lang3/3.18.0/commons-lang3-3.18.0.jar.sha512
00:22.525 DEBUG :Library-book-search:resolveDependenciesJvm DependencyFileImpl        Not found URL: https://maven.google.com/commons-io/commons-io/2.20.0/commons-io-2.20.0.jar.sha512
00:22.531 DEBUG :Library-book-search:resolveDependenciesJvm DependencyFileImpl        Not found URL: https://repo1.maven.org/maven2/org/apache/commons/commons-collections4/4.5.0/commons-collections4-4.5.0.jar.sha512
00:22.564 DEBUG :Library-book-search:resolveDependenciesJvm DependencyFileImpl        Downloaded https://repo1.maven.org/maven2/ch/randelshofer/fastdoubleparser/2.0.1/fastdoubleparser-2.0.1.jar for the dependency ch.randelshofer:fastdoubleparser:2.0.1
00:22.580 DEBUG :Library-book-search:resolveDependenciesJvm DependencyFileImpl        Not found URL: https://repo1.maven.org/maven2/org/apache/logging/log4j/log4j-api/2.24.3/log4j-api-2.24.3.jar.sha512
00:22.586 DEBUG :Library-book-search:resolveDependenciesJvm DependencyFileImpl        Not found URL: https://maven.google.com/com/zaxxer/SparseBitSet/1.3/SparseBitSet-1.3.jar.sha512
00:22.593 DEBUG :Library-book-search:resolveDependenciesJvm DependencyFileImpl        Not found URL: https://repo1.maven.org/maven2/org/apache/arrow/arrow-vector/18.3.0/arrow-vector-18.3.0.jar.sha512
00:22.602 DEBUG :Library-book-search:resolveDependenciesJvm DependencyFileImpl        Not found URL: https://maven.google.com/org/apache/arrow/arrow-memory-unsafe/18.3.0/arrow-memory-unsafe-18.3.0.jar.sha512
00:22.605 DEBUG :Library-book-search:resolveDependenciesJvm DependencyFileImpl        Not found URL: https://maven.google.com/org/apache/commons/commons-math3/3.6.1/commons-math3-3.6.1.jar.sha512
00:22.636 DEBUG :Library-book-search:resolveDependenciesJvm DependencyFileImpl        Downloaded https://repo1.maven.org/maven2/org/apache/xmlbeans/xmlbeans/5.3.0/xmlbeans-5.3.0.jar for the dependency org.apache.xmlbeans:xmlbeans:5.3.0
00:22.642 DEBUG :Library-book-search:resolveDependenciesJvm DependencyFileImpl        Not found URL: https://repo1.maven.org/maven2/org/apache/arrow/arrow-c-data/18.3.0/arrow-c-data-18.3.0.jar.sha512
00:22.652 DEBUG :Library-book-search:resolveDependenciesJvm DependencyFileImpl        Not found URL: https://repo1.maven.org/maven2/org/apache/arrow/arrow-memory-core/18.3.0/arrow-memory-core-18.3.0.jar.sha512
00:22.654 DEBUG :Library-book-search:resolveDependenciesJvm DependencyFileImpl        Not found URL: https://maven.google.com/org/jetbrains/kotlin/kotlin-reflect/2.2.21/kotlin-reflect-2.2.21.jar.sha512
00:22.656 DEBUG :Library-book-search:resolveDependenciesJvm DependencyFileImpl        Not found URL: https://maven.google.com/org/apache/arrow/arrow-dataset/18.3.0/arrow-dataset-18.3.0.jar.sha512
00:22.669 DEBUG :Library-book-search:resolveDependenciesJvm DependencyFileImpl        Not found URL: https://maven.google.com/com/github/virtuald/curvesapi/1.08/curvesapi-1.08.jar.sha512
00:22.670 DEBUG :Library-book-search:resolveDependenciesJvm DependencyFileImpl        Not found URL: https://maven.pkg.jetbrains.space/public/p/compose/dev/org/apache/commons/commons-compress/1.28.0/commons-compress-1.28.0.jar.sha512
00:22.670 DEBUG :Library-book-search:resolveDependenciesJvm DependencyFileImpl        Not found URL: https://maven.google.com/org/apache/commons/commons-csv/1.14.1/commons-csv-1.14.1.jar.sha512
00:22.675 DEBUG :Library-book-search:resolveDependenciesJvm DependencyFileImpl        Not found URL: https://maven.google.com/org/apache/arrow/arrow-format/18.3.0/arrow-format-18.3.0.jar.sha512
00:22.679 DEBUG :Library-book-search:resolveDependenciesJvm DependencyFileImpl        Not found URL: https://maven.pkg.jetbrains.space/public/p/compose/dev/com/fasterxml/jackson/datatype/jackson-datatype-jsr310/2.18.3/jackson-datatype-jsr310-2.18.3.jar
00:22.687 DEBUG :Library-book-search:resolveDependenciesJvm DependencyFileImpl        Not found URL: https://maven.pkg.jetbrains.space/public/p/compose/dev/org/apache/commons/commons-lang3/3.18.0/commons-lang3-3.18.0.jar.sha512
00:22.689 DEBUG :Library-book-search:resolveDependenciesJvm DependencyFileImpl        Downloaded https://repo1.maven.org/maven2/org/apache/poi/poi/5.5.0/poi-5.5.0.jar for the dependency org.apache.poi:poi:5.5.0
00:22.696 DEBUG :Library-book-search:resolveDependenciesJvm DependencyFileImpl        Not found URL: https://maven.pkg.jetbrains.space/public/p/compose/dev/commons-io/commons-io/2.20.0/commons-io-2.20.0.jar.sha512
00:22.703 DEBUG :Library-book-search:resolveDependenciesJvm DependencyFileImpl        Not found URL: https://maven.pkg.jetbrains.space/public/p/compose/dev/com/zaxxer/SparseBitSet/1.3/SparseBitSet-1.3.jar.sha512
00:22.719 DEBUG :Library-book-search:resolveDependenciesJvm DependencyFileImpl        Not found URL: https://maven.pkg.jetbrains.space/public/p/compose/dev/org/apache/commons/commons-math3/3.6.1/commons-math3-3.6.1.jar.sha512
00:22.720 DEBUG :Library-book-search:resolveDependenciesJvm DependencyFileImpl        Not found URL: https://maven.pkg.jetbrains.space/public/p/compose/dev/org/apache/arrow/arrow-memory-unsafe/18.3.0/arrow-memory-unsafe-18.3.0.jar.sha512
00:22.733 DEBUG :Library-book-search:resolveDependenciesJvm DependencyFileImpl        Not found URL: https://maven.google.com/org/apache/commons/commons-collections4/4.5.0/commons-collections4-4.5.0.jar.sha512
00:22.735 DEBUG :Library-book-search:resolveDependenciesJvm DependencyFileImpl        Not found URL: https://maven.google.com/com/google/flatbuffers/flatbuffers-java/25.2.10/flatbuffers-java-25.2.10.jar.sha512
00:22.745 DEBUG :Library-book-search:resolveDependenciesJvm DependencyFileImpl        Not found URL: https://maven.pkg.jetbrains.space/public/p/compose/dev/org/apache/arrow/arrow-dataset/18.3.0/arrow-dataset-18.3.0.jar.sha512
00:22.748 DEBUG :Library-book-search:resolveDependenciesJvm DependencyFileImpl        Not found URL: https://maven.pkg.jetbrains.space/public/p/compose/dev/org/jetbrains/kotlin/kotlin-reflect/2.2.21/kotlin-reflect-2.2.21.jar.sha512
00:22.760 DEBUG :Library-book-search:resolveDependenciesJvm DependencyFileImpl        Not found URL: https://maven.google.com/org/apache/arrow/arrow-vector/18.3.0/arrow-vector-18.3.0.jar.sha512
00:22.760 DEBUG :Library-book-search:resolveDependenciesJvm DependencyFileImpl        Not found URL: https://maven.pkg.jetbrains.space/public/p/compose/dev/com/github/virtuald/curvesapi/1.08/curvesapi-1.08.jar.sha512
00:22.773 DEBUG :Library-book-search:resolveDependenciesJvm DependencyFileImpl        Not found URL: https://maven.google.com/org/apache/arrow/arrow-c-data/18.3.0/arrow-c-data-18.3.0.jar.sha512
00:22.773 DEBUG :Library-book-search:resolveDependenciesJvm DependencyFileImpl        Not found URL: https://maven.google.com/org/apache/arrow/arrow-memory-core/18.3.0/arrow-memory-core-18.3.0.jar.sha512
00:22.778 DEBUG :Library-book-search:resolveDependenciesJvm DependencyFileImpl        Not found URL: https://maven.pkg.jetbrains.space/public/p/compose/dev/org/apache/arrow/arrow-format/18.3.0/arrow-format-18.3.0.jar.sha512
00:22.778 DEBUG :Library-book-search:resolveDependenciesJvm DependencyFileImpl        Not found URL: https://maven.pkg.jetbrains.space/public/p/compose/dev/org/apache/commons/commons-csv/1.14.1/commons-csv-1.14.1.jar.sha512
00:22.790 DEBUG :Library-book-search:resolveDependenciesJvm DependencyFileImpl        Downloaded https://repo1.maven.org/maven2/org/apache/poi/poi-ooxml-lite/5.5.0/poi-ooxml-lite-5.5.0.jar for the dependency org.apache.poi:poi-ooxml-lite:5.5.0
00:22.813 DEBUG :Library-book-search:resolveDependenciesJvm DependencyFileImpl        Not found URL: https://repo1.maven.org/maven2/org/apache/commons/commons-math3/3.6.1/commons-math3-3.6.1.jar.sha256
00:22.813 DEBUG :Library-book-search:resolveDependenciesJvm DependencyFileImpl        Not found URL: https://repo1.maven.org/maven2/commons-io/commons-io/2.20.0/commons-io-2.20.0.jar.sha256
00:22.814 DEBUG :Library-book-search:resolveDependenciesJvm DependencyFileImpl        Not found URL: https://maven.pkg.jetbrains.space/public/p/compose/dev/org/apache/commons/commons-collections4/4.5.0/commons-collections4-4.5.0.jar.sha512
00:22.820 DEBUG :Library-book-search:resolveDependenciesJvm DependencyFileImpl        Downloaded https://repo1.maven.org/maven2/org/apache/poi/poi-ooxml/5.5.0/poi-ooxml-5.5.0.jar for the dependency org.apache.poi:poi-ooxml:5.5.0
00:22.838 DEBUG :Library-book-search:resolveDependenciesJvm DependencyFileImpl        Not found URL: https://maven.pkg.jetbrains.space/public/p/compose/dev/com/google/flatbuffers/flatbuffers-java/25.2.10/flatbuffers-java-25.2.10.jar.sha512
00:22.844 DEBUG :Library-book-search:resolveDependenciesJvm DependencyFileImpl        Not found URL: https://maven.pkg.jetbrains.space/public/p/compose/dev/org/apache/arrow/arrow-vector/18.3.0/arrow-vector-18.3.0.jar.sha512
00:22.871 DEBUG :Library-book-search:resolveDependenciesJvm DependencyFileImpl        Not found URL: https://maven.pkg.jetbrains.space/public/p/compose/dev/org/apache/arrow/arrow-memory-core/18.3.0/arrow-memory-core-18.3.0.jar.sha512
00:22.887 DEBUG :Library-book-search:resolveDependenciesJvm DependencyFileImpl        Not found URL: https://maven.google.com/org/apache/logging/log4j/log4j-api/2.24.3/log4j-api-2.24.3.jar.sha512
00:22.896 DEBUG :Library-book-search:resolveDependenciesJvm DependencyFileImpl        Not found URL: https://maven.pkg.jetbrains.space/public/p/compose/dev/org/apache/arrow/arrow-c-data/18.3.0/arrow-c-data-18.3.0.jar.sha512
00:22.937 DEBUG :Library-book-search:resolveDependenciesJvm DependencyFileImpl        Not found URL: https://repo1.maven.org/maven2/org/apache/commons/commons-compress/1.28.0/commons-compress-1.28.0.jar.sha256
00:22.968 DEBUG :Library-book-search:resolveDependenciesJvm DependencyFileImpl        Not found URL: https://repo1.maven.org/maven2/org/apache/commons/commons-lang3/3.18.0/commons-lang3-3.18.0.jar.sha256
00:22.987 DEBUG :Library-book-search:resolveDependenciesJvm DependencyFileImpl        Not found URL: https://repo1.maven.org/maven2/com/fasterxml/jackson/datatype/jackson-datatype-jsr310/2.18.3/jackson-datatype-jsr310-2.18.3.jar.sha512
00:22.989 DEBUG :Library-book-search:resolveDependenciesJvm DependencyFileImpl        Not found URL: https://repo1.maven.org/maven2/com/zaxxer/SparseBitSet/1.3/SparseBitSet-1.3.jar.sha256
00:23.003 DEBUG :Library-book-search:resolveDependenciesJvm DependencyFileImpl        Not found URL: https://maven.google.com/commons-io/commons-io/2.20.0/commons-io-2.20.0.jar.sha256
00:23.008 DEBUG :Library-book-search:resolveDependenciesJvm DependencyFileImpl        Not found URL: https://repo1.maven.org/maven2/org/jetbrains/kotlin/kotlin-reflect/2.2.21/kotlin-reflect-2.2.21.jar.sha256
00:23.046 DEBUG :Library-book-search:resolveDependenciesJvm DependencyFileImpl        Not found URL: https://maven.google.com/org/apache/commons/commons-math3/3.6.1/commons-math3-3.6.1.jar.sha256
00:23.054 DEBUG :Library-book-search:resolveDependenciesJvm DependencyFileImpl        Not found URL: https://repo1.maven.org/maven2/com/github/virtuald/curvesapi/1.08/curvesapi-1.08.jar.sha256
00:23.061 DEBUG :Library-book-search:resolveDependenciesJvm DependencyFileImpl        Not found URL: https://repo1.maven.org/maven2/org/apache/arrow/arrow-memory-unsafe/18.3.0/arrow-memory-unsafe-18.3.0.jar.sha256
00:23.062 DEBUG :Library-book-search:resolveDependenciesJvm DependencyFileImpl        Not found URL: https://repo1.maven.org/maven2/org/apache/arrow/arrow-dataset/18.3.0/arrow-dataset-18.3.0.jar.sha256
00:23.070 DEBUG :Library-book-search:resolveDependenciesJvm DependencyFileImpl        Not found URL: https://maven.pkg.jetbrains.space/public/p/compose/dev/org/apache/logging/log4j/log4j-api/2.24.3/log4j-api-2.24.3.jar.sha512
00:23.106 DEBUG :Library-book-search:resolveDependenciesJvm DependencyFileImpl        Not found URL: https://repo1.maven.org/maven2/org/apache/arrow/arrow-format/18.3.0/arrow-format-18.3.0.jar.sha256
00:23.124 DEBUG :Library-book-search:resolveDependenciesJvm DependencyFileImpl        Not found URL: https://repo1.maven.org/maven2/org/apache/commons/commons-csv/1.14.1/commons-csv-1.14.1.jar.sha256
00:23.127 DEBUG :Library-book-search:resolveDependenciesJvm DependencyFileImpl        Not found URL: https://maven.google.com/org/apache/commons/commons-lang3/3.18.0/commons-lang3-3.18.0.jar.sha256
00:23.132 DEBUG :Library-book-search:resolveDependenciesJvm DependencyFileImpl        Not found URL: https://maven.google.com/org/apache/commons/commons-compress/1.28.0/commons-compress-1.28.0.jar.sha256
00:23.140 DEBUG :Library-book-search:resolveDependenciesJvm DependencyFileImpl        Not found URL: https://maven.google.com/com/fasterxml/jackson/datatype/jackson-datatype-jsr310/2.18.3/jackson-datatype-jsr310-2.18.3.jar.sha512
00:23.154 DEBUG :Library-book-search:resolveDependenciesJvm DependencyFileImpl        Not found URL: https://maven.pkg.jetbrains.space/public/p/compose/dev/commons-io/commons-io/2.20.0/commons-io-2.20.0.jar.sha256
00:23.158 DEBUG :Library-book-search:resolveDependenciesJvm DependencyFileImpl        Not found URL: https://repo1.maven.org/maven2/org/apache/commons/commons-collections4/4.5.0/commons-collections4-4.5.0.jar.sha256
00:23.159 DEBUG :Library-book-search:resolveDependenciesJvm DependencyFileImpl        Not found URL: https://maven.pkg.jetbrains.space/public/p/compose/dev/org/apache/commons/commons-math3/3.6.1/commons-math3-3.6.1.jar.sha256
00:23.173 DEBUG :Library-book-search:resolveDependenciesJvm DependencyFileImpl        Not found URL: https://maven.google.com/com/zaxxer/SparseBitSet/1.3/SparseBitSet-1.3.jar.sha256
00:23.193 DEBUG :Library-book-search:resolveDependenciesJvm DependencyFileImpl        Not found URL: https://maven.google.com/org/jetbrains/kotlin/kotlin-reflect/2.2.21/kotlin-reflect-2.2.21.jar.sha256
00:23.201 DEBUG :Library-book-search:resolveDependenciesJvm DependencyFileImpl        Not found URL: https://repo1.maven.org/maven2/org/apache/arrow/arrow-vector/18.3.0/arrow-vector-18.3.0.jar.sha256
00:23.202 DEBUG :Library-book-search:resolveDependenciesJvm DependencyFileImpl        Not found URL: https://maven.google.com/com/github/virtuald/curvesapi/1.08/curvesapi-1.08.jar.sha256
00:23.222 DEBUG :Library-book-search:resolveDependenciesJvm DependencyFileImpl        Not found URL: https://maven.google.com/org/apache/arrow/arrow-dataset/18.3.0/arrow-dataset-18.3.0.jar.sha256
00:23.222 DEBUG :Library-book-search:resolveDependenciesJvm DependencyFileImpl        Not found URL: https://maven.google.com/org/apache/arrow/arrow-memory-unsafe/18.3.0/arrow-memory-unsafe-18.3.0.jar.sha256
00:23.226 DEBUG :Library-book-search:resolveDependenciesJvm DependencyFileImpl        Not found URL: https://maven.pkg.jetbrains.space/public/p/compose/dev/org/apache/commons/commons-compress/1.28.0/commons-compress-1.28.0.jar.sha256
00:23.227 DEBUG :Library-book-search:resolveDependenciesJvm DependencyFileImpl        Not found URL: https://maven.pkg.jetbrains.space/public/p/compose/dev/org/apache/commons/commons-lang3/3.18.0/commons-lang3-3.18.0.jar.sha256
00:23.236 DEBUG :Library-book-search:resolveDependenciesJvm DependencyFileImpl        Not found URL: https://maven.google.com/org/apache/arrow/arrow-format/18.3.0/arrow-format-18.3.0.jar.sha256
00:23.240 DEBUG :Library-book-search:resolveDependenciesJvm DependencyFileImpl        Downloaded https://repo1.maven.org/maven2/commons-io/commons-io/2.20.0/commons-io-2.20.0.jar.sha1 for the dependency commons-io:commons-io:2.20.0
00:23.245 DEBUG :Library-book-search:resolveDependenciesJvm DependencyFileImpl        Downloaded https://repo1.maven.org/maven2/org/apache/commons/commons-math3/3.6.1/commons-math3-3.6.1.jar.sha1 for the dependency org.apache.commons:commons-math3:3.6.1
00:23.247 DEBUG :Library-book-search:resolveDependenciesJvm DependencyFileImpl        Not found URL: https://maven.pkg.jetbrains.space/public/p/compose/dev/com/fasterxml/jackson/datatype/jackson-datatype-jsr310/2.18.3/jackson-datatype-jsr310-2.18.3.jar.sha512
00:23.258 DEBUG :Library-book-search:resolveDependenciesJvm DependencyFileImpl        Not found URL: https://maven.google.com/org/apache/commons/commons-csv/1.14.1/commons-csv-1.14.1.jar.sha256
00:23.258 DEBUG :Library-book-search:resolveDependenciesJvm DependencyFileImpl        Not found URL: https://repo1.maven.org/maven2/com/google/flatbuffers/flatbuffers-java/25.2.10/flatbuffers-java-25.2.10.jar.sha256
00:23.264 DEBUG :Library-book-search:resolveDependenciesJvm DependencyFileImpl        Not found URL: https://maven.pkg.jetbrains.space/public/p/compose/dev/org/jetbrains/kotlin/kotlin-reflect/2.2.21/kotlin-reflect-2.2.21.jar.sha256
00:23.274 DEBUG :Library-book-search:resolveDependenciesJvm DependencyFileImpl        Not found URL: https://maven.pkg.jetbrains.space/public/p/compose/dev/com/github/virtuald/curvesapi/1.08/curvesapi-1.08.jar.sha256
00:23.283 DEBUG :Library-book-search:resolveDependenciesJvm DependencyFileImpl        Not found URL: https://maven.pkg.jetbrains.space/public/p/compose/dev/org/apache/arrow/arrow-dataset/18.3.0/arrow-dataset-18.3.0.jar.sha256
00:23.283 DEBUG :Library-book-search:resolveDependenciesJvm DependencyFileImpl        Not found URL: https://maven.pkg.jetbrains.space/public/p/compose/dev/org/apache/arrow/arrow-memory-unsafe/18.3.0/arrow-memory-unsafe-18.3.0.jar.sha256
00:23.286 DEBUG :Library-book-search:resolveDependenciesJvm DependencyFileImpl        Not found URL: https://maven.pkg.jetbrains.space/public/p/compose/dev/com/zaxxer/SparseBitSet/1.3/SparseBitSet-1.3.jar.sha256
00:23.288 DEBUG :Library-book-search:resolveDependenciesJvm DependencyFileImpl        Downloaded https://repo1.maven.org/maven2/org/apache/commons/commons-compress/1.28.0/commons-compress-1.28.0.jar.sha1 for the dependency org.apache.commons:commons-compress:1.28.0
00:23.295 DEBUG :Library-book-search:resolveDependenciesJvm DependencyFileImpl        Downloaded https://repo1.maven.org/maven2/org/apache/commons/commons-lang3/3.18.0/commons-lang3-3.18.0.jar.sha1 for the dependency org.apache.commons:commons-lang3:3.18.0
00:23.310 DEBUG :Library-book-search:resolveDependenciesJvm DependencyFileImpl        Not found URL: https://maven.pkg.jetbrains.space/public/p/compose/dev/org/apache/arrow/arrow-format/18.3.0/arrow-format-18.3.0.jar.sha256
00:23.314 DEBUG :Library-book-search:resolveDependenciesJvm DependencyFileImpl        Not found URL: https://maven.google.com/org/apache/arrow/arrow-vector/18.3.0/arrow-vector-18.3.0.jar.sha256
00:23.316 DEBUG :Library-book-search:resolveDependenciesJvm DependencyFileImpl        Not found URL: https://maven.google.com/org/apache/commons/commons-collections4/4.5.0/commons-collections4-4.5.0.jar.sha256
00:23.322 DEBUG :Library-book-search:resolveDependenciesJvm DependencyFileImpl        Downloaded https://repo1.maven.org/maven2/commons-io/commons-io/2.20.0/commons-io-2.20.0.jar for the dependency commons-io:commons-io:2.20.0
00:23.323 DEBUG :Library-book-search:resolveDependenciesJvm DependencyFileImpl        Not found URL: https://maven.pkg.jetbrains.space/public/p/compose/dev/org/apache/commons/commons-csv/1.14.1/commons-csv-1.14.1.jar.sha256
00:23.343 DEBUG :Library-book-search:resolveDependenciesJvm DependencyFileImpl        Not found URL: https://repo1.maven.org/maven2/org/apache/arrow/arrow-c-data/18.3.0/arrow-c-data-18.3.0.jar.sha256
00:23.354 DEBUG :Library-book-search:resolveDependenciesJvm DependencyFileImpl        Downloaded https://repo1.maven.org/maven2/org/apache/commons/commons-math3/3.6.1/commons-math3-3.6.1.jar for the dependency org.apache.commons:commons-math3:3.6.1
00:23.354 DEBUG :Library-book-search:resolveDependenciesJvm DependencyFileImpl        Not found URL: https://repo1.maven.org/maven2/org/apache/arrow/arrow-memory-core/18.3.0/arrow-memory-core-18.3.0.jar.sha256
00:23.355 DEBUG :Library-book-search:resolveDependenciesJvm DependencyFileImpl        Downloaded https://repo1.maven.org/maven2/org/jetbrains/kotlin/kotlin-reflect/2.2.21/kotlin-reflect-2.2.21.jar.sha1 for the dependency org.jetbrains.kotlin:kotlin-reflect:2.2.21
00:23.355 DEBUG :Library-book-search:resolveDependenciesJvm DependencyFileImpl        Downloaded https://repo1.maven.org/maven2/com/zaxxer/SparseBitSet/1.3/SparseBitSet-1.3.jar.sha1 for the dependency com.zaxxer:SparseBitSet:1.3
00:23.356 DEBUG :Library-book-search:resolveDependenciesJvm DependencyFileImpl        Downloaded https://repo1.maven.org/maven2/com/github/virtuald/curvesapi/1.08/curvesapi-1.08.jar.sha1 for the dependency com.github.virtuald:curvesapi:1.08
00:23.383 DEBUG :Library-book-search:resolveDependenciesJvm DependencyFileImpl        Not found URL: https://maven.pkg.jetbrains.space/public/p/compose/dev/org/apache/arrow/arrow-vector/18.3.0/arrow-vector-18.3.0.jar.sha256
00:23.398 DEBUG :Library-book-search:resolveDependenciesJvm DependencyFileImpl        Downloaded https://repo1.maven.org/maven2/org/apache/commons/commons-compress/1.28.0/commons-compress-1.28.0.jar for the dependency org.apache.commons:commons-compress:1.28.0
00:23.398 DEBUG :Library-book-search:resolveDependenciesJvm DependencyFileImpl        Downloaded https://repo1.maven.org/maven2/org/apache/commons/commons-csv/1.14.1/commons-csv-1.14.1.jar.sha1 for the dependency org.apache.commons:commons-csv:1.14.1
00:23.401 DEBUG :Library-book-search:resolveDependenciesJvm DependencyFileImpl        Downloaded https://repo1.maven.org/maven2/org/apache/arrow/arrow-format/18.3.0/arrow-format-18.3.0.jar.sha1 for the dependency org.apache.arrow:arrow-format:18.3.0
00:23.408 DEBUG :Library-book-search:resolveDependenciesJvm DependencyFileImpl        Downloaded https://repo1.maven.org/maven2/org/apache/commons/commons-lang3/3.18.0/commons-lang3-3.18.0.jar for the dependency org.apache.commons:commons-lang3:3.18.0
00:23.411 DEBUG :Library-book-search:resolveDependenciesJvm DependencyFileImpl        Not found URL: https://maven.pkg.jetbrains.space/public/p/compose/dev/org/apache/commons/commons-collections4/4.5.0/commons-collections4-4.5.0.jar.sha256
00:23.408 DEBUG :Library-book-search:resolveDependenciesJvm DependencyFileImpl        Downloaded https://repo1.maven.org/maven2/org/apache/arrow/arrow-dataset/18.3.0/arrow-dataset-18.3.0.jar.sha1 for the dependency org.apache.arrow:arrow-dataset:18.3.0
00:23.410 DEBUG :Library-book-search:resolveDependenciesJvm DependencyFileImpl        Not found URL: https://repo1.maven.org/maven2/org/apache/logging/log4j/log4j-api/2.24.3/log4j-api-2.24.3.jar.sha256
00:23.428 DEBUG :Library-book-search:resolveDependenciesJvm DependencyFileImpl        Downloaded https://repo1.maven.org/maven2/com/github/virtuald/curvesapi/1.08/curvesapi-1.08.jar for the dependency com.github.virtuald:curvesapi:1.08
00:23.430 DEBUG :Library-book-search:resolveDependenciesJvm DependencyFileImpl        Downloaded https://repo1.maven.org/maven2/org/apache/arrow/arrow-vector/18.3.0/arrow-vector-18.3.0.jar.sha1 for the dependency org.apache.arrow:arrow-vector:18.3.0
00:23.432 DEBUG :Library-book-search:resolveDependenciesJvm DependencyFileImpl        Downloaded https://repo1.maven.org/maven2/com/zaxxer/SparseBitSet/1.3/SparseBitSet-1.3.jar for the dependency com.zaxxer:SparseBitSet:1.3
00:23.444 DEBUG :Library-book-search:resolveDependenciesJvm DependencyFileImpl        Downloaded https://repo1.maven.org/maven2/org/apache/commons/commons-csv/1.14.1/commons-csv-1.14.1.jar for the dependency org.apache.commons:commons-csv:1.14.1
00:23.463 DEBUG :Library-book-search:resolveDependenciesJvm DependencyFileImpl        Not found URL: https://maven.google.com/org/apache/arrow/arrow-c-data/18.3.0/arrow-c-data-18.3.0.jar.sha256
00:23.473 DEBUG :Library-book-search:resolveDependenciesJvm DependencyFileImpl        Downloaded https://repo1.maven.org/maven2/org/apache/arrow/arrow-format/18.3.0/arrow-format-18.3.0.jar for the dependency org.apache.arrow:arrow-format:18.3.0
00:23.479 DEBUG :Library-book-search:resolveDependenciesJvm DependencyFileImpl        Not found URL: https://maven.google.com/org/apache/arrow/arrow-memory-core/18.3.0/arrow-memory-core-18.3.0.jar.sha256
00:23.494 DEBUG :Library-book-search:resolveDependenciesJvm DependencyFileImpl        Downloaded https://repo1.maven.org/maven2/org/apache/commons/commons-collections4/4.5.0/commons-collections4-4.5.0.jar.sha1 for the dependency org.apache.commons:commons-collections4:4.5.0
00:23.497 DEBUG :Library-book-search:resolveDependenciesJvm DependencyFileImpl        Downloaded https://repo1.maven.org/maven2/org/jetbrains/kotlin/kotlin-reflect/2.2.21/kotlin-reflect-2.2.21.jar for the dependency org.jetbrains.kotlin:kotlin-reflect:2.2.21
00:23.502 DEBUG :Library-book-search:resolveDependenciesJvm DependencyFileImpl        Not found URL: https://maven.pkg.jetbrains.space/public/p/compose/dev/org/apache/arrow/arrow-c-data/18.3.0/arrow-c-data-18.3.0.jar.sha256
00:23.506 DEBUG :Library-book-search:resolveDependenciesJvm DependencyFileImpl        Not found URL: https://maven.google.com/org/apache/logging/log4j/log4j-api/2.24.3/log4j-api-2.24.3.jar.sha256
00:23.508 DEBUG :Library-book-search:resolveDependenciesJvm DependencyFileImpl        Not found URL: https://maven.pkg.jetbrains.space/public/p/compose/dev/org/apache/arrow/arrow-memory-core/18.3.0/arrow-memory-core-18.3.0.jar.sha256
00:23.533 DEBUG :Library-book-search:resolveDependenciesJvm DependencyFileImpl        Downloaded https://repo1.maven.org/maven2/org/apache/arrow/arrow-memory-unsafe/18.3.0/arrow-memory-unsafe-18.3.0.jar.sha1 for the dependency org.apache.arrow:arrow-memory-unsafe:18.3.0
00:23.546 DEBUG :Library-book-search:resolveDependenciesJvm DependencyFileImpl        Not found URL: https://repo1.maven.org/maven2/com/fasterxml/jackson/datatype/jackson-datatype-jsr310/2.18.3/jackson-datatype-jsr310-2.18.3.jar.sha256
00:23.557 DEBUG :Library-book-search:resolveDependenciesJvm DependencyFileImpl        Downloaded https://repo1.maven.org/maven2/org/apache/arrow/arrow-memory-core/18.3.0/arrow-memory-core-18.3.0.jar.sha1 for the dependency org.apache.arrow:arrow-memory-core:18.3.0
00:23.559 DEBUG :Library-book-search:resolveDependenciesJvm DependencyFileImpl        Not found URL: https://maven.pkg.jetbrains.space/public/p/compose/dev/org/apache/logging/log4j/log4j-api/2.24.3/log4j-api-2.24.3.jar.sha256
00:23.572 DEBUG :Library-book-search:resolveDependenciesJvm DependencyFileImpl        Downloaded https://repo1.maven.org/maven2/org/apache/commons/commons-collections4/4.5.0/commons-collections4-4.5.0.jar for the dependency org.apache.commons:commons-collections4:4.5.0
00:23.578 DEBUG :Library-book-search:resolveDependenciesJvm DependencyFileImpl        Downloaded https://repo1.maven.org/maven2/org/apache/arrow/arrow-memory-unsafe/18.3.0/arrow-memory-unsafe-18.3.0.jar for the dependency org.apache.arrow:arrow-memory-unsafe:18.3.0
00:23.588 DEBUG :Library-book-search:resolveDependenciesJvm DependencyFileImpl        Not found URL: https://maven.google.com/com/google/flatbuffers/flatbuffers-java/25.2.10/flatbuffers-java-25.2.10.jar.sha256
00:23.593 DEBUG :Library-book-search:resolveDependenciesJvm DependencyFileImpl        Downloaded https://repo1.maven.org/maven2/org/apache/arrow/arrow-vector/18.3.0/arrow-vector-18.3.0.jar for the dependency org.apache.arrow:arrow-vector:18.3.0
00:23.594 DEBUG :Library-book-search:resolveDependenciesJvm DependencyFileImpl        Downloaded https://repo1.maven.org/maven2/org/apache/arrow/arrow-memory-core/18.3.0/arrow-memory-core-18.3.0.jar for the dependency org.apache.arrow:arrow-memory-core:18.3.0
00:23.595 DEBUG :Library-book-search:resolveDependenciesJvm DependencyFileImpl        Downloaded https://repo1.maven.org/maven2/org/apache/logging/log4j/log4j-api/2.24.3/log4j-api-2.24.3.jar.sha1 for the dependency org.apache.logging.log4j:log4j-api:2.24.3
00:23.615 DEBUG :Library-book-search:resolveDependenciesJvm DependencyFileImpl        Downloaded https://repo1.maven.org/maven2/org/apache/logging/log4j/log4j-api/2.24.3/log4j-api-2.24.3.jar for the dependency org.apache.logging.log4j:log4j-api:2.24.3
00:23.615 DEBUG :Library-book-search:resolveDependenciesJvm DependencyFileImpl        Not found URL: https://maven.google.com/com/fasterxml/jackson/datatype/jackson-datatype-jsr310/2.18.3/jackson-datatype-jsr310-2.18.3.jar.sha256
00:23.618 DEBUG :Library-book-search:resolveDependenciesJvm DependencyFileImpl        Not found URL: https://maven.pkg.jetbrains.space/public/p/compose/dev/com/google/flatbuffers/flatbuffers-java/25.2.10/flatbuffers-java-25.2.10.jar.sha256
00:23.637 DEBUG :Library-book-search:resolveDependenciesJvm DependencyFileImpl        Downloaded https://repo1.maven.org/maven2/com/google/flatbuffers/flatbuffers-java/25.2.10/flatbuffers-java-25.2.10.jar.sha1 for the dependency com.google.flatbuffers:flatbuffers-java:25.2.10
00:23.641 DEBUG :Library-book-search:resolveDependenciesJvm DependencyFileImpl        Not found URL: https://maven.pkg.jetbrains.space/public/p/compose/dev/com/fasterxml/jackson/datatype/jackson-datatype-jsr310/2.18.3/jackson-datatype-jsr310-2.18.3.jar.sha256
00:23.657 DEBUG :Library-book-search:resolveDependenciesJvm DependencyFileImpl        Downloaded https://repo1.maven.org/maven2/com/google/flatbuffers/flatbuffers-java/25.2.10/flatbuffers-java-25.2.10.jar for the dependency com.google.flatbuffers:flatbuffers-java:25.2.10
00:23.659 DEBUG :Library-book-search:resolveDependenciesJvm DependencyFileImpl        Downloaded https://repo1.maven.org/maven2/com/fasterxml/jackson/datatype/jackson-datatype-jsr310/2.18.3/jackson-datatype-jsr310-2.18.3.jar.sha1 for the dependency com.fasterxml.jackson.datatype:jackson-datatype-jsr310:2.18.3
00:23.735 DEBUG :Library-book-search:resolveDependenciesJvm DependencyFileImpl        Downloaded https://repo1.maven.org/maven2/org/apache/arrow/arrow-c-data/18.3.0/arrow-c-data-18.3.0.jar.sha1 for the dependency org.apache.arrow:arrow-c-data:18.3.0
00:23.763 DEBUG :Library-book-search:resolveDependenciesJvm DependencyFileImpl        Downloaded https://repo1.maven.org/maven2/org/apache/arrow/arrow-c-data/18.3.0/arrow-c-data-18.3.0.jar for the dependency org.apache.arrow:arrow-c-data:18.3.0
00:24.579 DEBUG :Library-book-search:resolveDependenciesJvm DependencyFileImpl        Downloaded https://repo1.maven.org/maven2/org/apache/arrow/arrow-dataset/18.3.0/arrow-dataset-18.3.0.jar for the dependency org.apache.arrow:arrow-dataset:18.3.0
00:24.782 DEBUG :Library-book-search:resolveDependenciesJvm DependencyFileImpl        Not found URL: https://repo1.maven.org/maven2/commons-codec/commons-codec/1.19.0/commons-codec-1.19.0.jar.sha512
00:24.866 DEBUG :Library-book-search:resolveDependenciesJvm DependencyFileImpl        Not found URL: https://maven.google.com/commons-codec/commons-codec/1.19.0/commons-codec-1.19.0.jar.sha512
00:24.891 DEBUG :Library-book-search:resolveDependenciesJvm DependencyFileImpl        Not found URL: https://maven.pkg.jetbrains.space/public/p/compose/dev/commons-codec/commons-codec/1.19.0/commons-codec-1.19.0.jar.sha512
00:25.134 DEBUG :Library-book-search:resolveDependenciesJvm DependencyFileImpl        Not found URL: https://repo1.maven.org/maven2/commons-codec/commons-codec/1.19.0/commons-codec-1.19.0.jar.sha256
00:25.206 DEBUG :Library-book-search:resolveDependenciesJvm DependencyFileImpl        Not found URL: https://maven.google.com/commons-codec/commons-codec/1.19.0/commons-codec-1.19.0.jar.sha256
00:25.235 DEBUG :Library-book-search:resolveDependenciesJvm DependencyFileImpl        Not found URL: https://maven.pkg.jetbrains.space/public/p/compose/dev/commons-codec/commons-codec/1.19.0/commons-codec-1.19.0.jar.sha256
00:25.255 DEBUG :Library-book-search:resolveDependenciesJvm DependencyFileImpl        Downloaded https://repo1.maven.org/maven2/commons-codec/commons-codec/1.19.0/commons-codec-1.19.0.jar.sha1 for the dependency commons-codec:commons-codec:1.19.0
00:25.287 DEBUG :Library-book-search:resolveDependenciesJvm DependencyFileImpl        Downloaded https://repo1.maven.org/maven2/commons-codec/commons-codec/1.19.0/commons-codec-1.19.0.jar for the dependency commons-codec:commons-codec:1.19.0
00:25.804 DEBUG :Library-book-search:resolveDependenciesJvm IncrementalCache          [inc] finished 'Module dependencies graph,/workspaces/2850MiniProject/Library-book-search,JVM,false,ResolutionConfigPlain(scope=COMPILE, platforms=[JVM], repositories=[https://repo1.maven.org/maven2]),false,true,NETWORK' in 21.765397552s
00:25.979 DEBUG :Library-book-search:resolveDependenciesJvm IncrementalCache          [inc] 'Module dependencies graph,/workspaces/2850MiniProject/Library-book-search,JVM,false,ResolutionConfigPlain(scope=COMPILE, platforms=[JVM], repositories=[https://repo1.maven.org/maven2]),false,true,NETWORK' changes: '/home/codespace/.cache/JetBrains/Amper/.m2.cache/org/jetbrains/kotlin/kotlin-reflect/2.1.21/kotlin-reflect-2.1.21.jar' DELETED, '/home/codespace/.cache/JetBrains/Amper/.m2.cache/org/jetbrains/kotlinx/kotlinx-serialization-core-jvm/1.8.1/kotlinx-serialization-core-jvm-1.8.1.jar' DELETED, '/home/codespace/.cache/JetBrains/Amper/.m2.cache/org/jetbrains/kotlinx/dataframe/1.0.0-Beta4/dataframe-1.0.0-Beta4.jar' CREATED, '/home/codespace/.cache/JetBrains/Amper/.m2.cache/org/jetbrains/kotlinx/dataframe-core/1.0.0-Beta4/dataframe-core-1.0.0-Beta4.jar' CREATED, '/home/codespace/.cache/JetBrains/Amper/.m2.cache/org/jetbrains/kotlinx/dataframe-arrow/1.0.0-Beta4/dataframe-arrow-1.0.0-Beta4.jar' CREATED, '/home/codespace/.cache/JetBrains/Amper/.m2.cache/org/jetbrains/kotlinx/dataframe-excel/1.0.0-Beta4/dataframe-excel-1.0.0-Beta4.jar' CREATED, '/home/codespace/.cache/JetBrains/Amper/.m2.cache/org/jetbrains/kotlinx/dataframe-jdbc/1.0.0-Beta4/dataframe-jdbc-1.0.0-Beta4.jar' CREATED, '/home/codespace/.cache/JetBrains/Amper/.m2.cache/org/jetbrains/kotlinx/dataframe-csv/1.0.0-Beta4/dataframe-csv-1.0.0-Beta4.jar' CREATED, '/home/codespace/.cache/JetBrains/Amper/.m2.cache/org/jetbrains/kotlinx/dataframe-json/1.0.0-Beta4/dataframe-json-1.0.0-Beta4.jar' CREATED, '/home/codespace/.cache/JetBrains/Amper/.m2.cache/org/jetbrains/kotlin/kotlin-reflect/2.2.21/kotlin-reflect-2.2.21.jar' CREATED, '/home/codespace/.cache/JetBrains/Amper/.m2.cache/org/apache/commons/commons-csv/1.14.1/commons-csv-1.14.1.jar' CREATED, '/home/codespace/.cache/JetBrains/Amper/.m2.cache/org/jetbrains/kotlinx/kotlinx-datetime-jvm/0.7.1-0.6.x-compat/kotlinx-datetime-jvm-0.7.1-0.6.x-compat.jar' CREATED, '/home/codespace/.cache/JetBrains/Amper/.m2.cache/org/apache/poi/poi/5.5.0/poi-5.5.0.jar' CREATED, '/home/codespace/.cache/JetBrains/Amper/.m2.cache/io/deephaven/deephaven-csv/0.18.0/deephaven-csv-0.18.0.jar' CREATED, '/home/codespace/.cache/JetBrains/Amper/.m2.cache/commons-io/commons-io/2.20.0/commons-io-2.20.0.jar' CREATED, '/home/codespace/.cache/JetBrains/Amper/.m2.cache/ch/randelshofer/fastdoubleparser/2.0.1/fastdoubleparser-2.0.1.jar' CREATED, '/home/codespace/.cache/JetBrains/Amper/.m2.cache/org/apache/arrow/arrow-vector/18.3.0/arrow-vector-18.3.0.jar' CREATED, '/home/codespace/.cache/JetBrains/Amper/.m2.cache/org/apache/arrow/arrow-format/18.3.0/arrow-format-18.3.0.jar' CREATED, '/home/codespace/.cache/JetBrains/Amper/.m2.cache/org/apache/arrow/arrow-memory-unsafe/18.3.0/arrow-memory-unsafe-18.3.0.jar' CREATED, '/home/codespace/.cache/JetBrains/Amper/.m2.cache/org/apache/arrow/arrow-dataset/18.3.0/arrow-dataset-18.3.0.jar' CREATED, '/home/codespace/.cache/JetBrains/Amper/.m2.cache/org/apache/commons/commons-compress/1.28.0/commons-compress-1.28.0.jar' CREATED, '/home/codespace/.cache/JetBrains/Amper/.m2.cache/org/apache/poi/poi-ooxml/5.5.0/poi-ooxml-5.5.0.jar' CREATED, '/home/codespace/.cache/JetBrains/Amper/.m2.cache/commons-codec/commons-codec/1.19.0/commons-codec-1.19.0.jar' CREATED, '/home/codespace/.cache/JetBrains/Amper/.m2.cache/org/apache/commons/commons-collections4/4.5.0/commons-collections4-4.5.0.jar' CREATED, '/home/codespace/.cache/JetBrains/Amper/.m2.cache/org/apache/commons/commons-math3/3.6.1/commons-math3-3.6.1.jar' CREATED, '/home/codespace/.cache/JetBrains/Amper/.m2.cache/com/zaxxer/SparseBitSet/1.3/SparseBitSet-1.3.jar' CREATED, '/home/codespace/.cache/JetBrains/Amper/.m2.cache/org/apache/logging/log4j/log4j-api/2.24.3/log4j-api-2.24.3.jar' CREATED, '/home/codespace/.cache/JetBrains/Amper/.m2.cache/com/squareup/kotlinpoet-jvm/2.2.0/kotlinpoet-jvm-2.2.0.jar' CREATED, '/home/codespace/.cache/JetBrains/Amper/.m2.cache/io/github/oshai/kotlin-logging-jvm/7.0.13/kotlin-logging-jvm-7.0.13.jar' CREATED, '/home/codespace/.cache/JetBrains/Amper/.m2.cache/org/apache/arrow/arrow-memory-core/18.3.0/arrow-memory-core-18.3.0.jar' CREATED, '/home/codespace/.cache/JetBrains/Amper/.m2.cache/com/fasterxml/jackson/core/jackson-core/2.18.3/jackson-core-2.18.3.jar' CREATED, '/home/codespace/.cache/JetBrains/Amper/.m2.cache/com/fasterxml/jackson/core/jackson-annotations/2.18.3/jackson-annotations-2.18.3.jar' CREATED, '/home/codespace/.cache/JetBrains/Amper/.m2.cache/com/fasterxml/jackson/core/jackson-databind/2.18.3/jackson-databind-2.18.3.jar' CREATED, '/home/codespace/.cache/JetBrains/Amper/.m2.cache/com/fasterxml/jackson/datatype/jackson-datatype-jsr310/2.18.3/jackson-datatype-jsr310-2.18.3.jar' CREATED, '/home/codespace/.cache/JetBrains/Amper/.m2.cache/com/google/flatbuffers/flatbuffers-java/25.2.10/flatbuffers-java-25.2.10.jar' CREATED, '/home/codespace/.cache/JetBrains/Amper/.m2.cache/org/apache/arrow/arrow-c-data/18.3.0/arrow-c-data-18.3.0.jar' CREATED, '/home/codespace/.cache/JetBrains/Amper/.m2.cache/org/apache/commons/commons-lang3/3.18.0/commons-lang3-3.18.0.jar' CREATED, '/home/codespace/.cache/JetBrains/Amper/.m2.cache/org/apache/poi/poi-ooxml-lite/5.5.0/poi-ooxml-lite-5.5.0.jar' CREATED, '/home/codespace/.cache/JetBrains/Amper/.m2.cache/org/apache/xmlbeans/xmlbeans/5.3.0/xmlbeans-5.3.0.jar' CREATED, '/home/codespace/.cache/JetBrains/Amper/.m2.cache/com/github/virtuald/curvesapi/1.08/curvesapi-1.08.jar' CREATED, '/home/codespace/.cache/JetBrains/Amper/.m2.cache/org/jetbrains/kotlinx/kotlinx-serialization-core-jvm/1.9.0/kotlinx-serialization-core-jvm-1.9.0.jar' CREATED, '/home/codespace/.cache/JetBrains/Amper/.m2.cache/org/jetbrains/kotlinx/kotlinx-serialization-json-jvm/1.9.0/kotlinx-serialization-json-jvm-1.9.0.jar' CREATED
00:26.000 DEBUG :Library-book-search:resolveDependenciesJvm IncrementalCache          [inc] finished ':Library-book-search:resolveDependenciesJvm' in 22.315796483s
00:26.014 DEBUG :Library-book-search:resolveDependenciesJvm IncrementalCache          [inc] ':Library-book-search:resolveDependenciesJvm' changes: '/home/codespace/.cache/JetBrains/Amper/.m2.cache/org/jetbrains/kotlin/kotlin-reflect/2.1.21/kotlin-reflect-2.1.21.jar' DELETED, '/home/codespace/.cache/JetBrains/Amper/.m2.cache/org/jetbrains/kotlinx/kotlinx-serialization-core-jvm/1.8.1/kotlinx-serialization-core-jvm-1.8.1.jar' DELETED, '/home/codespace/.cache/JetBrains/Amper/.m2.cache/ch/randelshofer/fastdoubleparser/2.0.1/fastdoubleparser-2.0.1.jar' CREATED, '/home/codespace/.cache/JetBrains/Amper/.m2.cache/com/fasterxml/jackson/core/jackson-annotations/2.18.3/jackson-annotations-2.18.3.jar' CREATED, '/home/codespace/.cache/JetBrains/Amper/.m2.cache/com/fasterxml/jackson/core/jackson-core/2.18.3/jackson-core-2.18.3.jar' CREATED, '/home/codespace/.cache/JetBrains/Amper/.m2.cache/com/fasterxml/jackson/core/jackson-databind/2.18.3/jackson-databind-2.18.3.jar' CREATED, '/home/codespace/.cache/JetBrains/Amper/.m2.cache/com/fasterxml/jackson/datatype/jackson-datatype-jsr310/2.18.3/jackson-datatype-jsr310-2.18.3.jar' CREATED, '/home/codespace/.cache/JetBrains/Amper/.m2.cache/com/github/virtuald/curvesapi/1.08/curvesapi-1.08.jar' CREATED, '/home/codespace/.cache/JetBrains/Amper/.m2.cache/com/google/flatbuffers/flatbuffers-java/25.2.10/flatbuffers-java-25.2.10.jar' CREATED, '/home/codespace/.cache/JetBrains/Amper/.m2.cache/com/squareup/kotlinpoet-jvm/2.2.0/kotlinpoet-jvm-2.2.0.jar' CREATED, '/home/codespace/.cache/JetBrains/Amper/.m2.cache/com/zaxxer/SparseBitSet/1.3/SparseBitSet-1.3.jar' CREATED, '/home/codespace/.cache/JetBrains/Amper/.m2.cache/commons-codec/commons-codec/1.19.0/commons-codec-1.19.0.jar' CREATED, '/home/codespace/.cache/JetBrains/Amper/.m2.cache/commons-io/commons-io/2.20.0/commons-io-2.20.0.jar' CREATED, '/home/codespace/.cache/JetBrains/Amper/.m2.cache/io/deephaven/deephaven-csv/0.18.0/deephaven-csv-0.18.0.jar' CREATED, '/home/codespace/.cache/JetBrains/Amper/.m2.cache/io/github/oshai/kotlin-logging-jvm/7.0.13/kotlin-logging-jvm-7.0.13.jar' CREATED, '/home/codespace/.cache/JetBrains/Amper/.m2.cache/org/apache/arrow/arrow-c-data/18.3.0/arrow-c-data-18.3.0.jar' CREATED, '/home/codespace/.cache/JetBrains/Amper/.m2.cache/org/apache/arrow/arrow-dataset/18.3.0/arrow-dataset-18.3.0.jar' CREATED, '/home/codespace/.cache/JetBrains/Amper/.m2.cache/org/apache/arrow/arrow-format/18.3.0/arrow-format-18.3.0.jar' CREATED, '/home/codespace/.cache/JetBrains/Amper/.m2.cache/org/apache/arrow/arrow-memory-core/18.3.0/arrow-memory-core-18.3.0.jar' CREATED, '/home/codespace/.cache/JetBrains/Amper/.m2.cache/org/apache/arrow/arrow-memory-unsafe/18.3.0/arrow-memory-unsafe-18.3.0.jar' CREATED, '/home/codespace/.cache/JetBrains/Amper/.m2.cache/org/apache/arrow/arrow-vector/18.3.0/arrow-vector-18.3.0.jar' CREATED, '/home/codespace/.cache/JetBrains/Amper/.m2.cache/org/apache/commons/commons-collections4/4.5.0/commons-collections4-4.5.0.jar' CREATED, '/home/codespace/.cache/JetBrains/Amper/.m2.cache/org/apache/commons/commons-compress/1.28.0/commons-compress-1.28.0.jar' CREATED, '/home/codespace/.cache/JetBrains/Amper/.m2.cache/org/apache/commons/commons-csv/1.14.1/commons-csv-1.14.1.jar' CREATED, '/home/codespace/.cache/JetBrains/Amper/.m2.cache/org/apache/commons/commons-lang3/3.18.0/commons-lang3-3.18.0.jar' CREATED, '/home/codespace/.cache/JetBrains/Amper/.m2.cache/org/apache/commons/commons-math3/3.6.1/commons-math3-3.6.1.jar' CREATED, '/home/codespace/.cache/JetBrains/Amper/.m2.cache/org/apache/logging/log4j/log4j-api/2.24.3/log4j-api-2.24.3.jar' CREATED, '/home/codespace/.cache/JetBrains/Amper/.m2.cache/org/apache/poi/poi-ooxml-lite/5.5.0/poi-ooxml-lite-5.5.0.jar' CREATED, '/home/codespace/.cache/JetBrains/Amper/.m2.cache/org/apache/poi/poi-ooxml/5.5.0/poi-ooxml-5.5.0.jar' CREATED, '/home/codespace/.cache/JetBrains/Amper/.m2.cache/org/apache/poi/poi/5.5.0/poi-5.5.0.jar' CREATED, '/home/codespace/.cache/JetBrains/Amper/.m2.cache/org/apache/xmlbeans/xmlbeans/5.3.0/xmlbeans-5.3.0.jar' CREATED, '/home/codespace/.cache/JetBrains/Amper/.m2.cache/org/jetbrains/kotlin/kotlin-reflect/2.2.21/kotlin-reflect-2.2.21.jar' CREATED, '/home/codespace/.cache/JetBrains/Amper/.m2.cache/org/jetbrains/kotlinx/dataframe-arrow/1.0.0-Beta4/dataframe-arrow-1.0.0-Beta4.jar' CREATED, '/home/codespace/.cache/JetBrains/Amper/.m2.cache/org/jetbrains/kotlinx/dataframe-core/1.0.0-Beta4/dataframe-core-1.0.0-Beta4.jar' CREATED, '/home/codespace/.cache/JetBrains/Amper/.m2.cache/org/jetbrains/kotlinx/dataframe-csv/1.0.0-Beta4/dataframe-csv-1.0.0-Beta4.jar' CREATED, '/home/codespace/.cache/JetBrains/Amper/.m2.cache/org/jetbrains/kotlinx/dataframe-excel/1.0.0-Beta4/dataframe-excel-1.0.0-Beta4.jar' CREATED, '/home/codespace/.cache/JetBrains/Amper/.m2.cache/org/jetbrains/kotlinx/dataframe-jdbc/1.0.0-Beta4/dataframe-jdbc-1.0.0-Beta4.jar' CREATED, '/home/codespace/.cache/JetBrains/Amper/.m2.cache/org/jetbrains/kotlinx/dataframe-json/1.0.0-Beta4/dataframe-json-1.0.0-Beta4.jar' CREATED, '/home/codespace/.cache/JetBrains/Amper/.m2.cache/org/jetbrains/kotlinx/dataframe/1.0.0-Beta4/dataframe-1.0.0-Beta4.jar' CREATED, '/home/codespace/.cache/JetBrains/Amper/.m2.cache/org/jetbrains/kotlinx/kotlinx-datetime-jvm/0.7.1-0.6.x-compat/kotlinx-datetime-jvm-0.7.1-0.6.x-compat.jar' CREATED, '/home/codespace/.cache/JetBrains/Amper/.m2.cache/org/jetbrains/kotlinx/kotlinx-serialization-core-jvm/1.9.0/kotlinx-serialization-core-jvm-1.9.0.jar' CREATED, '/home/codespace/.cache/JetBrains/Amper/.m2.cache/org/jetbrains/kotlinx/kotlinx-serialization-json-jvm/1.9.0/kotlinx-serialization-json-jvm-1.9.0.jar' CREATED
00:26.019 DEBUG :Library-book-search:resolveDependenciesJvm ResolveExternalDependenciesTask resolve dependencies Library-book-search -- main -- io.ktor:ktor-bom:3.2.3 io.ktor:ktor-server-core:3.2.3 io.ktor:ktor-server-html-builder:3.2.3 io.ktor:ktor-server-netty:3.2.3 io.ktor:ktor-server-status-pages:3.2.3 org.jetbrains.kotlin:kotlin-stdlib:2.2.21 org.jetbrains.kotlinx:dataframe:1.0.0-Beta4 -- resolvePlatform=JVM nativeTarget=null
wasmTarget=null
https://repo1.maven.org/maven2 https://maven.google.com https://maven.pkg.jetbrains.space/public/p/compose/dev resolved to:
  .m2.cache/org/jetbrains/kotlinx/dataframe/1.0.0-Beta4/dataframe-1.0.0-Beta4.jar
  .m2.cache/org/jetbrains/kotlin/kotlin-stdlib/2.2.21/kotlin-stdlib-2.2.21.jar
  .m2.cache/io/ktor/ktor-server-core-jvm/3.2.3/ktor-server-core-jvm-3.2.3.jar
  .m2.cache/io/ktor/ktor-server-status-pages-jvm/3.2.3/ktor-server-status-pages-jvm-3.2.3.jar
  .m2.cache/io/ktor/ktor-server-html-builder-jvm/3.2.3/ktor-server-html-builder-jvm-3.2.3.jar
  .m2.cache/io/ktor/ktor-server-netty-jvm/3.2.3/ktor-server-netty-jvm-3.2.3.jar
  .m2.cache/org/jetbrains/kotlinx/dataframe-core/1.0.0-Beta4/dataframe-core-1.0.0-Beta4.jar
  .m2.cache/org/jetbrains/kotlinx/dataframe-arrow/1.0.0-Beta4/dataframe-arrow-1.0.0-Beta4.jar
  .m2.cache/org/jetbrains/kotlinx/dataframe-excel/1.0.0-Beta4/dataframe-excel-1.0.0-Beta4.jar
  .m2.cache/org/jetbrains/kotlinx/dataframe-jdbc/1.0.0-Beta4/dataframe-jdbc-1.0.0-Beta4.jar
  .m2.cache/org/jetbrains/kotlinx/dataframe-csv/1.0.0-Beta4/dataframe-csv-1.0.0-Beta4.jar
  .m2.cache/org/jetbrains/kotlinx/dataframe-json/1.0.0-Beta4/dataframe-json-1.0.0-Beta4.jar
  .m2.cache/org/jetbrains/annotations/23.0.0/annotations-23.0.0.jar
  .m2.cache/org/slf4j/slf4j-api/2.0.17/slf4j-api-2.0.17.jar
  .m2.cache/com/typesafe/config/1.4.3/config-1.4.3.jar
  .m2.cache/org/jetbrains/kotlin/kotlin-reflect/2.2.21/kotlin-reflect-2.2.21.jar
  .m2.cache/io/netty/netty-codec-http2/4.2.2.Final/netty-codec-http2-4.2.2.Final.jar
  .m2.cache/org/eclipse/jetty/alpn/alpn-api/1.1.3.v20160715/alpn-api-1.1.3.v20160715.jar
  .m2.cache/io/netty/netty-transport-native-kqueue/4.2.2.Final/netty-transport-native-kqueue-4.2.2.Final.jar
  .m2.cache/io/netty/netty-transport-native-epoll/4.2.2.Final/netty-transport-native-epoll-4.2.2.Final.jar
  .m2.cache/org/apache/commons/commons-csv/1.14.1/commons-csv-1.14.1.jar
  .m2.cache/org/jetbrains/kotlinx/kotlinx-datetime-jvm/0.7.1-0.6.x-compat/kotlinx-datetime-jvm-0.7.1-0.6.x-compat.jar
  .m2.cache/org/apache/poi/poi/5.5.0/poi-5.5.0.jar
  .m2.cache/io/deephaven/deephaven-csv/0.18.0/deephaven-csv-0.18.0.jar
  .m2.cache/org/jetbrains/kotlinx/kotlinx-coroutines-core-jvm/1.10.2/kotlinx-coroutines-core-jvm-1.10.2.jar
  .m2.cache/io/ktor/ktor-utils-jvm/3.2.3/ktor-utils-jvm-3.2.3.jar
  .m2.cache/io/ktor/ktor-http-jvm/3.2.3/ktor-http-jvm-3.2.3.jar
  .m2.cache/io/ktor/ktor-serialization-jvm/3.2.3/ktor-serialization-jvm-3.2.3.jar
  .m2.cache/io/ktor/ktor-events-jvm/3.2.3/ktor-events-jvm-3.2.3.jar
  .m2.cache/io/ktor/ktor-http-cio-jvm/3.2.3/ktor-http-cio-jvm-3.2.3.jar
  .m2.cache/io/ktor/ktor-websockets-jvm/3.2.3/ktor-websockets-jvm-3.2.3.jar
  .m2.cache/org/jetbrains/kotlinx/kotlinx-html-jvm/0.12.0/kotlinx-html-jvm-0.12.0.jar
  .m2.cache/io/netty/netty-common/4.2.2.Final/netty-common-4.2.2.Final.jar
  .m2.cache/io/netty/netty-buffer/4.2.2.Final/netty-buffer-4.2.2.Final.jar
  .m2.cache/io/netty/netty-transport/4.2.2.Final/netty-transport-4.2.2.Final.jar
  .m2.cache/io/netty/netty-codec-base/4.2.2.Final/netty-codec-base-4.2.2.Final.jar
  .m2.cache/io/netty/netty-handler/4.2.2.Final/netty-handler-4.2.2.Final.jar
  .m2.cache/io/netty/netty-codec-http/4.2.2.Final/netty-codec-http-4.2.2.Final.jar
  .m2.cache/io/netty/netty-transport-native-unix-common/4.2.2.Final/netty-transport-native-unix-common-4.2.2.Final.jar
  .m2.cache/io/netty/netty-transport-classes-kqueue/4.2.2.Final/netty-transport-classes-kqueue-4.2.2.Final.jar
  .m2.cache/io/netty/netty-transport-classes-epoll/4.2.2.Final/netty-transport-classes-epoll-4.2.2.Final.jar
  .m2.cache/commons-io/commons-io/2.20.0/commons-io-2.20.0.jar
  .m2.cache/commons-codec/commons-codec/1.19.0/commons-codec-1.19.0.jar
  .m2.cache/org/apache/commons/commons-collections4/4.5.0/commons-collections4-4.5.0.jar
  .m2.cache/org/apache/commons/commons-math3/3.6.1/commons-math3-3.6.1.jar
  .m2.cache/com/zaxxer/SparseBitSet/1.3/SparseBitSet-1.3.jar
  .m2.cache/org/apache/logging/log4j/log4j-api/2.24.3/log4j-api-2.24.3.jar
  .m2.cache/io/netty/netty-resolver/4.2.2.Final/netty-resolver-4.2.2.Final.jar
  .m2.cache/io/netty/netty-codec-compression/4.2.2.Final/netty-codec-compression-4.2.2.Final.jar
  .m2.cache/io/ktor/ktor-io-jvm/3.2.3/ktor-io-jvm-3.2.3.jar
  .m2.cache/org/jetbrains/kotlinx/kotlinx-serialization-core-jvm/1.9.0/kotlinx-serialization-core-jvm-1.9.0.jar
  .m2.cache/io/ktor/ktor-network-jvm/3.2.3/ktor-network-jvm-3.2.3.jar
  .m2.cache/org/jetbrains/kotlinx/kotlinx-io-core-jvm/0.7.0/kotlinx-io-core-jvm-0.7.0.jar
  .m2.cache/org/jetbrains/kotlinx/kotlinx-io-bytestring-jvm/0.7.0/kotlinx-io-bytestring-jvm-0.7.0.jar
00:26.022 DEBUG :Library-book-search:compileJvm JvmCompileTask            compile Library-book-search -- main
00:26.183 DEBUG :Library-book-search:compileJvm ExtractKt                 Skipping extract to /home/codespace/.cache/JetBrains/Amper/extract.cache/b1fa834a91-amazon-corretto-21.0.1.12.1-linux-x64.tar.gz.720fe1.d since flag file /home/codespace/.cache/JetBrains/Amper/extract.cache/b1fa834a91-amazon-corretto-21.0.1.12.1-linux-x64.tar.gz.720fe1.d.flag is correct
00:26.197 DEBUG :Library-book-search:compileJvm IncrementalCache          [inc] Input files list doesn't match recorded state in '/workspaces/2850MiniProject/Library-book-search/build/incremental.state/_Library-book-search_compileJvm-82625c0ce7' -> rebuilding
  old: [/home/codespace/.cache/JetBrains/Amper/.m2.cache/com/typesafe/config/1.4.3/config-1.4.3.jar, /home/codespace/.cache/JetBrains/Amper/.m2.cache/io/ktor/ktor-events-jvm/3.2.3/ktor-events-jvm-3.2.3.jar, /home/codespace/.cache/JetBrains/Amper/.m2.cache/io/ktor/ktor-http-cio-jvm/3.2.3/ktor-http-cio-jvm-3.2.3.jar, /home/codespace/.cache/JetBrains/Amper/.m2.cache/io/ktor/ktor-http-jvm/3.2.3/ktor-http-jvm-3.2.3.jar, /home/codespace/.cache/JetBrains/Amper/.m2.cache/io/ktor/ktor-io-jvm/3.2.3/ktor-io-jvm-3.2.3.jar, /home/codespace/.cache/JetBrains/Amper/.m2.cache/io/ktor/ktor-network-jvm/3.2.3/ktor-network-jvm-3.2.3.jar, /home/codespace/.cache/JetBrains/Amper/.m2.cache/io/ktor/ktor-serialization-jvm/3.2.3/ktor-serialization-jvm-3.2.3.jar, /home/codespace/.cache/JetBrains/Amper/.m2.cache/io/ktor/ktor-server-core-jvm/3.2.3/ktor-server-core-jvm-3.2.3.jar, /home/codespace/.cache/JetBrains/Amper/.m2.cache/io/ktor/ktor-server-html-builder-jvm/3.2.3/ktor-server-html-builder-jvm-3.2.3.jar, /home/codespace/.cache/JetBrains/Amper/.m2.cache/io/ktor/ktor-server-netty-jvm/3.2.3/ktor-server-netty-jvm-3.2.3.jar, /home/codespace/.cache/JetBrains/Amper/.m2.cache/io/ktor/ktor-server-status-pages-jvm/3.2.3/ktor-server-status-pages-jvm-3.2.3.jar, /home/codespace/.cache/JetBrains/Amper/.m2.cache/io/ktor/ktor-utils-jvm/3.2.3/ktor-utils-jvm-3.2.3.jar, /home/codespace/.cache/JetBrains/Amper/.m2.cache/io/ktor/ktor-websockets-jvm/3.2.3/ktor-websockets-jvm-3.2.3.jar, /home/codespace/.cache/JetBrains/Amper/.m2.cache/io/netty/netty-buffer/4.2.2.Final/netty-buffer-4.2.2.Final.jar, /home/codespace/.cache/JetBrains/Amper/.m2.cache/io/netty/netty-codec-base/4.2.2.Final/netty-codec-base-4.2.2.Final.jar, /home/codespace/.cache/JetBrains/Amper/.m2.cache/io/netty/netty-codec-compression/4.2.2.Final/netty-codec-compression-4.2.2.Final.jar, /home/codespace/.cache/JetBrains/Amper/.m2.cache/io/netty/netty-codec-http/4.2.2.Final/netty-codec-http-4.2.2.Final.jar, /home/codespace/.cache/JetBrains/Amper/.m2.cache/io/netty/netty-codec-http2/4.2.2.Final/netty-codec-http2-4.2.2.Final.jar, /home/codespace/.cache/JetBrains/Amper/.m2.cache/io/netty/netty-common/4.2.2.Final/netty-common-4.2.2.Final.jar, /home/codespace/.cache/JetBrains/Amper/.m2.cache/io/netty/netty-handler/4.2.2.Final/netty-handler-4.2.2.Final.jar, /home/codespace/.cache/JetBrains/Amper/.m2.cache/io/netty/netty-resolver/4.2.2.Final/netty-resolver-4.2.2.Final.jar, /home/codespace/.cache/JetBrains/Amper/.m2.cache/io/netty/netty-transport-classes-epoll/4.2.2.Final/netty-transport-classes-epoll-4.2.2.Final.jar, /home/codespace/.cache/JetBrains/Amper/.m2.cache/io/netty/netty-transport-classes-kqueue/4.2.2.Final/netty-transport-classes-kqueue-4.2.2.Final.jar, /home/codespace/.cache/JetBrains/Amper/.m2.cache/io/netty/netty-transport-native-epoll/4.2.2.Final/netty-transport-native-epoll-4.2.2.Final.jar, /home/codespace/.cache/JetBrains/Amper/.m2.cache/io/netty/netty-transport-native-kqueue/4.2.2.Final/netty-transport-native-kqueue-4.2.2.Final.jar, /home/codespace/.cache/JetBrains/Amper/.m2.cache/io/netty/netty-transport-native-unix-common/4.2.2.Final/netty-transport-native-unix-common-4.2.2.Final.jar, /home/codespace/.cache/JetBrains/Amper/.m2.cache/io/netty/netty-transport/4.2.2.Final/netty-transport-4.2.2.Final.jar, /home/codespace/.cache/JetBrains/Amper/.m2.cache/org/eclipse/jetty/alpn/alpn-api/1.1.3.v20160715/alpn-api-1.1.3.v20160715.jar, /home/codespace/.cache/JetBrains/Amper/.m2.cache/org/jetbrains/annotations/23.0.0/annotations-23.0.0.jar, /home/codespace/.cache/JetBrains/Amper/.m2.cache/org/jetbrains/kotlin/kotlin-reflect/2.1.21/kotlin-reflect-2.1.21.jar, /home/codespace/.cache/JetBrains/Amper/.m2.cache/org/jetbrains/kotlin/kotlin-stdlib/2.2.21/kotlin-stdlib-2.2.21.jar, /home/codespace/.cache/JetBrains/Amper/.m2.cache/org/jetbrains/kotlinx/kotlinx-coroutines-core-jvm/1.10.2/kotlinx-coroutines-core-jvm-1.10.2.jar, /home/codespace/.cache/JetBrains/Amper/.m2.cache/org/jetbrains/kotlinx/kotlinx-html-jvm/0.12.0/kotlinx-html-jvm-0.12.0.jar, /home/codespace/.cache/JetBrains/Amper/.m2.cache/org/jetbrains/kotlinx/kotlinx-io-bytestring-jvm/0.7.0/kotlinx-io-bytestring-jvm-0.7.0.jar, /home/codespace/.cache/JetBrains/Amper/.m2.cache/org/jetbrains/kotlinx/kotlinx-io-core-jvm/0.7.0/kotlinx-io-core-jvm-0.7.0.jar, /home/codespace/.cache/JetBrains/Amper/.m2.cache/org/jetbrains/kotlinx/kotlinx-serialization-core-jvm/1.8.1/kotlinx-serialization-core-jvm-1.8.1.jar, /home/codespace/.cache/JetBrains/Amper/.m2.cache/org/slf4j/slf4j-api/2.0.17/slf4j-api-2.0.17.jar, /workspaces/2850MiniProject/Library-book-search/resources, /workspaces/2850MiniProject/Library-book-search/src]
  new: [/home/codespace/.cache/JetBrains/Amper/.m2.cache/com/typesafe/config/1.4.3/config-1.4.3.jar, /home/codespace/.cache/JetBrains/Amper/.m2.cache/com/zaxxer/SparseBitSet/1.3/SparseBitSet-1.3.jar, /home/codespace/.cache/JetBrains/Amper/.m2.cache/commons-codec/commons-codec/1.19.0/commons-codec-1.19.0.jar, /home/codespace/.cache/JetBrains/Amper/.m2.cache/commons-io/commons-io/2.20.0/commons-io-2.20.0.jar, /home/codespace/.cache/JetBrains/Amper/.m2.cache/io/deephaven/deephaven-csv/0.18.0/deephaven-csv-0.18.0.jar, /home/codespace/.cache/JetBrains/Amper/.m2.cache/io/ktor/ktor-events-jvm/3.2.3/ktor-events-jvm-3.2.3.jar, /home/codespace/.cache/JetBrains/Amper/.m2.cache/io/ktor/ktor-http-cio-jvm/3.2.3/ktor-http-cio-jvm-3.2.3.jar, /home/codespace/.cache/JetBrains/Amper/.m2.cache/io/ktor/ktor-http-jvm/3.2.3/ktor-http-jvm-3.2.3.jar, /home/codespace/.cache/JetBrains/Amper/.m2.cache/io/ktor/ktor-io-jvm/3.2.3/ktor-io-jvm-3.2.3.jar, /home/codespace/.cache/JetBrains/Amper/.m2.cache/io/ktor/ktor-network-jvm/3.2.3/ktor-network-jvm-3.2.3.jar, /home/codespace/.cache/JetBrains/Amper/.m2.cache/io/ktor/ktor-serialization-jvm/3.2.3/ktor-serialization-jvm-3.2.3.jar, /home/codespace/.cache/JetBrains/Amper/.m2.cache/io/ktor/ktor-server-core-jvm/3.2.3/ktor-server-core-jvm-3.2.3.jar, /home/codespace/.cache/JetBrains/Amper/.m2.cache/io/ktor/ktor-server-html-builder-jvm/3.2.3/ktor-server-html-builder-jvm-3.2.3.jar, /home/codespace/.cache/JetBrains/Amper/.m2.cache/io/ktor/ktor-server-netty-jvm/3.2.3/ktor-server-netty-jvm-3.2.3.jar, /home/codespace/.cache/JetBrains/Amper/.m2.cache/io/ktor/ktor-server-status-pages-jvm/3.2.3/ktor-server-status-pages-jvm-3.2.3.jar, /home/codespace/.cache/JetBrains/Amper/.m2.cache/io/ktor/ktor-utils-jvm/3.2.3/ktor-utils-jvm-3.2.3.jar, /home/codespace/.cache/JetBrains/Amper/.m2.cache/io/ktor/ktor-websockets-jvm/3.2.3/ktor-websockets-jvm-3.2.3.jar, /home/codespace/.cache/JetBrains/Amper/.m2.cache/io/netty/netty-buffer/4.2.2.Final/netty-buffer-4.2.2.Final.jar, /home/codespace/.cache/JetBrains/Amper/.m2.cache/io/netty/netty-codec-base/4.2.2.Final/netty-codec-base-4.2.2.Final.jar, /home/codespace/.cache/JetBrains/Amper/.m2.cache/io/netty/netty-codec-compression/4.2.2.Final/netty-codec-compression-4.2.2.Final.jar, /home/codespace/.cache/JetBrains/Amper/.m2.cache/io/netty/netty-codec-http/4.2.2.Final/netty-codec-http-4.2.2.Final.jar, /home/codespace/.cache/JetBrains/Amper/.m2.cache/io/netty/netty-codec-http2/4.2.2.Final/netty-codec-http2-4.2.2.Final.jar, /home/codespace/.cache/JetBrains/Amper/.m2.cache/io/netty/netty-common/4.2.2.Final/netty-common-4.2.2.Final.jar, /home/codespace/.cache/JetBrains/Amper/.m2.cache/io/netty/netty-handler/4.2.2.Final/netty-handler-4.2.2.Final.jar, /home/codespace/.cache/JetBrains/Amper/.m2.cache/io/netty/netty-resolver/4.2.2.Final/netty-resolver-4.2.2.Final.jar, /home/codespace/.cache/JetBrains/Amper/.m2.cache/io/netty/netty-transport-classes-epoll/4.2.2.Final/netty-transport-classes-epoll-4.2.2.Final.jar, /home/codespace/.cache/JetBrains/Amper/.m2.cache/io/netty/netty-transport-classes-kqueue/4.2.2.Final/netty-transport-classes-kqueue-4.2.2.Final.jar, /home/codespace/.cache/JetBrains/Amper/.m2.cache/io/netty/netty-transport-native-epoll/4.2.2.Final/netty-transport-native-epoll-4.2.2.Final.jar, /home/codespace/.cache/JetBrains/Amper/.m2.cache/io/netty/netty-transport-native-kqueue/4.2.2.Final/netty-transport-native-kqueue-4.2.2.Final.jar, /home/codespace/.cache/JetBrains/Amper/.m2.cache/io/netty/netty-transport-native-unix-common/4.2.2.Final/netty-transport-native-unix-common-4.2.2.Final.jar, /home/codespace/.cache/JetBrains/Amper/.m2.cache/io/netty/netty-transport/4.2.2.Final/netty-transport-4.2.2.Final.jar, /home/codespace/.cache/JetBrains/Amper/.m2.cache/org/apache/commons/commons-collections4/4.5.0/commons-collections4-4.5.0.jar, /home/codespace/.cache/JetBrains/Amper/.m2.cache/org/apache/commons/commons-csv/1.14.1/commons-csv-1.14.1.jar, /home/codespace/.cache/JetBrains/Amper/.m2.cache/org/apache/commons/commons-math3/3.6.1/commons-math3-3.6.1.jar, /home/codespace/.cache/JetBrains/Amper/.m2.cache/org/apache/logging/log4j/log4j-api/2.24.3/log4j-api-2.24.3.jar, /home/codespace/.cache/JetBrains/Amper/.m2.cache/org/apache/poi/poi/5.5.0/poi-5.5.0.jar, /home/codespace/.cache/JetBrains/Amper/.m2.cache/org/eclipse/jetty/alpn/alpn-api/1.1.3.v20160715/alpn-api-1.1.3.v20160715.jar, /home/codespace/.cache/JetBrains/Amper/.m2.cache/org/jetbrains/annotations/23.0.0/annotations-23.0.0.jar, /home/codespace/.cache/JetBrains/Amper/.m2.cache/org/jetbrains/kotlin/kotlin-reflect/2.2.21/kotlin-reflect-2.2.21.jar, /home/codespace/.cache/JetBrains/Amper/.m2.cache/org/jetbrains/kotlin/kotlin-stdlib/2.2.21/kotlin-stdlib-2.2.21.jar, /home/codespace/.cache/JetBrains/Amper/.m2.cache/org/jetbrains/kotlinx/dataframe-arrow/1.0.0-Beta4/dataframe-arrow-1.0.0-Beta4.jar, /home/codespace/.cache/JetBrains/Amper/.m2.cache/org/jetbrains/kotlinx/dataframe-core/1.0.0-Beta4/dataframe-core-1.0.0-Beta4.jar, /home/codespace/.cache/JetBrains/Amper/.m2.cache/org/jetbrains/kotlinx/dataframe-csv/1.0.0-Beta4/dataframe-csv-1.0.0-Beta4.jar, /home/codespace/.cache/JetBrains/Amper/.m2.cache/org/jetbrains/kotlinx/dataframe-excel/1.0.0-Beta4/dataframe-excel-1.0.0-Beta4.jar, /home/codespace/.cache/JetBrains/Amper/.m2.cache/org/jetbrains/kotlinx/dataframe-jdbc/1.0.0-Beta4/dataframe-jdbc-1.0.0-Beta4.jar, /home/codespace/.cache/JetBrains/Amper/.m2.cache/org/jetbrains/kotlinx/dataframe-json/1.0.0-Beta4/dataframe-json-1.0.0-Beta4.jar, /home/codespace/.cache/JetBrains/Amper/.m2.cache/org/jetbrains/kotlinx/dataframe/1.0.0-Beta4/dataframe-1.0.0-Beta4.jar, /home/codespace/.cache/JetBrains/Amper/.m2.cache/org/jetbrains/kotlinx/kotlinx-coroutines-core-jvm/1.10.2/kotlinx-coroutines-core-jvm-1.10.2.jar, /home/codespace/.cache/JetBrains/Amper/.m2.cache/org/jetbrains/kotlinx/kotlinx-datetime-jvm/0.7.1-0.6.x-compat/kotlinx-datetime-jvm-0.7.1-0.6.x-compat.jar, /home/codespace/.cache/JetBrains/Amper/.m2.cache/org/jetbrains/kotlinx/kotlinx-html-jvm/0.12.0/kotlinx-html-jvm-0.12.0.jar, /home/codespace/.cache/JetBrains/Amper/.m2.cache/org/jetbrains/kotlinx/kotlinx-io-bytestring-jvm/0.7.0/kotlinx-io-bytestring-jvm-0.7.0.jar, /home/codespace/.cache/JetBrains/Amper/.m2.cache/org/jetbrains/kotlinx/kotlinx-io-core-jvm/0.7.0/kotlinx-io-core-jvm-0.7.0.jar, /home/codespace/.cache/JetBrains/Amper/.m2.cache/org/jetbrains/kotlinx/kotlinx-serialization-core-jvm/1.9.0/kotlinx-serialization-core-jvm-1.9.0.jar, /home/codespace/.cache/JetBrains/Amper/.m2.cache/org/slf4j/slf4j-api/2.0.17/slf4j-api-2.0.17.jar, /workspaces/2850MiniProject/Library-book-search/resources, /workspaces/2850MiniProject/Library-book-search/src]
00:26.197 DEBUG :Library-book-search:compileJvm IncrementalCache          [inc] building ':Library-book-search:compileJvm'
00:26.212 DEBUG :Library-book-search:compileJvm IncrementalCache          [inc] up-to-date according to state file at '/workspaces/2850MiniProject/Library-book-search/build/incremental.state/resolve-org.jetbrains.kotlin-kotlin-build-tools-im-439d3d0dbf' in 864.144us
00:26.214 DEBUG :Library-book-search:compileJvm IncrementalCache          [inc] 'resolve-org.jetbrains.kotlin-kotlin-build-tools-impl-2.2.21' is up-to-date
00:26.243 INFO  :Library-book-search:compileJvm JvmCompileTask            Compiling module 'Library-book-search' for platform 'jvm'...
00:26.253 DEBUG :Library-book-search:compileJvm KotlinBuildToolsApiKt     Compiling using the in-process strategy
00:26.535 DEBUG :Library-book-search:compileJvm KotlinBuildToolsApiKt     Using Kotlin home directory <no_path>
00:26.545 DEBUG :Library-book-search:compileJvm KotlinBuildToolsApiKt     Configuring the compilation environment
00:26.685 DEBUG :Library-book-search:compileJvm KotlinBuildToolsApiKt     Using JDK home directory /home/codespace/.cache/JetBrains/Amper/extract.cache/b1fa834a91-amazon-corretto-21.0.1.12.1-linux-x64.tar.gz.720fe1.d
00:28.337 DEBUG :Library-book-search:compileJvm KotlinBuildToolsApiKt     Loading modules: [java.se, jdk.accessibility, jdk.attach, jdk.compiler, jdk.dynalink, jdk.httpserver, jdk.incubator.vector, jdk.jartool, jdk.javadoc, jdk.jconsole, jdk.jdi, jdk.jfr, jdk.jshell, jdk.jsobject, jdk.management, jdk.management.jfr, jdk.net, jdk.nio.mapmode, jdk.sctp, jdk.security.auth, jdk.security.jgss, jdk.unsupported, jdk.unsupported.desktop, jdk.xml.dom, java.base, java.compiler, java.datatransfer, java.desktop, java.xml, java.instrument, java.logging, java.management, java.management.rmi, java.rmi, java.naming, java.net.http, java.prefs, java.scripting, java.security.jgss, java.security.sasl, java.sql, java.transaction.xa, java.sql.rowset, java.xml.crypto, jdk.internal.jvmstat, jdk.internal.opt, jdk.zipfs, jdk.management.agent, jdk.jdwp.agent, jdk.internal.ed, jdk.internal.le]
00:33.702 ERROR :Library-book-search:compileJvm KotlinBuildToolsApiKt     file:///workspaces/2850MiniProject/Library-book-search/src/Application.kt:18:20 Unresolved reference 'DataFrame'.
00:33.737 DEBUG :Library-book-search:compileJvm JvmCompileTask            Kotlin compiler finalization...
